作品ID,作品名,作品名読み,ソート用読み,副題,副題読み,原題,初出,分類番号,文字遣い種別,作品著作権フラグ,公開日,最終更新日,図書カードURL,人物ID,姓,名,姓読み,名読み,姓読みソート用,名読みソート用,姓ローマ字,名ローマ字,役割フラグ,生年月日,没年月日,人物著作権フラグ,底本名1,底本出版社名1,底本初版発行年1,入力に使用した版1,校正に使用した版1,底本の親本名1,底本の親本出版社名1,底本の親本初版発行年1,底本名2,底本出版社名2,底本初版発行年2,入力に使用した版2,校正に使用した版2,底本の親本名2,底本の親本出版社名2,底本の親本初版発行年2,入力者,校正者,テキストファイルURL,テキストファイル最終更新日,テキストファイル符号化方式,テキストファイル文字集合,テキストファイル修正回数,XHTML/HTMLファイルURL,XHTML/HTMLファイル最終更新日,XHTML/HTMLファイル符号化方式,XHTML/HTMLファイル文字集合,XHTML/HTMLファイル修正回数
004872,愛読書の印象,あいどくしょのいんしょう,あいとくしよのいんしよう,,,,「文章倶楽部　第5年第8号」1920（大正9）年8月1日,NDC 019 914,新字旧仮名,なし,2006-03-27,2014-09-18,http://www.aozora.gr.jp/cards/000879/card4872.html,000879,芥川,竜之介,あくたがわ,りゅうのすけ,あくたかわ,りゆうのすけ,Akutagawa,Ryunosuke,著者,1892-03-01,1927-07-24,なし,芥川龍之介全集　第一巻,岩波書店,1996（平成8）年4月8日,1996（平成8）年4月8日,1996（平成8）年4月8日,,,,,,,,,,,,砂場清隆,高柳典子,http://www.aozora.gr.jp/cards/000879/files/4872_ruby_20864.zip,2006-04-05,ShiftJIS,JIS X 0208,1,http://www.aozora.gr.jp/cards/000879/files/4872_21839.html,2006-04-05,ShiftJIS,JIS X 0208,1
000016,秋,あき,あき,,,,「中央公論」1920（大正9）年4月,NDC 913,新字旧仮名,なし,1998-05-20,2014-09-17,http://www.aozora.gr.jp/cards/000879/card16.html,000879,芥川,竜之介,あくたがわ,りゅうのすけ,あくたかわ,りゆうのすけ,Akutagawa,Ryunosuke,著者,1892-03-01,1927-07-24,なし,現代日本文學大系　43　芥川龍之介集,筑摩書房,1968（昭和43）年8月25日,1968（昭和43）年8月25日初版第1刷,,,,,,,,,,,,,j.utiyama,野口英司,http://www.aozora.gr.jp/cards/000879/files/16_ruby_344.zip,2004-02-08,ShiftJIS,JIS X 0208,8,http://www.aozora.gr.jp/cards/000879/files/16_14570.html,2004-02-08,ShiftJIS,JIS X 0208,1
000178,芥川竜之介歌集,あくたがわりゅうのすけかしゅう,あくたかわりゆうのすけかしゆう,,,,,NDC 911,新字旧仮名,なし,1999-07-18,2014-09-17,http://www.aozora.gr.jp/cards/000879/card178.html,000879,芥川,竜之介,あくたがわ,りゅうのすけ,あくたかわ,りゆうのすけ,Akutagawa,Ryunosuke,著者,1892-03-01,1927-07-24,なし,芥川龍之介全集　第一巻,岩波書店,1995（平成7）年11月8日,,,,,,,,,,,,,,もりみつじゅんじ,本木まゆみ,http://www.aozora.gr.jp/cards/000879/files/178_ruby_2210.zip,2004-02-09,ShiftJIS,JIS X 0208,1,http://www.aozora.gr.jp/cards/000879/files/178_14584.html,2004-02-09,ShiftJIS,JIS X 0208,0
000015,アグニの神,アグニのかみ,あくにのかみ,,,,「赤い鳥」1921（大正10）年1、2月,NDC K913,新字旧仮名,なし,1998-12-11,2014-09-17,http://www.aozora.gr.jp/cards/000879/card15.html,000879,芥川,竜之介,あくたがわ,りゅうのすけ,あくたかわ,りゆうのすけ,Akutagawa,Ryunosuke,著者,1892-03-01,1927-07-24,なし,現代日本文學大系　43　芥川龍之介集,筑摩書房,1968（昭和43）年8月25日,1968（昭和43）年8月25日初版第1刷,,,,,,,,,,,,,j.utiyama,かとうかおり,http://www.aozora.gr.jp/cards/000879/files/15_ruby_904.zip,2004-02-09,ShiftJIS,JIS X 0208,2,http://www.aozora.gr.jp/cards/000879/files/15_14583.html,2004-02-09,ShiftJIS,JIS X 0208,0
043014,アグニの神,アグニのかみ,あくにのかみ,,,,「赤い鳥」1921（大正10）年1月、2月,NDC K913,新字新仮名,なし,2005-02-06,2014-09-18,http://www.aozora.gr.jp/cards/000879/card43014.html,000879,芥川,竜之介,あくたがわ,りゅうのすけ,あくたかわ,りゆうのすけ,Akutagawa,Ryunosuke,著者,1892-03-01,1927-07-24,なし,蜘蛛の糸・杜子春,新潮文庫、新潮社,1968（昭和43）年11月15日,1989（平成元）年5月30日46刷,2004（平成16）年6月5日67刷,,,,,,,,,,,,蒋龍,noriko saito,http://www.aozora.gr.jp/cards/000879/files/43014_ruby_17392.zip,2005-01-07,ShiftJIS,JIS X 0208,0,http://www.aozora.gr.jp/cards/000879/files/43014_17430.html,2005-01-07,ShiftJIS,JIS X 0208,0
003804,悪魔,あくま,あくま,,,,,NDC 914,新字旧仮名,なし,2007-07-10,2014-09-21,http://www.aozora.gr.jp/cards/000879/card3804.html,000879,芥川,竜之介,あくたがわ,りゅうのすけ,あくたかわ,りゆうのすけ,Akutagawa,Ryunosuke,著者,1892-03-01,1927-07-24,なし,筑摩全集類聚　芥川龍之介全集第四巻,筑摩書房,1971（昭和46）年6月5日,1979（昭和54）年4月10日初版第11刷,,,,,,,,,,,,,土屋隆,松永正敏,http://www.aozora.gr.jp/cards/000879/files/3804_ruby_27189.zip,2007-06-27,ShiftJIS,JIS X 0208,0,http://www.aozora.gr.jp/cards/000879/files/3804_27277.html,2007-06-27,ShiftJIS,JIS X 0208,0
000021,浅草公園,あさくさこうえん,あさくさこうえん,或シナリオ,あるシナリオ,,,NDC 912,新字新仮名,なし,1999-02-01,2014-09-17,http://www.aozora.gr.jp/cards/000879/card21.html,000879,芥川,竜之介,あくたがわ,りゅうのすけ,あくたかわ,りゆうのすけ,Akutagawa,Ryunosuke,著者,1892-03-01,1927-07-24,なし,芥川龍之介全集6,ちくま文庫、筑摩書房,1987（昭和62）年3月24日,1993（平成5）年2月25日第6刷,,筑摩全集類聚版芥川龍之介全集,筑摩書房,1971（昭和46）年3月～1971（昭和46）年11月,,,,,,,,,j.utiyama,かとうかおり,http://www.aozora.gr.jp/cards/000879/files/21_ruby_1427.zip,2004-03-15,ShiftJIS,JIS X 0208,2,http://www.aozora.gr.jp/cards/000879/files/21_15157.html,2004-03-15,ShiftJIS,JIS X 0208,0
043361,兄貴のような心持,あにきのようなこころもち,あにきのようなこころもち,――菊池寛氏の印象――,――きくちかんしのいんしょう――,,,NDC 914,新字新仮名,なし,2005-03-11,2014-09-18,http://www.aozora.gr.jp/cards/000879/card43361.html,000879,芥川,竜之介,あくたがわ,りゅうのすけ,あくたかわ,りゆうのすけ,Akutagawa,Ryunosuke,著者,1892-03-01,1927-07-24,なし,大川の水・追憶・本所両国　現代日本のエッセイ,講談社文芸文庫、講談社,1995（平成7）年1月10日,1995（平成7）年1月10日第1刷,1995（平成7）年1月10日第1刷,芥川龍之介全集第1～9、12巻,岩波書店,1977（昭和52）年7、9～12月、1978（昭和53）年1～4、7月,,,,,,,,,向井樹里,門田裕志,http://www.aozora.gr.jp/cards/000879/files/43361_ruby_17690.zip,2005-02-20,ShiftJIS,JIS X 0208,0,http://www.aozora.gr.jp/cards/000879/files/43361_17877.html,2005-02-20,ShiftJIS,JIS X 0208,0
000017,あの頃の自分の事,あのころのじぶんのこと,あのころのしふんのこと,,,,「中央公論」1919（大正8）年1月,NDC 914,新字旧仮名,なし,1998-06-22,2014-09-17,http://www.aozora.gr.jp/cards/000879/card17.html,000879,芥川,竜之介,あくたがわ,りゅうのすけ,あくたかわ,りゆうのすけ,Akutagawa,Ryunosuke,著者,1892-03-01,1927-07-24,なし,現代日本文學大系　43　芥川龍之介集,筑摩書房,1968（昭和43）年8月25日,1968（昭和43）年8月25日初版第1刷,,,,,,,,,,,,,j.utiyama,小浜真由美,http://www.aozora.gr.jp/cards/000879/files/17_ruby_377.zip,2005-11-12,ShiftJIS,JIS X 0208,4,http://www.aozora.gr.jp/cards/000879/files/17_14601.html,2005-11-12,ShiftJIS,JIS X 0208,2
000014,あばばばば,あばばばば,あはははは,,,,「中央公論」1923（大正12）年12月,NDC 913,新字旧仮名,なし,1999-01-16,2014-09-17,http://www.aozora.gr.jp/cards/000879/card14.html,000879,芥川,竜之介,あくたがわ,りゅうのすけ,あくたかわ,りゆうのすけ,Akutagawa,Ryunosuke,著者,1892-03-01,1927-07-24,なし,現代日本文學大系　43　芥川龍之介集,筑摩書房,1968（昭和43）年8月25日,1968（昭和43）年8月25日初版第1刷,,,,,,,,,,,,,j.utiyama,かとうかおり,http://www.aozora.gr.jp/cards/000879/files/14_ruby_1261.zip,2004-02-12,ShiftJIS,JIS X 0208,3,http://www.aozora.gr.jp/cards/000879/files/14_14602.html,2004-02-12,ShiftJIS,JIS X 0208,0
001138,鴉片,アヘン,あへん,,,,「世界」1926（大正15）年11月,NDC 914,新字旧仮名,なし,2002-01-26,2014-09-17,http://www.aozora.gr.jp/cards/000879/card1138.html,000879,芥川,竜之介,あくたがわ,りゅうのすけ,あくたかわ,りゆうのすけ,Akutagawa,Ryunosuke,著者,1892-03-01,1927-07-24,なし,芥川龍之介全集　第十三巻,岩波書店,1996（平成8）年11月8日,,,,,,,,,,,,,,もりみつじゅんじ,林幸雄,http://www.aozora.gr.jp/cards/000879/files/1138_ruby_6111.zip,2004-03-17,ShiftJIS,JIS X 0208,1,http://www.aozora.gr.jp/cards/000879/files/1138_15285.html,2004-03-17,ShiftJIS,JIS X 0208,0
000019,或阿呆の一生,あるあほうのいっしょう,あるあほうのいつしよう,,,,「改造」1927（昭和2）年10月,NDC 913,新字旧仮名,なし,1998-04-23,2014-09-17,http://www.aozora.gr.jp/cards/000879/card19.html,000879,芥川,竜之介,あくたがわ,りゅうのすけ,あくたかわ,りゆうのすけ,Akutagawa,Ryunosuke,著者,1892-03-01,1927-07-24,なし,現代日本文學大系　43　芥川龍之介集,筑摩書房,1968（昭和43）年8月25日,1968（昭和43）年8月25日初版第1刷,,,,,,,,,,,,,j.utiyama,細渕紀子,http://www.aozora.gr.jp/cards/000879/files/19_ruby_306.zip,2005-12-02,ShiftJIS,JIS X 0208,5,http://www.aozora.gr.jp/cards/000879/files/19_14618.html,2005-12-02,ShiftJIS,JIS X 0208,1
000073,或敵打の話,あるかたきうちのはなし,あるかたきうちのはなし,,,,「雄弁」1920（大正9）年5月,NDC 913,新字新仮名,なし,1999-01-12,2017-06-04,http://www.aozora.gr.jp/cards/000879/card73.html,000879,芥川,竜之介,あくたがわ,りゅうのすけ,あくたかわ,りゆうのすけ,Akutagawa,Ryunosuke,著者,1892-03-01,1927-07-24,なし,芥川龍之介全集3,ちくま文庫、筑摩書房,1986（昭和61）年12月1日,1996（平成8）年4月1日第8刷,1997（平成9）年4月15日第9刷,筑摩全集類聚　芥川龍之介全集第二巻,筑摩書房,1971（昭和46）年4月5日,,,,,,,,,j.utiyama,かとうかおり,http://www.aozora.gr.jp/cards/000879/files/73_ruby_1217.zip,2017-06-04,ShiftJIS,JIS X 0208,3,http://www.aozora.gr.jp/cards/000879/files/73_15158.html,2017-06-04,ShiftJIS,JIS X 0208,1
000020,或旧友へ送る手記,あるきゅうゆうへおくるしゅき,あるきゆうゆうへおくるしゆき,,,,「東京日日新聞」1927（昭和2）年7月,NDC 916,新字旧仮名,なし,1998-04-20,2014-09-17,http://www.aozora.gr.jp/cards/000879/card20.html,000879,芥川,竜之介,あくたがわ,りゅうのすけ,あくたかわ,りゆうのすけ,Akutagawa,Ryunosuke,著者,1892-03-01,1927-07-24,なし,現代日本文學大系　43　芥川龍之介集,筑摩書房,1968（昭和43）年8月25日,1968（昭和43）年8月25日初版第1刷,,,,,,,,,,,,,j.utiyama,小浜真由美,http://www.aozora.gr.jp/cards/000879/files/20_ruby_302.zip,2004-02-16,ShiftJIS,JIS X 0208,2,http://www.aozora.gr.jp/cards/000879/files/20_14619.html,2004-02-16,ShiftJIS,JIS X 0208,0
003827,或社会主義者,あるしゃかいしゅぎしゃ,あるしやかいしゆきしや,,,,,NDC 913,新字旧仮名,なし,2007-07-10,2014-09-21,http://www.aozora.gr.jp/cards/000879/card3827.html,000879,芥川,竜之介,あくたがわ,りゅうのすけ,あくたかわ,りゆうのすけ,Akutagawa,Ryunosuke,著者,1892-03-01,1927-07-24,なし,筑摩全集類聚　芥川龍之介全集第四巻,筑摩書房,1971（昭和46）年6月5日,1979（昭和54）年4月10日初版第11刷,,,,,,,,,,,,,土屋隆,松永正敏,http://www.aozora.gr.jp/cards/000879/files/3827_ruby_27190.zip,2007-06-27,ShiftJIS,JIS X 0208,0,http://www.aozora.gr.jp/cards/000879/files/3827_27278.html,2007-06-27,ShiftJIS,JIS X 0208,0
000122,或日の大石内蔵助,あるひのおおいしくらのすけ,あるひのおおいしくらのすけ,,,,「中央公論」1917（大正6）年9月,NDC 913,新字新仮名,なし,1997-11-17,2014-09-17,http://www.aozora.gr.jp/cards/000879/card122.html,000879,芥川,竜之介,あくたがわ,りゅうのすけ,あくたかわ,りゆうのすけ,Akutagawa,Ryunosuke,著者,1892-03-01,1927-07-24,なし,芥川龍之介全集2,ちくま文庫、筑摩書房,1986（昭和61）年10月28日,1996（平成8）年7月15日第11刷,,筑摩全集類聚版芥川龍之介全集,筑摩書房,1971（昭和46）年3月～1971（昭和46）年11月,,,,,,,,,野口英司,もりみつじゅんじ,http://www.aozora.gr.jp/cards/000879/files/122_ruby_172.zip,2004-03-15,ShiftJIS,JIS X 0208,2,http://www.aozora.gr.jp/cards/000879/files/122_15159.html,2004-03-15,ShiftJIS,JIS X 0208,0
000129,或恋愛小説,あるれんあいしょうせつ,あるれんあいしようせつ,,,,「婦人グラフ」1924（大正13）年4月,NDC 913,新字新仮名,なし,1999-01-08,2014-09-17,http://www.aozora.gr.jp/cards/000879/card129.html,000879,芥川,竜之介,あくたがわ,りゅうのすけ,あくたかわ,りゆうのすけ,Akutagawa,Ryunosuke,著者,1892-03-01,1927-07-24,なし,芥川龍之介全集5,ちくま文庫、筑摩書房,1987（昭和62）年2月24日,1995（平成7）年4月10日第6刷,1996（平成8）年7月15日第7刷,筑摩全集類聚版芥川龍之介全集,筑摩書房,1971（昭和46）年3月～1971（昭和46）年11月,,,,,,,,,j.utiyama,かとうかおり,http://www.aozora.gr.jp/cards/000879/files/129_ruby_1142.zip,2004-03-15,ShiftJIS,JIS X 0208,2,http://www.aozora.gr.jp/cards/000879/files/129_15155.html,2004-03-15,ShiftJIS,JIS X 0208,0
000018,闇中問答,あんちゅうもんどう,あんちゆうもんとう,,,,「文藝春秋」1927（昭和2）年9月,NDC 913 914,新字旧仮名,なし,1998-03-24,2014-09-17,http://www.aozora.gr.jp/cards/000879/card18.html,000879,芥川,竜之介,あくたがわ,りゅうのすけ,あくたかわ,りゆうのすけ,Akutagawa,Ryunosuke,著者,1892-03-01,1927-07-24,なし,現代日本文學大系　43　芥川龍之介集,筑摩書房,1968（昭和43）年8月25日,1968（昭和43）年8月25日初版第1刷,,,,,,,,,,,,,j.utiyama,野口英司,http://www.aozora.gr.jp/cards/000879/files/18_ruby_268.zip,2004-02-17,ShiftJIS,JIS X 0208,3,http://www.aozora.gr.jp/cards/000879/files/18_14822.html,2004-02-17,ShiftJIS,JIS X 0208,0
003767,案頭の書,あんとうのしょ,あんとうのしよ,,,,,NDC 913,新字旧仮名,なし,2007-07-10,2014-09-21,http://www.aozora.gr.jp/cards/000879/card3767.html,000879,芥川,竜之介,あくたがわ,りゅうのすけ,あくたかわ,りゆうのすけ,Akutagawa,Ryunosuke,著者,1892-03-01,1927-07-24,なし,筑摩全集類聚　芥川龍之介全集第四巻,筑摩書房,1971（昭和46）年6月5日,1979（昭和54）年4月10日初版第11刷,,,,,,,,,,,,,土屋隆,松永正敏,http://www.aozora.gr.jp/cards/000879/files/3767_ruby_27191.zip,2010-10-30,ShiftJIS,JIS X 0208,2,http://www.aozora.gr.jp/cards/000879/files/3767_27279.html,2010-10-30,ShiftJIS,JIS X 0208,2
043362,飯田蛇笏,いいだだこつ,いいたたこつ,,,,,NDC 911 914,新字新仮名,なし,2007-03-10,2014-09-21,http://www.aozora.gr.jp/cards/000879/card43362.html,000879,芥川,竜之介,あくたがわ,りゅうのすけ,あくたかわ,りゆうのすけ,Akutagawa,Ryunosuke,著者,1892-03-01,1927-07-24,なし,大川の水・追憶・本所両国　現代日本のエッセイ,講談社文芸文庫、講談社,1995（平成7）年1月10日,1995（平成7）年1月10日第1刷,1995（平成7）年1月10日第1刷,芥川龍之介全集第1～9、12巻,岩波書店,1977（昭和52）年7、9～12月、1978（昭和53）年1～4、7月,,,,,,,,,向井樹里,砂場清隆,http://www.aozora.gr.jp/cards/000879/files/43362_ruby_20778.zip,2007-02-12,ShiftJIS,JIS X 0208,0,http://www.aozora.gr.jp/cards/000879/files/43362_26111.html,2007-02-12,ShiftJIS,JIS X 0208,0
016034,遺書,いしょ,いしよ,,,,,NDC 916,新字旧仮名,なし,2009-07-24,2014-09-21,http://www.aozora.gr.jp/cards/000879/card16034.html,000879,芥川,竜之介,あくたがわ,りゅうのすけ,あくたかわ,りゆうのすけ,Akutagawa,Ryunosuke,著者,1892-03-01,1927-07-24,なし,芥川龍之介全集　第二十三巻,岩波書店,1998（平成10）年1月29日,1998（平成10）年1月29日,1998（平成10）年1月29日,,,,,,,,,,,,もりみつじゅんじ,土屋隆,http://www.aozora.gr.jp/cards/000879/files/16034_txt_33093.zip,2008-12-11,ShiftJIS,JIS X 0208,0,http://www.aozora.gr.jp/cards/000879/files/16034_33783.html,2008-12-11,ShiftJIS,JIS X 0208,0
003750,イズムと云ふ語の意味次第,イズムというごのいみしだい,いすむというこのいみしたい,,,,,NDC 914,新字旧仮名,なし,2007-07-10,2014-09-21,http://www.aozora.gr.jp/cards/000879/card3750.html,000879,芥川,竜之介,あくたがわ,りゅうのすけ,あくたかわ,りゆうのすけ,Akutagawa,Ryunosuke,著者,1892-03-01,1927-07-24,なし,筑摩全集類聚　芥川龍之介全集第四巻,筑摩書房,1971（昭和46）年6月5日,1979（昭和54）年4月10日初版第11刷,,,,,,,,,,,,,土屋隆,松永正敏,http://www.aozora.gr.jp/cards/000879/files/3750_ruby_27192.zip,2007-06-27,ShiftJIS,JIS X 0208,0,http://www.aozora.gr.jp/cards/000879/files/3750_27280.html,2007-06-27,ShiftJIS,JIS X 0208,0
003748,一番気乗のする時,いちばんきのりのするとき,いちはんきのりのするとき,,,,,NDC 914,新字旧仮名,なし,2007-07-10,2014-09-21,http://www.aozora.gr.jp/cards/000879/card3748.html,000879,芥川,竜之介,あくたがわ,りゅうのすけ,あくたかわ,りゆうのすけ,Akutagawa,Ryunosuke,著者,1892-03-01,1927-07-24,なし,筑摩全集類聚　芥川龍之介全集第四巻,筑摩書房,1971（昭和46）年6月5日,1979（昭和54）年4月10日初版第11刷,,,,,,,,,,,,,土屋隆,松永正敏,http://www.aozora.gr.jp/cards/000879/files/3748_ruby_27193.zip,2007-06-27,ShiftJIS,JIS X 0208,0,http://www.aozora.gr.jp/cards/000879/files/3748_27281.html,2007-06-27,ShiftJIS,JIS X 0208,0
000057,一夕話,いっせきわ,いつせきわ,,,,「サンデー毎日」1922（大正11）年7月,NDC 913,新字新仮名,なし,1999-01-10,2014-09-17,http://www.aozora.gr.jp/cards/000879/card57.html,000879,芥川,竜之介,あくたがわ,りゅうのすけ,あくたかわ,りゆうのすけ,Akutagawa,Ryunosuke,著者,1892-03-01,1927-07-24,なし,芥川龍之介全集5,ちくま文庫、筑摩書房,1987（昭和62）年2月24日,1995（平成7）年4月10日第6刷,1996（平成8）年7月15日第7刷,筑摩全集類聚版芥川龍之介全集,筑摩書房,1971（昭和46）年3月～1971（昭和46）年11月,,,,,,,,,j.utiyama,かとうかおり,http://www.aozora.gr.jp/cards/000879/files/57_ruby_1172.zip,2004-03-15,ShiftJIS,JIS X 0208,2,http://www.aozora.gr.jp/cards/000879/files/57_15160.html,2004-03-15,ShiftJIS,JIS X 0208,0
003761,伊東から,いとうから,いとうから,,,,,NDC 915,新字旧仮名,なし,2007-07-10,2014-09-21,http://www.aozora.gr.jp/cards/000879/card3761.html,000879,芥川,竜之介,あくたがわ,りゅうのすけ,あくたかわ,りゆうのすけ,Akutagawa,Ryunosuke,著者,1892-03-01,1927-07-24,なし,筑摩全集類聚　芥川龍之介全集第四巻,筑摩書房,1971（昭和46）年6月5日,1979（昭和54）年4月10日初版第11刷,,,,,,,,,,,,,土屋隆,松永正敏,http://www.aozora.gr.jp/cards/000879/files/3761_ruby_27194.zip,2007-06-27,ShiftJIS,JIS X 0208,0,http://www.aozora.gr.jp/cards/000879/files/3761_27282.html,2007-06-27,ShiftJIS,JIS X 0208,0
000058,糸女覚え書,いとじょおぼえがき,いとしよおほえかき,,,,「中央公論」1924（大正13）年1月,NDC 913,新字旧仮名,なし,1999-01-16,2014-09-17,http://www.aozora.gr.jp/cards/000879/card58.html,000879,芥川,竜之介,あくたがわ,りゅうのすけ,あくたかわ,りゆうのすけ,Akutagawa,Ryunosuke,著者,1892-03-01,1927-07-24,なし,現代日本文學大系　43　芥川龍之介集,筑摩書房,1968（昭和43）年8月25日,1968（昭和43）年8月25日初版第1刷,,,,,,,,,,,,,j.utiyama,かとうかおり,http://www.aozora.gr.jp/cards/000879/files/58_ruby_1269.zip,2004-02-17,ShiftJIS,JIS X 0208,2,http://www.aozora.gr.jp/cards/000879/files/58_14823.html,2004-02-17,ShiftJIS,JIS X 0208,0
043363,犬養君に就いて,いぬかいくんについて,いぬかいくんについて,,,,,NDC 914,新字新仮名,なし,2007-03-13,2014-09-21,http://www.aozora.gr.jp/cards/000879/card43363.html,000879,芥川,竜之介,あくたがわ,りゅうのすけ,あくたかわ,りゆうのすけ,Akutagawa,Ryunosuke,著者,1892-03-01,1927-07-24,なし,大川の水・追憶・本所両国　現代日本のエッセイ,講談社文芸文庫、講談社,1995（平成7）年1月10日,1995（平成7）年1月10日第1刷,1995（平成7）年1月10日第1刷,芥川龍之介全集第1～9、12巻,岩波書店,1977（昭和52）年7、9～12月、1978（昭和53）年1～4、7月,,,,,,,,,向井樹里,砂場清隆,http://www.aozora.gr.jp/cards/000879/files/43363_txt_25701.zip,2007-02-12,ShiftJIS,JIS X 0208,0,http://www.aozora.gr.jp/cards/000879/files/43363_26112.html,2007-02-12,ShiftJIS,JIS X 0208,0
000056,犬と笛,いぬとふえ,いぬとふえ,,,,「赤い鳥」1919（大正8）年1、2月,NDC K913,新字新仮名,なし,1998-12-07,2014-09-17,http://www.aozora.gr.jp/cards/000879/card56.html,000879,芥川,竜之介,あくたがわ,りゅうのすけ,あくたかわ,りゆうのすけ,Akutagawa,Ryunosuke,著者,1892-03-01,1927-07-24,なし,芥川龍之介全集2,ちくま文庫、筑摩書房,1986（昭和61）年10月28日,1996（平成8）7月15日第11刷,1996（平成8）7月15日第11刷,筑摩全集類聚版芥川龍之介全集,筑摩書房,1971（昭和46）年3月～1971（昭和46）年11月,,,,,,,,,j.utiyama,かとうかおり,http://www.aozora.gr.jp/cards/000879/files/56_ruby_845.zip,2004-03-15,ShiftJIS,JIS X 0208,2,http://www.aozora.gr.jp/cards/000879/files/56_15161.html,2004-03-15,ShiftJIS,JIS X 0208,0
000055,芋粥,いもがゆ,いもかゆ,,,,「新小説」1916（大正5）年9月,NDC 913,新字旧仮名,なし,1999-05-29,2014-09-17,http://www.aozora.gr.jp/cards/000879/card55.html,000879,芥川,竜之介,あくたがわ,りゅうのすけ,あくたかわ,りゆうのすけ,Akutagawa,Ryunosuke,著者,1892-03-01,1927-07-24,なし,現代日本文學大系　43　芥川龍之介集,筑摩書房,1968（昭和43）年8月25日,1968（昭和43）年8月25日初版第1刷,,,,,,,,,,,,,j.utiyama,吉田亜津美,http://www.aozora.gr.jp/cards/000879/files/55_ruby_1843.zip,2013-04-28,ShiftJIS,JIS X 0208,6,http://www.aozora.gr.jp/cards/000879/files/55_14824.html,2013-04-28,ShiftJIS,JIS X 0208,1
004274,岩野泡鳴氏,いわのほうめいし,いわのほうめいし,,,,,NDC 914,新字旧仮名,なし,2002-10-08,2014-09-17,http://www.aozora.gr.jp/cards/000879/card4274.html,000879,芥川,竜之介,あくたがわ,りゅうのすけ,あくたかわ,りゆうのすけ,Akutagawa,Ryunosuke,著者,1892-03-01,1927-07-24,なし,芥川龍之介全集　第九巻,岩波書店,1996（平成8）年7月8日発行,1996（平成8）年7月8日発行,,,,,,,,,,,,,もりみつじゅんじ,松永正敏,http://www.aozora.gr.jp/cards/000879/files/4274_ruby_5485.zip,2002-09-20,ShiftJIS,JIS X 0208,1,http://www.aozora.gr.jp/cards/000879/files/4274_6766.html,2002-09-20,ShiftJIS,JIS X 0208,0
000177,魚河岸,うおがし,うおかし,,,,「婦人公論」1922（大正11）年8月,NDC 913,新字新仮名,なし,1998-12-28,2014-09-17,http://www.aozora.gr.jp/cards/000879/card177.html,000879,芥川,竜之介,あくたがわ,りゅうのすけ,あくたかわ,りゆうのすけ,Akutagawa,Ryunosuke,著者,1892-03-01,1927-07-24,なし,芥川龍之介全集5,ちくま文庫、筑摩書房,1987（昭和62）年2月24日,1995（平成7）年4月10日第6刷,,筑摩全集類聚版芥川龍之介全集,筑摩書房,1971（昭和46）年3月～1971（昭和46）年11月,,,,,,,,,j.utiyama,もりみつじゅんじ,http://www.aozora.gr.jp/cards/000879/files/177_ruby_1019.zip,2004-03-15,ShiftJIS,JIS X 0208,2,http://www.aozora.gr.jp/cards/000879/files/177_15162.html,2004-03-15,ShiftJIS,JIS X 0208,0
004312,内田百間氏,うちだひゃっけんし,うちたひやつけんし,,,,「文芸時報　第四二号」1927（昭和2）年8月4日,NDC 914,新字旧仮名,なし,2008-12-21,2014-09-21,http://www.aozora.gr.jp/cards/000879/card4312.html,000879,芥川,竜之介,あくたがわ,りゅうのすけ,あくたかわ,りゆうのすけ,Akutagawa,Ryunosuke,著者,1892-03-01,1927-07-24,なし,芥川龍之介全集　第十五巻,岩波書店,1997（平成9）年1月8日　,1997（平成9）年1月8日　,1997（平成9）年1月8日,,,,,,,,,,,,もりみつじゅんじ,土屋隆,http://www.aozora.gr.jp/cards/000879/files/4312_ruby_33091.zip,2008-11-30,ShiftJIS,JIS X 0208,0,http://www.aozora.gr.jp/cards/000879/files/4312_33645.html,2008-11-30,ShiftJIS,JIS X 0208,0
051864,産屋,うぶや,うふや,萩原朔太郎君に献ず,はぎわらさくたろうくんにけんず,,「鐘　第四號」1917（大正6）年8月1日,NDC 914,旧字旧仮名,なし,2010-10-19,2014-09-21,http://www.aozora.gr.jp/cards/000879/card51864.html,000879,芥川,竜之介,あくたがわ,りゅうのすけ,あくたかわ,りゆうのすけ,Akutagawa,Ryunosuke,著者,1892-03-01,1927-07-24,なし,芥川龍之介全集　第一卷,岩波書店,1977（昭和52）年7月13日,1977（昭和52）年７月13日,1977（昭和52）年７月13日,,,,,,,,,,,,岡山勝美,noriko saito,http://www.aozora.gr.jp/cards/000879/files/51864_txt_39682.zip,2011-04-14,ShiftJIS,JIS X 0208,1,http://www.aozora.gr.jp/cards/000879/files/51864_40606.html,2011-04-14,ShiftJIS,JIS X 0208,1
000174,馬の脚,うまのあし,うまのあし,,,,「新潮」1925（大正14）年1、2月,NDC 913,新字新仮名,なし,1999-01-05,2014-09-17,http://www.aozora.gr.jp/cards/000879/card174.html,000879,芥川,竜之介,あくたがわ,りゅうのすけ,あくたかわ,りゆうのすけ,Akutagawa,Ryunosuke,著者,1892-03-01,1927-07-24,なし,芥川龍之介全集5,ちくま文庫、筑摩書房,1987（昭和62）年2月24日,1995（平成7）年4月10日第6刷,1996（平成8）年7月15日第7刷,筑摩全集類聚版芥川龍之介全集,筑摩書房,1971（昭和46）年3月～1971（昭和46）年11月,,,,,,,,,j.utiyama,かとうかおり,http://www.aozora.gr.jp/cards/000879/files/174_ruby_1111.zip,2004-03-15,ShiftJIS,JIS X 0208,2,http://www.aozora.gr.jp/cards/000879/files/174_15163.html,2004-03-15,ShiftJIS,JIS X 0208,0
000175,海のほとり,うみのほとり,うみのほとり,,,,「中央公論」1925（大正14）年9月,NDC 913,新字新仮名,なし,1999-01-07,2014-09-17,http://www.aozora.gr.jp/cards/000879/card175.html,000879,芥川,竜之介,あくたがわ,りゅうのすけ,あくたかわ,りゆうのすけ,Akutagawa,Ryunosuke,著者,1892-03-01,1927-07-24,なし,芥川龍之介全集6,ちくま文庫、筑摩書房,1987（昭和62）年3月24日,1993（平成5）年2月25日第6刷,,筑摩全集類聚　芥川龍之介全集第三巻,筑摩書房,1971（昭和46）年,,,,,,,,,j.utiyama,大野晋,http://www.aozora.gr.jp/cards/000879/files/175_ruby_1121.zip,2014-08-26,ShiftJIS,JIS X 0208,1,http://www.aozora.gr.jp/cards/000879/files/175_15164.html,2014-08-26,ShiftJIS,JIS X 0208,1
003823,囈語,うわごと,うわこと,,,,,NDC 916,新字旧仮名,なし,2007-07-16,2014-09-21,http://www.aozora.gr.jp/cards/000879/card3823.html,000879,芥川,竜之介,あくたがわ,りゅうのすけ,あくたかわ,りゆうのすけ,Akutagawa,Ryunosuke,著者,1892-03-01,1927-07-24,なし,筑摩全集類聚　芥川龍之介全集第四巻,筑摩書房,1971（昭和46）年6月5日,1979（昭和54）年4月10日初版第11刷,,,,,,,,,,,,,土屋隆,松永正敏,http://www.aozora.gr.jp/cards/000879/files/3823_ruby_27210.zip,2007-06-27,ShiftJIS,JIS X 0208,0,http://www.aozora.gr.jp/cards/000879/files/3823_27298.html,2007-06-27,ShiftJIS,JIS X 0208,0
000176,運,うん,うん,,,,「文章世界」1917（大正6）年1月,NDC 913,新字新仮名,なし,1998-11-11,2014-09-17,http://www.aozora.gr.jp/cards/000879/card176.html,000879,芥川,竜之介,あくたがわ,りゅうのすけ,あくたかわ,りゆうのすけ,Akutagawa,Ryunosuke,著者,1892-03-01,1927-07-24,なし,芥川龍之介全集1,ちくま文庫、筑摩書房,1986（昭和61）年9月24日,1995（平成7）年10月5日第13刷,,筑摩全集類聚版芥川龍之介全集,筑摩書房,1971（昭和46）年3月～1971（昭和46）年11月,,,,,,,,,j.utiyama,もりみつじゅんじ,http://www.aozora.gr.jp/cards/000879/files/176_ruby_761.zip,2004-03-15,ShiftJIS,JIS X 0208,2,http://www.aozora.gr.jp/cards/000879/files/176_15165.html,2004-03-15,ShiftJIS,JIS X 0208,0
003751,永久に不愉快な二重生活,えいきゅうにふゆかいなにじゅうせいかつ,えいきゆうにふゆかいなにしゆうせいかつ,,,,,NDC 914,新字旧仮名,なし,2007-07-10,2014-09-21,http://www.aozora.gr.jp/cards/000879/card3751.html,000879,芥川,竜之介,あくたがわ,りゅうのすけ,あくたかわ,りゆうのすけ,Akutagawa,Ryunosuke,著者,1892-03-01,1927-07-24,なし,筑摩全集類聚　芥川龍之介全集第四巻,筑摩書房,1971（昭和46）年6月5日,1979（昭和54）年4月10日初版第11刷,,,,,,,,,,,,,土屋隆,松永正敏,http://www.aozora.gr.jp/cards/000879/files/3751_ruby_27195.zip,2007-06-27,ShiftJIS,JIS X 0208,0,http://www.aozora.gr.jp/cards/000879/files/3751_27283.html,2007-06-27,ShiftJIS,JIS X 0208,0
000035,英雄の器,えいゆうのうつわ,えいゆうのうつわ,,,,「人文」1918（大正7）年1月,NDC 913,新字新仮名,なし,1998-12-07,2014-09-17,http://www.aozora.gr.jp/cards/000879/card35.html,000879,芥川,竜之介,あくたがわ,りゅうのすけ,あくたかわ,りゆうのすけ,Akutagawa,Ryunosuke,著者,1892-03-01,1927-07-24,なし,芥川龍之介全集2,ちくま文庫、筑摩書房,1986（昭和61）年10月28日,1996（平成8）7月15日第11刷,1996（平成8）7月15日第11刷,筑摩全集類聚版芥川龍之介全集,筑摩書房,1971（昭和46）年3月～1971（昭和46）年11月,,,,,,,,,j.utiyama,かとうかおり,http://www.aozora.gr.jp/cards/000879/files/35_ruby_841.zip,2004-03-15,ShiftJIS,JIS X 0208,2,http://www.aozora.gr.jp/cards/000879/files/35_15166.html,2004-03-15,ShiftJIS,JIS X 0208,0
043364,江口渙氏の事,えぐちかんしのこと,えくちかんしのこと,,,,,NDC 914,新字新仮名,なし,2007-03-13,2014-09-21,http://www.aozora.gr.jp/cards/000879/card43364.html,000879,芥川,竜之介,あくたがわ,りゅうのすけ,あくたかわ,りゆうのすけ,Akutagawa,Ryunosuke,著者,1892-03-01,1927-07-24,なし,大川の水・追憶・本所両国　現代日本のエッセイ,講談社文芸文庫、講談社,1995（平成7）年1月10日,1995（平成7）年1月10日第1刷,1995（平成7）年1月10日第1刷,芥川龍之介全集第1～9、12巻,岩波書店,1977（昭和52）年7、9～12月、1978（昭和53）年1～4、7月,,,,,,,,,向井樹里,砂場清隆,http://www.aozora.gr.jp/cards/000879/files/43364_ruby_25697.zip,2007-02-12,ShiftJIS,JIS X 0208,0,http://www.aozora.gr.jp/cards/000879/files/43364_26113.html,2007-02-12,ShiftJIS,JIS X 0208,0
003825,槐,えんじゅ,えんしゆ,,,,,NDC 768 914,新字旧仮名,なし,2007-07-10,2014-09-21,http://www.aozora.gr.jp/cards/000879/card3825.html,000879,芥川,竜之介,あくたがわ,りゅうのすけ,あくたかわ,りゆうのすけ,Akutagawa,Ryunosuke,著者,1892-03-01,1927-07-24,なし,筑摩全集類聚　芥川龍之介全集第四巻,筑摩書房,1971（昭和46）年6月5日,1979（昭和54）年4月10日初版第11刷,,,,,,,,,,,,,土屋隆,松永正敏,http://www.aozora.gr.jp/cards/000879/files/3825_ruby_27196.zip,2007-06-27,ShiftJIS,JIS X 0208,0,http://www.aozora.gr.jp/cards/000879/files/3825_27284.html,2007-06-27,ShiftJIS,JIS X 0208,0
000118,老いたる素戔嗚尊,おいたるすさのおのみこと,おいたるすさのおのみこと,,,,「大阪毎日新聞」「東京日日新聞」1920（大正9）年3～6月,NDC 913,新字旧仮名,なし,1999-01-17,2014-09-17,http://www.aozora.gr.jp/cards/000879/card118.html,000879,芥川,竜之介,あくたがわ,りゅうのすけ,あくたかわ,りゆうのすけ,Akutagawa,Ryunosuke,著者,1892-03-01,1927-07-24,なし,現代日本文學大系　43　芥川龍之介集,筑摩書房,1968（昭和43）年8月25日,1968（昭和43）年8月25日初版第1刷,,,,,,,,,,,,,j.utiyama,かとうかおり,http://www.aozora.gr.jp/cards/000879/files/118_ruby_1281.zip,2004-02-18,ShiftJIS,JIS X 0208,3,http://www.aozora.gr.jp/cards/000879/files/118_14835.html,2004-02-18,ShiftJIS,JIS X 0208,1
000117,往生絵巻,おうじょうえまき,おうしようえまき,,,,「国粋」1921（大正10）年4月,NDC 913,新字旧仮名,なし,1998-12-28,2014-09-17,http://www.aozora.gr.jp/cards/000879/card117.html,000879,芥川,竜之介,あくたがわ,りゅうのすけ,あくたかわ,りゆうのすけ,Akutagawa,Ryunosuke,著者,1892-03-01,1927-07-24,なし,現代日本文學大系　43　芥川龍之介集,筑摩書房,1968（昭和43）年8月25日,1968（昭和43）年8月25日初版第1刷,,,,,,,,,,,,,j.utiyama,もりみつじゅんじ,http://www.aozora.gr.jp/cards/000879/files/117_ruby_1003.zip,2004-02-18,ShiftJIS,JIS X 0208,2,http://www.aozora.gr.jp/cards/000879/files/117_14836.html,2004-02-18,ShiftJIS,JIS X 0208,0
003763,鸚鵡,おうむ,おうむ,――大震覚え書の一つ――,――だいしんおぼえがきのひとつ――,,,NDC 914,新字旧仮名,なし,2007-07-13,2014-09-21,http://www.aozora.gr.jp/cards/000879/card3763.html,000879,芥川,竜之介,あくたがわ,りゅうのすけ,あくたかわ,りゆうのすけ,Akutagawa,Ryunosuke,著者,1892-03-01,1927-07-24,なし,筑摩全集類聚　芥川龍之介全集第四巻,筑摩書房,1971（昭和46）年6月5日,1979（昭和54）年4月10日初版第11刷,,,,,,,,,,,,,土屋隆,松永正敏,http://www.aozora.gr.jp/cards/000879/files/3763_ruby_27197.zip,2007-06-27,ShiftJIS,JIS X 0208,0,http://www.aozora.gr.jp/cards/000879/files/3763_27285.html,2007-06-27,ShiftJIS,JIS X 0208,0
000123,大川の水,おおかわのみず,おおかわのみす,,,,「心の花」1914（大正3）年4月,NDC 914,新字新仮名,なし,1999-01-11,2014-09-17,http://www.aozora.gr.jp/cards/000879/card123.html,000879,芥川,竜之介,あくたがわ,りゅうのすけ,あくたかわ,りゆうのすけ,Akutagawa,Ryunosuke,著者,1892-03-01,1927-07-24,なし,羅生門・鼻・芋粥,角川文庫、角川書店,1950（昭和25）年10月20日,1985（昭和60）年11月10日改版38版,1985（昭和60）年11月10日改版38版,,,,,,,,,,,,j.utiyama,かとうかおり,http://www.aozora.gr.jp/cards/000879/files/123_ruby_1199.zip,2004-03-15,ShiftJIS,JIS X 0208,2,http://www.aozora.gr.jp/cards/000879/files/123_15167.html,2004-03-15,ShiftJIS,JIS X 0208,0
049328,大久保湖州,おおくぼこしゅう,おおくほこしゆう,,,,（上）「女性改造　第三巻第五号」1924（大正13）年5月1日、（下）「女性改造　第三巻第六号」1924（大正13）年6月1日,NDC 289 914,新字旧仮名,なし,2008-12-21,2014-09-21,http://www.aozora.gr.jp/cards/000879/card49328.html,000879,芥川,竜之介,あくたがわ,りゅうのすけ,あくたかわ,りゆうのすけ,Akutagawa,Ryunosuke,著者,1892-03-01,1927-07-24,なし,芥川龍之介全集　第十一巻,岩波書店,1996（平成8）年9月9日,1996（平成8）年9月9日,,梅・馬・鶯,新潮社,1926（大正15）年12月25日,,,,,,,,,もりみつじゅんじ,土屋隆,http://www.aozora.gr.jp/cards/000879/files/49328_ruby_33094.zip,2008-12-03,ShiftJIS,JIS X 0208,0,http://www.aozora.gr.jp/cards/000879/files/49328_33646.html,2008-12-03,ShiftJIS,JIS X 0208,0
003824,Ｏ君の新秋,オーくんのしんしゅう,おおくんのしんしゆう,,,,,NDC 914,新字旧仮名,なし,2007-07-13,2014-09-21,http://www.aozora.gr.jp/cards/000879/card3824.html,000879,芥川,竜之介,あくたがわ,りゅうのすけ,あくたかわ,りゆうのすけ,Akutagawa,Ryunosuke,著者,1892-03-01,1927-07-24,なし,筑摩全集類聚　芥川龍之介全集第四巻,筑摩書房,1971（昭和46）年6月5日,1979（昭和54）年4月10日初版第11刷,,,,,,,,,,,,,土屋隆,松永正敏,http://www.aozora.gr.jp/cards/000879/files/3824_ruby_27198.zip,2007-06-27,ShiftJIS,JIS X 0208,0,http://www.aozora.gr.jp/cards/000879/files/3824_27286.html,2007-06-27,ShiftJIS,JIS X 0208,0
000115,尾形了斎覚え書,おがたりょうさいおぼえがき,おかたりようさいおほえかき,,,,「新潮」1917（大正6）年1月,NDC 913,新字旧仮名,なし,1998-10-05,2014-09-17,http://www.aozora.gr.jp/cards/000879/card115.html,000879,芥川,竜之介,あくたがわ,りゅうのすけ,あくたかわ,りゆうのすけ,Akutagawa,Ryunosuke,著者,1892-03-01,1927-07-24,なし,現代日本文學大系　43　芥川龍之介集,筑摩書房,1968（昭和43）年8月25日,1968（昭和43）年8月25日初版第1刷,,,,,,,,,,,,,j.utiyama,野口英司,http://www.aozora.gr.jp/cards/000879/files/115_ruby_592.zip,2004-02-19,ShiftJIS,JIS X 0208,3,http://www.aozora.gr.jp/cards/000879/files/115_14856.html,2004-02-19,ShiftJIS,JIS X 0208,0
000116,おぎん,おぎん,おきん,,,,「中央公論」1922（大正11）年9月,NDC 913,新字新仮名,なし,1999-01-05,2014-09-17,http://www.aozora.gr.jp/cards/000879/card116.html,000879,芥川,竜之介,あくたがわ,りゅうのすけ,あくたかわ,りゆうのすけ,Akutagawa,Ryunosuke,著者,1892-03-01,1927-07-24,なし,芥川龍之介全集5,ちくま文庫、筑摩書房,1987（昭和62）年2月24日,1995（平成7）年4月10日第6刷,1996（平成8）年7月15日第7刷,筑摩全集類聚版芥川龍之介全集,筑摩書房,1971（昭和46）年3月～1971（昭和46）年11月,,,,,,,,,j.utiyama,かとうかおり,http://www.aozora.gr.jp/cards/000879/files/116_ruby_1095.zip,2004-03-15,ShiftJIS,JIS X 0208,2,http://www.aozora.gr.jp/cards/000879/files/116_15168.html,2004-03-15,ShiftJIS,JIS X 0208,0
000119,お時儀,おじぎ,おしき,,,,「女性」1923（大正12）年10月,NDC 913,新字新仮名,なし,1998-12-28,2014-09-17,http://www.aozora.gr.jp/cards/000879/card119.html,000879,芥川,竜之介,あくたがわ,りゅうのすけ,あくたかわ,りゆうのすけ,Akutagawa,Ryunosuke,著者,1892-03-01,1927-07-24,なし,芥川龍之介全集5,ちくま文庫、筑摩書房,1987（昭和62）年2月24日,1995（平成7）年4月10日第6刷,,筑摩全集類聚版芥川龍之介全集,筑摩書房,1971（昭和46）年3月～1971（昭和46）年11月,,,,,,,,,j.utiyama,もりみつじゅんじ,http://www.aozora.gr.jp/cards/000879/files/119_ruby_1007.zip,2004-03-15,ShiftJIS,JIS X 0208,2,http://www.aozora.gr.jp/cards/000879/files/119_15169.html,2004-03-15,ShiftJIS,JIS X 0208,0
000125,おしの,おしの,おしの,,,,「中央公論」1923（大正12）年4月,NDC 913,新字新仮名,なし,1999-01-05,2014-09-17,http://www.aozora.gr.jp/cards/000879/card125.html,000879,芥川,竜之介,あくたがわ,りゅうのすけ,あくたかわ,りゆうのすけ,Akutagawa,Ryunosuke,著者,1892-03-01,1927-07-24,なし,芥川龍之介全集5,ちくま文庫、筑摩書房,1987（昭和62）年2月24日,1995（平成7）年4月10日第6刷,1996（平成8）年7月15日第7刷,筑摩全集類聚版芥川龍之介全集,筑摩書房,1971（昭和46）年3月～1971（昭和46）年11月,,,,,,,,,j.utiyama,かとうかおり,http://www.aozora.gr.jp/cards/000879/files/125_ruby_1099.zip,2012-03-20,ShiftJIS,JIS X 0208,3,http://www.aozora.gr.jp/cards/000879/files/125_15170.html,2012-03-20,ShiftJIS,JIS X 0208,1
000126,お富の貞操,おとみのていそう,おとみのていそう,,,,「改造」1922（大正11）年5、9月,NDC 913,新字旧仮名,なし,1999-01-19,2014-09-17,http://www.aozora.gr.jp/cards/000879/card126.html,000879,芥川,竜之介,あくたがわ,りゅうのすけ,あくたかわ,りゆうのすけ,Akutagawa,Ryunosuke,著者,1892-03-01,1927-07-24,なし,現代日本文學大系　43　芥川龍之介集,筑摩書房,1968（昭和43）年8月25日,1968（昭和43）年8月25日初版第1刷,,,,,,,,,,,,,j.utiyama,かとうかおり,http://www.aozora.gr.jp/cards/000879/files/126_ruby_1296.zip,2004-02-19,ShiftJIS,JIS X 0208,2,http://www.aozora.gr.jp/cards/000879/files/126_14861.html,2004-02-19,ShiftJIS,JIS X 0208,0
003826,鬼ごつこ,おにごっこ,おにこつこ,,,,,NDC 913,新字旧仮名,なし,2007-07-13,2014-09-21,http://www.aozora.gr.jp/cards/000879/card3826.html,000879,芥川,竜之介,あくたがわ,りゅうのすけ,あくたかわ,りゆうのすけ,Akutagawa,Ryunosuke,著者,1892-03-01,1927-07-24,なし,筑摩全集類聚　芥川龍之介全集第四巻,筑摩書房,1971（昭和46）年6月5日,1979（昭和54）年4月10日初版第11刷,,,,,,,,,,,,,土屋隆,松永正敏,http://www.aozora.gr.jp/cards/000879/files/3826_ruby_27199.zip,2007-06-27,ShiftJIS,JIS X 0208,0,http://www.aozora.gr.jp/cards/000879/files/3826_27287.html,2007-06-27,ShiftJIS,JIS X 0208,0
000124,お律と子等と,おりつとこらと,おりつとこらと,,,,「中央公論」1920（大正9）年10、11月,NDC 913,新字新仮名,なし,1998-12-19,2014-09-17,http://www.aozora.gr.jp/cards/000879/card124.html,000879,芥川,竜之介,あくたがわ,りゅうのすけ,あくたかわ,りゆうのすけ,Akutagawa,Ryunosuke,著者,1892-03-01,1927-07-24,なし,芥川龍之介全集4,ちくま文庫、筑摩書房,1987（昭和62）年1月27日,1993（平成5）年12月25日第6刷,1996（平成8）年7月15日第8刷,筑摩全集類聚版芥川龍之介全集,筑摩書房,1971（昭和46）年3月～1971（昭和46）年11月,,,,,,,,,j.utiyama,かとうかおり,http://www.aozora.gr.jp/cards/000879/files/124_ruby_952.zip,2004-03-15,ShiftJIS,JIS X 0208,4,http://www.aozora.gr.jp/cards/000879/files/124_15171.html,2004-03-15,ShiftJIS,JIS X 0208,0
000121,温泉だより,おんせんだより,おんせんたより,,,,「女性」1925（大正14）年6月,NDC 913,新字新仮名,なし,1999-01-17,2014-09-17,http://www.aozora.gr.jp/cards/000879/card121.html,000879,芥川,竜之介,あくたがわ,りゅうのすけ,あくたかわ,りゆうのすけ,Akutagawa,Ryunosuke,著者,1892-03-01,1927-07-24,なし,芥川龍之介全集6,ちくま文庫、筑摩書房,1987（昭和62）年3月24日,1993（平成5）年2月25日第6刷,,筑摩全集類聚版芥川龍之介全集,筑摩書房,1971（昭和46）年3月～1971（昭和46）年11月,,,,,,,,,j.utiyama,大野晋,http://www.aozora.gr.jp/cards/000879/files/121_ruby_1285.zip,2004-03-15,ShiftJIS,JIS X 0208,4,http://www.aozora.gr.jp/cards/000879/files/121_15172.html,2004-03-15,ShiftJIS,JIS X 0208,0
000120,女,おんな,おんな,,,,「解放」1920（大正9）年5月,NDC 913,新字新仮名,なし,1998-12-28,2014-09-17,http://www.aozora.gr.jp/cards/000879/card120.html,000879,芥川,竜之介,あくたがわ,りゅうのすけ,あくたかわ,りゆうのすけ,Akutagawa,Ryunosuke,著者,1892-03-01,1927-07-24,なし,芥川龍之介全集3,ちくま文庫、筑摩書房,1986（昭和61）年12月1日,1996（平成8）年4月1日第8刷,,筑摩全集類聚版芥川龍之介全集,筑摩書房,1971（昭和46）年3月～1971（昭和46）年11月,,,,,,,,,j.utiyama,もりみつじゅんじ,http://www.aozora.gr.jp/cards/000879/files/120_ruby_1011.zip,2004-03-15,ShiftJIS,JIS X 0208,2,http://www.aozora.gr.jp/cards/000879/files/120_15173.html,2004-03-15,ShiftJIS,JIS X 0208,0
000067,開化の良人,かいかのおっと,かいかのおつと,,,,「中外」1919（大正8）年2月,NDC 913,新字新仮名,なし,1998-12-23,2014-09-17,http://www.aozora.gr.jp/cards/000879/card67.html,000879,芥川,竜之介,あくたがわ,りゅうのすけ,あくたかわ,りゆうのすけ,Akutagawa,Ryunosuke,著者,1892-03-01,1927-07-24,なし,芥川龍之介全集2,ちくま文庫、筑摩書房,1986（昭和61）年10月28日,1996（平成8）7月15日第11刷,1996（平成8）7月15日第11刷,筑摩全集類聚版芥川龍之介全集,筑摩書房,1971（昭和46）年3月～1971（昭和46）年11月,,,,,,,,,j.utiyama,かとうかおり,http://www.aozora.gr.jp/cards/000879/files/67_ruby_967.zip,2004-03-15,ShiftJIS,JIS X 0208,3,http://www.aozora.gr.jp/cards/000879/files/67_15174.html,2004-03-15,ShiftJIS,JIS X 0208,0
000066,開化の殺人,かいかのさつじん,かいかのさつしん,,,,「中央公論」1918（大正7）年7月,NDC 913,新字旧仮名,なし,1998-07-06,2014-09-17,http://www.aozora.gr.jp/cards/000879/card66.html,000879,芥川,竜之介,あくたがわ,りゅうのすけ,あくたかわ,りゆうのすけ,Akutagawa,Ryunosuke,著者,1892-03-01,1927-07-24,なし,現代日本文學大系　43　芥川龍之介集,筑摩書房,1968（昭和43）年8月25日,1968（昭和43）年8月25日初版第1刷,,,,,,,,,,,,,j.utiyama,野口英司,http://www.aozora.gr.jp/cards/000879/files/66_ruby_400.zip,2004-02-23,ShiftJIS,JIS X 0208,3,http://www.aozora.gr.jp/cards/000879/files/66_14906.html,2004-02-23,ShiftJIS,JIS X 0208,0
000065,貝殻,かいがら,かいから,,,,「文藝春秋」1927（昭和2）年1月,NDC 914 917,新字旧仮名,なし,1999-01-27,2014-09-17,http://www.aozora.gr.jp/cards/000879/card65.html,000879,芥川,竜之介,あくたがわ,りゅうのすけ,あくたかわ,りゆうのすけ,Akutagawa,Ryunosuke,著者,1892-03-01,1927-07-24,なし,芥川龍之介作品集　第四巻,昭和出版社,1965（昭和40）年12月20日,,,,,,,,,,,,,,j.utiyama,かとうかおり,http://www.aozora.gr.jp/cards/000879/files/65_ruby_1386.zip,2004-02-23,ShiftJIS,JIS X 0208,2,http://www.aozora.gr.jp/cards/000879/files/65_14907.html,2004-02-23,ShiftJIS,JIS X 0208,0
003764,解嘲,かいちょう,かいちよう,,,,,NDC 910,新字旧仮名,なし,2007-07-13,2014-09-21,http://www.aozora.gr.jp/cards/000879/card3764.html,000879,芥川,竜之介,あくたがわ,りゅうのすけ,あくたかわ,りゆうのすけ,Akutagawa,Ryunosuke,著者,1892-03-01,1927-07-24,なし,筑摩全集類聚　芥川龍之介全集第四巻,筑摩書房,1971（昭和46）年6月5日,1979（昭和54）年4月10日初版第11刷,,,,,,,,,,,,,土屋隆,松永正敏,http://www.aozora.gr.jp/cards/000879/files/3764_ruby_27200.zip,2007-06-27,ShiftJIS,JIS X 0208,0,http://www.aozora.gr.jp/cards/000879/files/3764_27288.html,2007-06-27,ShiftJIS,JIS X 0208,0
003800,蛙,かえる,かえる,,,,,NDC 913,新字旧仮名,なし,2007-07-13,2014-09-21,http://www.aozora.gr.jp/cards/000879/card3800.html,000879,芥川,竜之介,あくたがわ,りゅうのすけ,あくたかわ,りゆうのすけ,Akutagawa,Ryunosuke,著者,1892-03-01,1927-07-24,なし,筑摩全集類聚　芥川龍之介全集第四巻,筑摩書房,1971（昭和46）年6月5日,1979（昭和54）年4月10日初版第11刷,,,,,,,,,,,,,土屋隆,松永正敏,http://www.aozora.gr.jp/cards/000879/files/3800_ruby_27201.zip,2007-06-27,ShiftJIS,JIS X 0208,0,http://www.aozora.gr.jp/cards/000879/files/3800_27289.html,2007-06-27,ShiftJIS,JIS X 0208,0
043365,格さんと食慾,かくさんとしょくよく,かくさんとしよくよく,――最近の宇野浩二氏――,――さいきんのうのこうじし――,,,NDC 914,新字新仮名,なし,2007-03-13,2014-09-21,http://www.aozora.gr.jp/cards/000879/card43365.html,000879,芥川,竜之介,あくたがわ,りゅうのすけ,あくたかわ,りゆうのすけ,Akutagawa,Ryunosuke,著者,1892-03-01,1927-07-24,なし,大川の水・追憶・本所両国　現代日本のエッセイ,講談社文芸文庫、講談社,1995（平成7）年1月10日,1995（平成7）年1月10日第1刷,1995（平成7）年1月10日第1刷,芥川龍之介全集第1～9、12巻,岩波書店,1977（昭和52）年7、9～12月、1978（昭和53）年1～4、7月,,,,,,,,,向井樹里,砂場清隆,http://www.aozora.gr.jp/cards/000879/files/43365_ruby_25702.zip,2007-02-12,ShiftJIS,JIS X 0208,0,http://www.aozora.gr.jp/cards/000879/files/43365_26114.html,2007-02-12,ShiftJIS,JIS X 0208,0
000064,影,かげ,かけ,,,,「改造」1920（大正9）年9月,NDC 913,新字新仮名,なし,1999-03-01,2014-09-17,http://www.aozora.gr.jp/cards/000879/card64.html,000879,芥川,竜之介,あくたがわ,りゅうのすけ,あくたかわ,りゆうのすけ,Akutagawa,Ryunosuke,著者,1892-03-01,1927-07-24,なし,芥川龍之介全集4,ちくま文庫、筑摩書房,1987（昭和62）年1月27日,1996（平成8）年7月15日第8刷,,筑摩全集類聚版芥川龍之介全集,筑摩書房,1971（昭和46）年3月～1971（昭和46）年11月,,,,,,,,,j.utiyama,もりみつじゅんじ,http://www.aozora.gr.jp/cards/000879/files/64_ruby_1561.zip,2004-03-15,ShiftJIS,JIS X 0208,2,http://www.aozora.gr.jp/cards/000879/files/64_15175.html,2004-03-15,ShiftJIS,JIS X 0208,0
000074,片恋,かたこい,かたこい,,,,「文章世界」1917（大正6）年10月,NDC 913,新字新仮名,なし,1998-12-07,2014-09-17,http://www.aozora.gr.jp/cards/000879/card74.html,000879,芥川,竜之介,あくたがわ,りゅうのすけ,あくたかわ,りゆうのすけ,Akutagawa,Ryunosuke,著者,1892-03-01,1927-07-24,なし,芥川龍之介全集2,ちくま文庫、筑摩書房,1986（昭和61）年10月28日,1996（平成8）7月15日第11刷,1996（平成8）7月15日第11刷,筑摩全集類聚版芥川龍之介全集,筑摩書房,1971（昭和46）年3月～1971（昭和46）年11月,,,,,,,,,j.utiyama,かとうかおり,http://www.aozora.gr.jp/cards/000879/files/74_ruby_853.zip,2004-03-15,ShiftJIS,JIS X 0208,2,http://www.aozora.gr.jp/cards/000879/files/74_15176.html,2004-03-15,ShiftJIS,JIS X 0208,0
003814,かちかち山,かちかちやま,かちかちやま,,,,,NDC 913,新字旧仮名,なし,2007-07-13,2014-09-21,http://www.aozora.gr.jp/cards/000879/card3814.html,000879,芥川,竜之介,あくたがわ,りゅうのすけ,あくたかわ,りゆうのすけ,Akutagawa,Ryunosuke,著者,1892-03-01,1927-07-24,なし,筑摩全集類聚　芥川龍之介全集第四巻,筑摩書房,1971（昭和46）年6月5日,1979（昭和54）年4月10日初版第11刷,,,,,,,,,,,,,土屋隆,松永正敏,http://www.aozora.gr.jp/cards/000879/files/3814_ruby_27202.zip,2007-06-27,ShiftJIS,JIS X 0208,0,http://www.aozora.gr.jp/cards/000879/files/3814_27290.html,2007-06-27,ShiftJIS,JIS X 0208,0
003772,学校友だち,がっこうともだち,かつこうともたち,,,,,NDC 914,新字旧仮名,なし,2007-07-13,2014-09-21,http://www.aozora.gr.jp/cards/000879/card3772.html,000879,芥川,竜之介,あくたがわ,りゅうのすけ,あくたかわ,りゆうのすけ,Akutagawa,Ryunosuke,著者,1892-03-01,1927-07-24,なし,筑摩全集類聚　芥川龍之介全集第四巻,筑摩書房,1971（昭和46）年6月5日,1979（昭和54）年4月10日初版第11刷,,,,,,,,,,,,,土屋隆,松永正敏,http://www.aozora.gr.jp/cards/000879/files/3772_ruby_27203.zip,2007-06-27,ShiftJIS,JIS X 0208,0,http://www.aozora.gr.jp/cards/000879/files/3772_27291.html,2007-06-27,ShiftJIS,JIS X 0208,0
000069,河童,かっぱ,かつは,,,,「改造」1927（昭和2）年3月,NDC 913,新字新仮名,なし,1999-01-24,2014-09-17,http://www.aozora.gr.jp/cards/000879/card69.html,000879,芥川,竜之介,あくたがわ,りゅうのすけ,あくたかわ,りゆうのすけ,Akutagawa,Ryunosuke,著者,1892-03-01,1927-07-24,なし,河童・或る阿呆の一生,旺文社文庫、旺文社,1966（昭和41）年10月20日,1984（昭和59）年重版,,,,,,,,,,,,,もりみつじゅんじ,かとうかおり,http://www.aozora.gr.jp/cards/000879/files/69_ruby_1321.zip,2012-03-20,ShiftJIS,JIS X 0208,5,http://www.aozora.gr.jp/cards/000879/files/69_14933.html,2012-03-20,ShiftJIS,JIS X 0208,5
045761,河童,かっぱ,かつは,,,,「改造　第九巻第三号」1927（昭和2）年3月1日,NDC 913,新字旧仮名,なし,2010-05-29,2014-09-21,http://www.aozora.gr.jp/cards/000879/card45761.html,000879,芥川,竜之介,あくたがわ,りゅうのすけ,あくたかわ,りゆうのすけ,Akutagawa,Ryunosuke,著者,1892-03-01,1927-07-24,なし,芥川龍之介全集　第十四巻,岩波書店,1996（平成8）年12月9日,1996（平成8）年12月9日,1996（平成8）年12月9日,改造　第九巻第三号,改造社,1927（昭和2）年3月1日,,,,,,,,,五十嵐仁,小林繁雄,http://www.aozora.gr.jp/cards/000879/files/45761_ruby_38235.zip,2011-04-14,ShiftJIS,JIS X 0208,1,http://www.aozora.gr.jp/cards/000879/files/45761_39095.html,2011-04-14,ShiftJIS,JIS X 0208,1
003802,南瓜,かぼちゃ,かほちや,,,,,NDC 913,新字旧仮名,なし,2007-07-13,2014-09-21,http://www.aozora.gr.jp/cards/000879/card3802.html,000879,芥川,竜之介,あくたがわ,りゅうのすけ,あくたかわ,りゆうのすけ,Akutagawa,Ryunosuke,著者,1892-03-01,1927-07-24,なし,筑摩全集類聚　芥川龍之介全集第四巻,筑摩書房,1971（昭和46）年6月5日,1979（昭和54）年4月10日初版第11刷,,,,,,,,,,,,,土屋隆,松永正敏,http://www.aozora.gr.jp/cards/000879/files/3802_ruby_27204.zip,2007-06-27,ShiftJIS,JIS X 0208,0,http://www.aozora.gr.jp/cards/000879/files/3802_27292.html,2007-06-27,ShiftJIS,JIS X 0208,0
000068,神神の微笑,かみがみのびしょう,かみかみのひしよう,,,,「新小説」1922（大正11）年1月,NDC 913,新字新仮名,なし,1998-12-19,2014-09-17,http://www.aozora.gr.jp/cards/000879/card68.html,000879,芥川,竜之介,あくたがわ,りゅうのすけ,あくたかわ,りゆうのすけ,Akutagawa,Ryunosuke,著者,1892-03-01,1927-07-24,なし,芥川龍之介全集4,ちくま文庫、筑摩書房,1987（昭和62）年1月27日,1993（平成5）年12月25日第6刷,1996（平成8）年7月15日第8刷,筑摩全集類聚版芥川龍之介全集,筑摩書房,1971（昭和46）年3月～1971（昭和46）年11月,,,,,,,,,j.utiyama,かとうかおり,http://www.aozora.gr.jp/cards/000879/files/68_ruby_936.zip,2004-03-15,ShiftJIS,JIS X 0208,2,http://www.aozora.gr.jp/cards/000879/files/68_15177.html,2004-03-15,ShiftJIS,JIS X 0208,0
003766,「仮面」の人々,「かめん」のひとびと,かめんのひとひと,,,,,NDC 914,新字旧仮名,なし,2007-07-16,2014-09-21,http://www.aozora.gr.jp/cards/000879/card3766.html,000879,芥川,竜之介,あくたがわ,りゅうのすけ,あくたかわ,りゆうのすけ,Akutagawa,Ryunosuke,著者,1892-03-01,1927-07-24,なし,筑摩全集類聚　芥川龍之介全集第四巻,筑摩書房,1971（昭和46）年6月5日,1979（昭和54）年4月10日初版第11刷,,,,,,,,,,,,,土屋隆,松永正敏,http://www.aozora.gr.jp/cards/000879/files/3766_ruby_27205.zip,2007-06-27,ShiftJIS,JIS X 0208,0,http://www.aozora.gr.jp/cards/000879/files/3766_27293.html,2007-06-27,ShiftJIS,JIS X 0208,0
043366,鴨猟,かもりょう,かもりよう,,,,,NDC 914,新字新仮名,なし,2007-03-07,2014-09-21,http://www.aozora.gr.jp/cards/000879/card43366.html,000879,芥川,竜之介,あくたがわ,りゅうのすけ,あくたかわ,りゆうのすけ,Akutagawa,Ryunosuke,著者,1892-03-01,1927-07-24,なし,大川の水・追憶・本所両国　現代日本のエッセイ,講談社文芸文庫、講談社,1995（平成7）年1月10日,1995（平成7）年1月10日第1刷,1995（平成7）年1月10日第1刷,芥川龍之介全集第1～9、12巻,岩波書店,1977（昭和52）年7、9～12月、1978（昭和53）年1～4、7月,,,,,,,,,向井樹里,砂場清隆,http://www.aozora.gr.jp/cards/000879/files/43366_ruby_25731.zip,2007-02-12,ShiftJIS,JIS X 0208,0,http://www.aozora.gr.jp/cards/000879/files/43366_26100.html,2007-02-12,ShiftJIS,JIS X 0208,0
002323,軽井沢で,かるいざわで,かるいさわて,,,,,NDC 914 917,新字旧仮名,なし,1999-02-15,2014-09-17,http://www.aozora.gr.jp/cards/000879/card2323.html,000879,芥川,竜之介,あくたがわ,りゅうのすけ,あくたかわ,りゆうのすけ,Akutagawa,Ryunosuke,著者,1892-03-01,1927-07-24,なし,芥川龍之介全集　第四巻,筑摩書房,1971（昭和46）年6月5日,1971（昭和46）年10月5日初版第5刷,1971（昭和46）年10月5日初版第5刷,,,,,,,,,,,,j.utiyama,j.utiyama,http://www.aozora.gr.jp/cards/000879/files/2323_ruby_1514.zip,2003-10-20,ShiftJIS,JIS X 0208,3,http://www.aozora.gr.jp/cards/000879/files/2323_13460.html,2003-10-20,ShiftJIS,JIS X 0208,0
000029,カルメン,カルメン,かるめん,,,,「文藝春秋」1926（大正15）年7月,NDC 913,新字新仮名,なし,1999-01-27,2014-09-17,http://www.aozora.gr.jp/cards/000879/card29.html,000879,芥川,竜之介,あくたがわ,りゅうのすけ,あくたかわ,りゆうのすけ,Akutagawa,Ryunosuke,著者,1892-03-01,1927-07-24,なし,芥川龍之介全集6,ちくま文庫、筑摩書房,1987（昭和62）年3月24日,1993（平成5）年2月25日第6刷,1997（平成9）年4月15日第8刷,筑摩全集類聚版芥川龍之介全集,筑摩書房,1971（昭和46）年3月～1971（昭和46）年11月,,,,,,,,,j.utiyama,田尻幹二,http://www.aozora.gr.jp/cards/000879/files/29_ruby_1382.zip,2004-03-15,ShiftJIS,JIS X 0208,3,http://www.aozora.gr.jp/cards/000879/files/29_15178.html,2004-03-15,ShiftJIS,JIS X 0208,0
000070,彼,かれ,かれ,,,,「女性」1927（昭和2）年1月,NDC 913,新字新仮名,なし,1999-03-01,2014-09-17,http://www.aozora.gr.jp/cards/000879/card70.html,000879,芥川,竜之介,あくたがわ,りゅうのすけ,あくたかわ,りゆうのすけ,Akutagawa,Ryunosuke,著者,1892-03-01,1927-07-24,なし,芥川龍之介全集6,ちくま文庫、筑摩書房,1987（昭和62）年3月24日,1993（平成5）年2月25日第6刷,,筑摩全集類聚版芥川龍之介全集,筑摩書房,1971（昭和46）年3月～1971（昭和46）年11月,,,,,,,,,j.utiyama,もりみつじゅんじ,http://www.aozora.gr.jp/cards/000879/files/70_ruby_1565.zip,2004-03-15,ShiftJIS,JIS X 0208,2,http://www.aozora.gr.jp/cards/000879/files/70_15179.html,2004-03-15,ShiftJIS,JIS X 0208,0
000071,彼　第二,かれ　だいに,かれたいに,,,,「新潮」1927（昭和2）年1月,NDC 913,新字新仮名,なし,1999-03-01,2014-09-17,http://www.aozora.gr.jp/cards/000879/card71.html,000879,芥川,竜之介,あくたがわ,りゅうのすけ,あくたかわ,りゆうのすけ,Akutagawa,Ryunosuke,著者,1892-03-01,1927-07-24,なし,芥川龍之介全集6,ちくま文庫、筑摩書房,1987（昭和62）年3月24日,1993（平成5）年2月25日第6刷,,筑摩全集類聚版芥川龍之介全集,筑摩書房,1971（昭和46）年3月～1971（昭和46）年11月,,,,,,,,,j.utiyama,もりみつじゅんじ,http://www.aozora.gr.jp/cards/000879/files/71_ruby_1569.zip,2004-03-15,ShiftJIS,JIS X 0208,3,http://www.aozora.gr.jp/cards/000879/files/71_15180.html,2004-03-15,ShiftJIS,JIS X 0208,0
000072,枯野抄,かれのしょう,かれのしよう,,,,「新小説」1918（大正7）年10月,NDC 913,新字旧仮名,なし,1998-06-04,2014-09-17,http://www.aozora.gr.jp/cards/000879/card72.html,000879,芥川,竜之介,あくたがわ,りゅうのすけ,あくたかわ,りゆうのすけ,Akutagawa,Ryunosuke,著者,1892-03-01,1927-07-24,なし,現代日本文學大系　43　芥川龍之介集,筑摩書房,1968（昭和43）年8月25日,1968（昭和43）年8月25日初版第1刷,,,,,,,,,,,,,j.utiyama,かとうかおり,http://www.aozora.gr.jp/cards/000879/files/72_ruby_362.zip,2004-02-26,ShiftJIS,JIS X 0208,2,http://www.aozora.gr.jp/cards/000879/files/72_14932.html,2004-02-26,ShiftJIS,JIS X 0208,0
043367,彼の長所十八,かれのちょうしょじゅうはち,かれのちようしよしゆうはち,――南部修太郎氏の印象――,――なんぶしゅうたろうしのいんしょう――,,,NDC 914,新字新仮名,なし,2007-03-07,2014-09-21,http://www.aozora.gr.jp/cards/000879/card43367.html,000879,芥川,竜之介,あくたがわ,りゅうのすけ,あくたかわ,りゆうのすけ,Akutagawa,Ryunosuke,著者,1892-03-01,1927-07-24,なし,大川の水・追憶・本所両国　現代日本のエッセイ,講談社文芸文庫、講談社,1995（平成7）年1月10日,1995（平成7）年1月10日第1刷,1995（平成7）年1月10日第1刷,芥川龍之介全集第1～9、12巻,岩波書店,1977（昭和52）年7、9～12月、1978（昭和53）年1～4、7月,,,,,,,,,向井樹里,砂場清隆,http://www.aozora.gr.jp/cards/000879/files/43367_ruby_25732.zip,2007-02-12,ShiftJIS,JIS X 0208,0,http://www.aozora.gr.jp/cards/000879/files/43367_26101.html,2007-02-12,ShiftJIS,JIS X 0208,0
003809,寒山拾得,かんざんじっとく,かんさんしつとく,,,,,NDC 914,新字旧仮名,なし,2007-05-24,2014-09-21,http://www.aozora.gr.jp/cards/000879/card3809.html,000879,芥川,竜之介,あくたがわ,りゅうのすけ,あくたかわ,りゆうのすけ,Akutagawa,Ryunosuke,著者,1892-03-01,1927-07-24,なし,筑摩全集類聚　芥川龍之介全集第四巻,筑摩書房,1971（昭和46）年6月5日,1979（昭和54）年4月10日初版第11刷,1977（昭和52）年9月30日初版第10刷 ,,,,,,,,,,,,土屋隆,浅原庸子,http://www.aozora.gr.jp/cards/000879/files/3809_ruby_26529.zip,2007-04-13,ShiftJIS,JIS X 0208,0,http://www.aozora.gr.jp/cards/000879/files/3809_26610.html,2007-04-13,ShiftJIS,JIS X 0208,0
003747,鑑定,かんてい,かんてい,,,,,NDC 914,新字旧仮名,なし,2007-07-16,2014-09-21,http://www.aozora.gr.jp/cards/000879/card3747.html,000879,芥川,竜之介,あくたがわ,りゅうのすけ,あくたかわ,りゆうのすけ,Akutagawa,Ryunosuke,著者,1892-03-01,1927-07-24,なし,筑摩全集類聚　芥川龍之介全集第四巻,筑摩書房,1971（昭和46）年6月5日,1979（昭和54）年4月10日初版第11刷,,,,,,,,,,,,,土屋隆,松永正敏,http://www.aozora.gr.jp/cards/000879/files/3747_ruby_27206.zip,2007-06-27,ShiftJIS,JIS X 0208,0,http://www.aozora.gr.jp/cards/000879/files/3747_27294.html,2007-06-27,ShiftJIS,JIS X 0208,0
000077,奇怪な再会,きかいなさいかい,きかいなさいかい,,,,「大阪毎日新聞夕刊」1921（大正10）年1、2月,NDC 913,新字新仮名,なし,1998-12-19,2014-09-17,http://www.aozora.gr.jp/cards/000879/card77.html,000879,芥川,竜之介,あくたがわ,りゅうのすけ,あくたかわ,りゆうのすけ,Akutagawa,Ryunosuke,著者,1892-03-01,1927-07-24,なし,芥川龍之介全集4,ちくま文庫、筑摩書房,1987（昭和62）年1月27日,1993（平成5）年12月25日第6刷,1996（平成8）年7月15日第8刷,筑摩全集類聚版芥川龍之介全集,筑摩書房,1971（昭和46）年3月～1971（昭和46）年11月,,,,,,,,,j.utiyama,かとうかおり,http://www.aozora.gr.jp/cards/000879/files/77_ruby_944.zip,2004-03-15,ShiftJIS,JIS X 0208,3,http://www.aozora.gr.jp/cards/000879/files/77_15181.html,2004-03-15,ShiftJIS,JIS X 0208,0
002366,機関車を見ながら,きかんしゃをみながら,きかんしやをみなから,,,,「サンデー毎日」1927（昭和2）年9月,NDC 914,新字旧仮名,なし,1999-01-27,2014-09-17,http://www.aozora.gr.jp/cards/000879/card2366.html,000879,芥川,竜之介,あくたがわ,りゅうのすけ,あくたかわ,りゆうのすけ,Akutagawa,Ryunosuke,著者,1892-03-01,1927-07-24,なし,芥川龍之介作品集　第四巻,昭和出版社,1965（昭和40）年12月20日,,,,,,,,,,,,,,j.utiyama,かとうかおり,http://www.aozora.gr.jp/cards/000879/files/2366_ruby_1394.zip,2003-10-20,ShiftJIS,JIS X 0208,2,http://www.aozora.gr.jp/cards/000879/files/2366_13454.html,2003-10-20,ShiftJIS,JIS X 0208,0
000076,奇遇,きぐう,きくう,,,,「中央公論」1921（大正10）年4月,NDC 913,新字新仮名,なし,1998-12-19,2014-09-17,http://www.aozora.gr.jp/cards/000879/card76.html,000879,芥川,竜之介,あくたがわ,りゅうのすけ,あくたかわ,りゆうのすけ,Akutagawa,Ryunosuke,著者,1892-03-01,1927-07-24,なし,芥川龍之介全集4,ちくま文庫、筑摩書房,1987（昭和62）年1月27日,1993（平成5）年12月25日第6刷,1996（平成8）年7月15日第8刷,筑摩全集類聚版芥川龍之介全集,筑摩書房,1971（昭和46）年3月～1971（昭和46）年11月,,,,,,,,,j.utiyama,かとうかおり,http://www.aozora.gr.jp/cards/000879/files/76_ruby_940.zip,2004-03-15,ShiftJIS,JIS X 0208,2,http://www.aozora.gr.jp/cards/000879/files/76_15182.html,2004-03-15,ShiftJIS,JIS X 0208,0
043368,「菊池寛全集」の序,「きくちかんぜんしゅう」のじょ,きくちかんせんしゆうのしよ,,,,,NDC 914,新字新仮名,なし,2005-03-11,2014-09-18,http://www.aozora.gr.jp/cards/000879/card43368.html,000879,芥川,竜之介,あくたがわ,りゅうのすけ,あくたかわ,りゆうのすけ,Akutagawa,Ryunosuke,著者,1892-03-01,1927-07-24,なし,大川の水・追憶・本所両国　現代日本のエッセイ,講談社文芸文庫、講談社,1995（平成7）年1月10日,1995（平成7）年1月10日第1刷,1995（平成7）年1月10日第1刷,芥川龍之介全集第1～9、12巻,岩波書店,1977（昭和52）年7、9～12月、1978（昭和53）年1～4、7月,,,,,,,,,向井樹里,門田裕志,http://www.aozora.gr.jp/cards/000879/files/43368_ruby_17691.zip,2005-02-20,ShiftJIS,JIS X 0208,0,http://www.aozora.gr.jp/cards/000879/files/43368_17878.html,2005-02-20,ShiftJIS,JIS X 0208,0
000080,煙管,きせる,きせる,,,,「新小説」1916（大正5）年11月,NDC 913,新字新仮名,なし,1998-11-11,2014-09-17,http://www.aozora.gr.jp/cards/000879/card80.html,000879,芥川,竜之介,あくたがわ,りゅうのすけ,あくたかわ,りゆうのすけ,Akutagawa,Ryunosuke,著者,1892-03-01,1927-07-24,なし,芥川龍之介全集1,ちくま文庫、筑摩書房,1986（昭和61）年9月24日,1995（平成7）年10月5日第13刷,,筑摩全集類聚版芥川龍之介全集,筑摩書房,1971（昭和46）年3月～1971（昭和46）年11月,,,,,,,,,j.utiyama,もりみつじゅんじ,http://www.aozora.gr.jp/cards/000879/files/80_ruby_753.zip,2004-03-15,ShiftJIS,JIS X 0208,2,http://www.aozora.gr.jp/cards/000879/files/80_15183.html,2004-03-15,ShiftJIS,JIS X 0208,0
000081,木曽義仲論,きそのよしなかろん,きそのよしなかろん,,,,,NDC 914,新字旧仮名,なし,1999-01-30,2014-09-17,http://www.aozora.gr.jp/cards/000879/card81.html,000879,芥川,竜之介,あくたがわ,りゅうのすけ,あくたかわ,りゆうのすけ,Akutagawa,Ryunosuke,著者,1892-03-01,1927-07-24,なし,現代日本文學大系　43　芥川龍之介集,筑摩書房,1968（昭和43）年8月25日,1968（昭和43）年8月25日初版第1刷,,,,,,,,,,,,,j.utiyama,かとうかおり,http://www.aozora.gr.jp/cards/000879/files/81_txt_1409.zip,2004-02-26,ShiftJIS,JIS X 0208,2,http://www.aozora.gr.jp/cards/000879/files/81_14934.html,2004-02-26,ShiftJIS,JIS X 0208,0
001137,着物,きもの,きもの,,,,「点心」1922（大正11）年5月,NDC 914,新字旧仮名,なし,2002-10-06,2014-09-17,http://www.aozora.gr.jp/cards/000879/card1137.html,000879,芥川,竜之介,あくたがわ,りゅうのすけ,あくたかわ,りゆうのすけ,Akutagawa,Ryunosuke,著者,1892-03-01,1927-07-24,なし,芥川龍之介全集　第九巻,岩波書店,1996（平成8）年7月8日発行,1996（平成8）年7月8日発行,,,,,,,,,,,,,もりみつじゅんじ,松永正敏,http://www.aozora.gr.jp/cards/000879/files/1137_ruby_5484.zip,2002-09-20,ShiftJIS,JIS X 0208,1,http://www.aozora.gr.jp/cards/000879/files/1137_6765.html,2002-09-20,ShiftJIS,JIS X 0208,0
002327,凶,きょう,きよう,,,,,NDC 914,新字旧仮名,なし,1999-02-15,2014-09-17,http://www.aozora.gr.jp/cards/000879/card2327.html,000879,芥川,竜之介,あくたがわ,りゅうのすけ,あくたかわ,りゆうのすけ,Akutagawa,Ryunosuke,著者,1892-03-01,1927-07-24,なし,芥川龍之介全集　第四巻,筑摩書房,1971（昭和46）年6月5日,1971（昭和46）年10月5日初版第5刷,1971（昭和46）年10月5日初版第5刷,,,,,,,,,,,,j.utiyama,j.utiyama,http://www.aozora.gr.jp/cards/000879/files/2327_ruby_1526.zip,2003-10-20,ShiftJIS,JIS X 0208,3,http://www.aozora.gr.jp/cards/000879/files/2327_13464.html,2003-10-20,ShiftJIS,JIS X 0208,0
000093,「鏡花全集」目録開口,「きょうかぜんしゅう」もくろくかいこう,きようかせんしゆうもくろくかいこう,,,,「新小説」1925（大正14）年5月,NDC 914,新字旧仮名,なし,1999-05-26,2014-09-17,http://www.aozora.gr.jp/cards/000879/card93.html,000879,芥川,竜之介,あくたがわ,りゅうのすけ,あくたかわ,りゆうのすけ,Akutagawa,Ryunosuke,著者,1892-03-01,1927-07-24,なし,筑摩全集類聚版芥川龍之介全集第五巻,筑摩書房,1971（昭和46）年7月5日,,,,,,,,,,,,,,山田豊,菅野朋子,http://www.aozora.gr.jp/cards/000879/files/93_ruby_2011.zip,2004-02-27,ShiftJIS,JIS X 0208,2,http://www.aozora.gr.jp/cards/000879/files/93_14953.html,2004-02-27,ShiftJIS,JIS X 0208,0
003815,教訓談,きょうくんだん,きようくんたん,,,,,NDC 914,新字旧仮名,なし,2007-07-16,2014-09-21,http://www.aozora.gr.jp/cards/000879/card3815.html,000879,芥川,竜之介,あくたがわ,りゅうのすけ,あくたかわ,りゆうのすけ,Akutagawa,Ryunosuke,著者,1892-03-01,1927-07-24,なし,筑摩全集類聚　芥川龍之介全集第四巻,筑摩書房,1971（昭和46）年6月5日,1979（昭和54）年4月10日初版第11刷,,,,,,,,,,,,,土屋隆,松永正敏,http://www.aozora.gr.jp/cards/000879/files/3815_ruby_27207.zip,2007-06-27,ShiftJIS,JIS X 0208,0,http://www.aozora.gr.jp/cards/000879/files/3815_27295.html,2007-06-27,ShiftJIS,JIS X 0208,0
003803,京都日記,きょうとにっき,きようとにつき,,,,,NDC 914,新字旧仮名,なし,2007-07-16,2014-09-21,http://www.aozora.gr.jp/cards/000879/card3803.html,000879,芥川,竜之介,あくたがわ,りゅうのすけ,あくたかわ,りゆうのすけ,Akutagawa,Ryunosuke,著者,1892-03-01,1927-07-24,なし,筑摩全集類聚　芥川龍之介全集第四巻,筑摩書房,1971（昭和46）年6月5日,1979（昭和54）年4月10日初版第11刷,,,,,,,,,,,,,土屋隆,松永正敏,http://www.aozora.gr.jp/cards/000879/files/3803_ruby_27208.zip,2007-06-27,ShiftJIS,JIS X 0208,0,http://www.aozora.gr.jp/cards/000879/files/3803_27296.html,2007-06-27,ShiftJIS,JIS X 0208,0
000079,きりしとほろ上人伝,きりしとほろしょうにんでん,きりしとほろしようにんてん,,,,「新小説」1919（大正8）年3、5月,NDC 913,新字旧仮名,なし,1998-06-22,2014-09-17,http://www.aozora.gr.jp/cards/000879/card79.html,000879,芥川,竜之介,あくたがわ,りゅうのすけ,あくたかわ,りゆうのすけ,Akutagawa,Ryunosuke,著者,1892-03-01,1927-07-24,なし,現代日本文學大系　43　芥川龍之介集,筑摩書房,1968（昭和43）年8月25日,1968（昭和43）年8月25日初版第1刷,,,,,,,,,,,,,j.utiyama,かとうかおり,http://www.aozora.gr.jp/cards/000879/files/79_ruby_381.zip,2004-02-27,ShiftJIS,JIS X 0208,2,http://www.aozora.gr.jp/cards/000879/files/79_14954.html,2004-02-27,ShiftJIS,JIS X 0208,0
000039,疑惑,ぎわく,きわく,,,,「中央公論」1919（大正8）年7月,NDC 913,新字新仮名,なし,1998-12-08,2014-09-17,http://www.aozora.gr.jp/cards/000879/card39.html,000879,芥川,竜之介,あくたがわ,りゅうのすけ,あくたかわ,りゆうのすけ,Akutagawa,Ryunosuke,著者,1892-03-01,1927-07-24,なし,芥川龍之介全集3,ちくま文庫、筑摩書房,1986（昭和61）年12月1日,1996（平成8）年4月1日第8刷,1997（平成9）年4月15日第9刷,筑摩全集類聚版芥川龍之介全集,筑摩書房,1971（昭和46）年3月～1971（昭和46）年11月,,,,,,,,,j.utiyama,かとうかおり,http://www.aozora.gr.jp/cards/000879/files/39_ruby_881.zip,2004-03-15,ShiftJIS,JIS X 0208,4,http://www.aozora.gr.jp/cards/000879/files/39_15184.html,2004-03-15,ShiftJIS,JIS X 0208,0
000078,金将軍,きんしょうぐん,きんしようくん,,,,「新小説」1924（大正13）年2月,NDC 913,新字新仮名,なし,1999-01-08,2014-09-17,http://www.aozora.gr.jp/cards/000879/card78.html,000879,芥川,竜之介,あくたがわ,りゅうのすけ,あくたかわ,りゆうのすけ,Akutagawa,Ryunosuke,著者,1892-03-01,1927-07-24,なし,芥川龍之介全集5,ちくま文庫、筑摩書房,1987（昭和62）年2月24日,1995（平成7）年4月10日第6刷,1996（平成8）年7月15日第7刷,筑摩全集類聚版芥川龍之介全集,筑摩書房,1971（昭和46）年3月～1971（昭和46）年11月,,,,,,,,,j.utiyama,かとうかおり,http://www.aozora.gr.jp/cards/000879/files/78_ruby_1138.zip,2004-03-15,ShiftJIS,JIS X 0208,2,http://www.aozora.gr.jp/cards/000879/files/78_15185.html,2004-03-15,ShiftJIS,JIS X 0208,0
002328,鵠沼雑記,くげぬまざっき,くけぬまさつき,,,,,NDC 914,新字旧仮名,なし,1999-02-15,2014-09-17,http://www.aozora.gr.jp/cards/000879/card2328.html,000879,芥川,竜之介,あくたがわ,りゅうのすけ,あくたかわ,りゆうのすけ,Akutagawa,Ryunosuke,著者,1892-03-01,1927-07-24,なし,芥川龍之介全集　第四巻,筑摩書房,1971（昭和46）年6月5日,1971（昭和46）年10月5日初版第5刷,1971（昭和46）年10月5日初版第5刷,,,,,,,,,,,,j.utiyama,j.utiyama,http://www.aozora.gr.jp/cards/000879/files/2328_ruby_1529.zip,2003-10-20,ShiftJIS,JIS X 0208,3,http://www.aozora.gr.jp/cards/000879/files/2328_13465.html,2003-10-20,ShiftJIS,JIS X 0208,0
003784,孔雀,くじゃく,くしやく,,,,,NDC 917,新字旧仮名,なし,2007-07-16,2014-09-21,http://www.aozora.gr.jp/cards/000879/card3784.html,000879,芥川,竜之介,あくたがわ,りゅうのすけ,あくたかわ,りゆうのすけ,Akutagawa,Ryunosuke,著者,1892-03-01,1927-07-24,なし,筑摩全集類聚　芥川龍之介全集第四巻,筑摩書房,1971（昭和46）年6月5日,1979（昭和54）年4月10日初版第11刷,,,,,,,,,,,,,土屋隆,松永正敏,http://www.aozora.gr.jp/cards/000879/files/3784_ruby_27209.zip,2007-06-27,ShiftJIS,JIS X 0208,0,http://www.aozora.gr.jp/cards/000879/files/3784_27297.html,2007-06-27,ShiftJIS,JIS X 0208,0
000091,首が落ちた話,くびがおちたはなし,くひかおちたはなし,,,,「新潮」1918（大正7）年1月,NDC 913,新字新仮名,なし,1998-12-23,2014-09-17,http://www.aozora.gr.jp/cards/000879/card91.html,000879,芥川,竜之介,あくたがわ,りゅうのすけ,あくたかわ,りゆうのすけ,Akutagawa,Ryunosuke,著者,1892-03-01,1927-07-24,なし,芥川龍之介全集2,ちくま文庫、筑摩書房,1986（昭和61）年10月28日,1996（平成8）7月15日第11刷,1996（平成8）7月15日第11刷,筑摩全集類聚版芥川龍之介全集,筑摩書房,1971（昭和46）年3月～1971（昭和46）年11月,,,,,,,,,j.utiyama,かとうかおり,http://www.aozora.gr.jp/cards/000879/files/91_ruby_975.zip,2004-03-15,ShiftJIS,JIS X 0208,3,http://www.aozora.gr.jp/cards/000879/files/91_15186.html,2004-03-15,ShiftJIS,JIS X 0208,0
043369,久保田万太郎氏,くぼたまんたろうし,くほたまんたろうし,,,,,NDC 914,新字新仮名,なし,2007-03-07,2014-09-21,http://www.aozora.gr.jp/cards/000879/card43369.html,000879,芥川,竜之介,あくたがわ,りゅうのすけ,あくたかわ,りゆうのすけ,Akutagawa,Ryunosuke,著者,1892-03-01,1927-07-24,なし,大川の水・追憶・本所両国　現代日本のエッセイ,講談社文芸文庫、講談社,1995（平成7）年1月10日,1995（平成7）年1月10日第1刷,1995（平成7）年1月10日第1刷,芥川龍之介全集第1～9、12巻,岩波書店,1977（昭和52）年7、9～12月、1978（昭和53）年1～4、7月,,,,,,,,,向井樹里,砂場清隆,http://www.aozora.gr.jp/cards/000879/files/43369_ruby_25735.zip,2007-02-12,ShiftJIS,JIS X 0208,0,http://www.aozora.gr.jp/cards/000879/files/43369_26102.html,2007-02-12,ShiftJIS,JIS X 0208,0
043370,久米正雄,くめまさお,くめまさお,――傚久米正雄文体――,――ならうくめまさおぶんたい――,,,NDC 914,新字新仮名,なし,2007-03-07,2014-09-21,http://www.aozora.gr.jp/cards/000879/card43370.html,000879,芥川,竜之介,あくたがわ,りゅうのすけ,あくたかわ,りゆうのすけ,Akutagawa,Ryunosuke,著者,1892-03-01,1927-07-24,なし,大川の水・追憶・本所両国　現代日本のエッセイ,講談社文芸文庫、講談社,1995（平成7）年1月10日,1995（平成7）年1月10日第1刷,1995（平成7）年1月10日第1刷,芥川龍之介全集第1～9、12巻,岩波書店,1977（昭和52）年7、9～12月、1978（昭和53）年1～4、7月,,,,,,,,,向井樹里,砂場清隆,http://www.aozora.gr.jp/cards/000879/files/43370_ruby_25736.zip,2007-02-12,ShiftJIS,JIS X 0208,0,http://www.aozora.gr.jp/cards/000879/files/43370_26103.html,2007-02-12,ShiftJIS,JIS X 0208,0
043371,久米正雄氏の事,くめまさおしのこと,くめまさおしのこと,,,,,NDC 914,新字新仮名,なし,2007-03-07,2014-09-21,http://www.aozora.gr.jp/cards/000879/card43371.html,000879,芥川,竜之介,あくたがわ,りゅうのすけ,あくたかわ,りゆうのすけ,Akutagawa,Ryunosuke,著者,1892-03-01,1927-07-24,なし,現代日本のエッセイ 大川の水／追憶／本所両国　芥川竜之介,講談社,1995（平成7）年1月10日,1995（平成7）年1月10日第1刷,1995（平成7）年1月10日第1刷,芥川龍之介全集第1～9、12巻,岩波書店,1977（昭和52）年7、9～12月、1978（昭和53）年1～4、7月,,,,,,,,,向井樹里,砂場清隆,http://www.aozora.gr.jp/cards/000879/files/43371_ruby_25737.zip,2007-02-12,ShiftJIS,JIS X 0208,0,http://www.aozora.gr.jp/cards/000879/files/43371_26104.html,2007-02-12,ShiftJIS,JIS X 0208,0
000092,蜘蛛の糸,くものいと,くものいと,,,,「赤い鳥」1918（大正7）年7月,NDC K913,新字新仮名,なし,1997-11-10,2014-09-17,http://www.aozora.gr.jp/cards/000879/card92.html,000879,芥川,竜之介,あくたがわ,りゅうのすけ,あくたかわ,りゆうのすけ,Akutagawa,Ryunosuke,著者,1892-03-01,1927-07-24,なし,芥川龍之介全集2,ちくま文庫、筑摩書房,1986（昭和61）年10月28日,1996（平成8）年7月15日第11刷,,筑摩全集類聚版芥川龍之介全集,筑摩書房,1971（昭和46）年3月～11月,,,,,,,,,野口英司、平山誠,もりみつじゅんじ,http://www.aozora.gr.jp/cards/000879/files/92_ruby_164.zip,2011-01-28,ShiftJIS,JIS X 0208,4,http://www.aozora.gr.jp/cards/000879/files/92_14545.html,2011-01-28,ShiftJIS,JIS X 0208,2
051865,軍艦金剛航海記,ぐんかんこんごうこうかいき,くんかんこんこうこうかいき,,,,,NDC 915,旧字旧仮名,なし,2010-10-19,2014-09-21,http://www.aozora.gr.jp/cards/000879/card51865.html,000879,芥川,竜之介,あくたがわ,りゅうのすけ,あくたかわ,りゆうのすけ,Akutagawa,Ryunosuke,著者,1892-03-01,1927-07-24,なし,芥川龍之介全集　第一卷,岩波書店,1977（昭和52）年7月13日,1977（昭和52）年７月13日,1977（昭和52）年７月13日,梅・馬・鶯, ,,,,,,,,,,岡山勝美,noriko saito,http://www.aozora.gr.jp/cards/000879/files/51865_ruby_39683.zip,2011-04-14,ShiftJIS,JIS X 0208,1,http://www.aozora.gr.jp/cards/000879/files/51865_40605.html,2011-04-14,ShiftJIS,JIS X 0208,1
004273,芸術その他,げいじゅつそのた,けいしゆつそのた,,,,,NDC 914,新字旧仮名,なし,2002-10-05,2014-09-17,http://www.aozora.gr.jp/cards/000879/card4273.html,000879,芥川,竜之介,あくたがわ,りゅうのすけ,あくたかわ,りゆうのすけ,Akutagawa,Ryunosuke,著者,1892-03-01,1927-07-24,なし,芥川龍之介全集　第五巻,岩波書店,1996（平成8）年3月8日発行,1996（平成8）年3月8日発行,,,,,,,,,,,,,もりみつじゅんじ,松永正敏,http://www.aozora.gr.jp/cards/000879/files/4273_ruby_5440.zip,2002-09-20,ShiftJIS,JIS X 0208,1,http://www.aozora.gr.jp/cards/000879/files/4273_6753.html,2002-09-20,ShiftJIS,JIS X 0208,0
000037,戯作三昧,げさくざんまい,けさくさんまい,,,,「大阪毎日新聞」1917（大正6）年11月,NDC 913,新字旧仮名,なし,1999-01-16,2014-09-17,http://www.aozora.gr.jp/cards/000879/card37.html,000879,芥川,竜之介,あくたがわ,りゅうのすけ,あくたかわ,りゆうのすけ,Akutagawa,Ryunosuke,著者,1892-03-01,1927-07-24,なし,現代日本文学大系　43　芥川龍之介集,筑摩書房,1968（昭和43）年8月25日,1968（昭和43）年8月25日初版第1刷,,,,,,,,,,,,,j.utiyama,かとうかおり,http://www.aozora.gr.jp/cards/000879/files/37_ruby_1265.zip,2004-01-31,ShiftJIS,JIS X 0208,2,http://www.aozora.gr.jp/cards/000879/files/37_14479.html,2004-01-31,ShiftJIS,JIS X 0208,0
000038,戯作三昧,げさくざんまい,けさくさんまい,,,,「大阪毎日新聞」1917（大正6）年11月,NDC 913,新字新仮名,なし,2000-04-15,2014-09-17,http://www.aozora.gr.jp/cards/000879/card38.html,000879,芥川,竜之介,あくたがわ,りゅうのすけ,あくたかわ,りゆうのすけ,Akutagawa,Ryunosuke,著者,1892-03-01,1927-07-24,なし,日本の文学　29　芥川龍之介,中央公論社,1964（昭和39）年10月5日,1964（昭和39）年10月5日初版,1973（昭和48）年7月30日42刷,,,,,,,,,,,,佐野良二,伊藤時也,http://www.aozora.gr.jp/cards/000879/files/38_ruby_3638.zip,2004-02-01,ShiftJIS,JIS X 0208,1,http://www.aozora.gr.jp/cards/000879/files/38_14487.html,2004-02-01,ShiftJIS,JIS X 0208,0
000075,袈裟と盛遠,けさともりとお,けさともりとお,,,,「中央公論」1918（大正7）年4月,NDC 913,新字新仮名,なし,1998-12-23,2014-09-17,http://www.aozora.gr.jp/cards/000879/card75.html,000879,芥川,竜之介,あくたがわ,りゅうのすけ,あくたかわ,りゆうのすけ,Akutagawa,Ryunosuke,著者,1892-03-01,1927-07-24,なし,芥川龍之介全集2,ちくま文庫、筑摩書房,1986（昭和61）年10月28日,1996（平成8）7月15日第11刷,1996（平成8）7月15日第11刷,筑摩全集類聚版芥川龍之介全集,筑摩書房,1971（昭和46）年3月～1971（昭和46）年11月,,,,,,,,,j.utiyama,かとうかおり,http://www.aozora.gr.jp/cards/000879/files/75_ruby_971.zip,2004-03-15,ShiftJIS,JIS X 0208,2,http://www.aozora.gr.jp/cards/000879/files/75_15187.html,2004-03-15,ShiftJIS,JIS X 0208,0
001131,結婚難並びに恋愛難,けっこんなんならびにれんあいなん,けつこんなんならひにれんあいなん,,,,「婦人の国」1925（大正14）年7月,NDC 914,新字旧仮名,なし,2002-10-09,2014-09-17,http://www.aozora.gr.jp/cards/000879/card1131.html,000879,芥川,竜之介,あくたがわ,りゅうのすけ,あくたかわ,りゆうのすけ,Akutagawa,Ryunosuke,著者,1892-03-01,1927-07-24,なし,芥川龍之介全集　第十二巻,岩波書店,1996（平成8）年10月8日発行,1996（平成8）年10月8日発行,,,,,,,,,,,,,もりみつじゅんじ,松永正敏,http://www.aozora.gr.jp/cards/000879/files/1131_ruby_5513.zip,2003-05-11,ShiftJIS,JIS X 0208,3,http://www.aozora.gr.jp/cards/000879/files/1131_6775.html,2003-05-11,ShiftJIS,JIS X 0208,1
000036,玄鶴山房,げんかくさんぼう,けんかくさんほう,,,,一、二「中央公論　第四十二年第一号」1927（昭和2）年1月1日発行<br>三～六「中央公論　第四十二年第二号」1927（昭和2）年2月1日発行,NDC 913,新字新仮名,なし,1998-10-14,2016-02-25,http://www.aozora.gr.jp/cards/000879/card36.html,000879,芥川,竜之介,あくたがわ,りゅうのすけ,あくたかわ,りゆうのすけ,Akutagawa,Ryunosuke,著者,1892-03-01,1927-07-24,なし,昭和文学全集　第1巻,小学館,1987（昭和62）年5月1日,1987（昭和62）年5月1日初版第1刷,,芥川龍之介全集　第八卷,岩波書店,1978（昭和53）年3月22日,,,,,,,,,j.utiyama,かとうかおり,http://www.aozora.gr.jp/cards/000879/files/36_ruby_627.zip,2016-02-25,ShiftJIS,JIS X 0208,3,http://www.aozora.gr.jp/cards/000879/files/36_14975.html,2016-02-25,ShiftJIS,JIS X 0208,3
003797,講演軍記,こうえんぐんき,こうえんくんき,,,,,NDC 914,新字旧仮名,なし,2007-07-16,2014-09-21,http://www.aozora.gr.jp/cards/000879/card3797.html,000879,芥川,竜之介,あくたがわ,りゅうのすけ,あくたかわ,りゆうのすけ,Akutagawa,Ryunosuke,著者,1892-03-01,1927-07-24,なし,筑摩全集類聚　芥川龍之介全集第四巻,筑摩書房,1971（昭和46）年6月5日,1979（昭和54）年4月10日初版第11刷,,,,,,,,,,,,,土屋隆,松永正敏,http://www.aozora.gr.jp/cards/000879/files/3797_ruby_27211.zip,2007-06-27,ShiftJIS,JIS X 0208,0,http://www.aozora.gr.jp/cards/000879/files/3797_27299.html,2007-06-27,ShiftJIS,JIS X 0208,0
043375,剛才人と柔才人と,ごうさいじんとじゅうさいじんと,こうさいしんとしゆうさいしんと,,,,,NDC 914,新字新仮名,なし,2007-03-13,2014-09-21,http://www.aozora.gr.jp/cards/000879/card43375.html,000879,芥川,竜之介,あくたがわ,りゅうのすけ,あくたかわ,りゆうのすけ,Akutagawa,Ryunosuke,著者,1892-03-01,1927-07-24,なし,大川の水・追憶・本所両国　現代日本のエッセイ,講談社文芸文庫、講談社,1995（平成7）年1月10日,1995（平成7）年1月10日第1刷,1995（平成7）年1月10日第1刷,芥川龍之介全集第1～9、12巻,岩波書店,1977（昭和52）年7、9～12月、1978（昭和53）年1～4、7月,,,,,,,,,向井樹里,砂場清隆,http://www.aozora.gr.jp/cards/000879/files/43375_txt_25699.zip,2007-02-12,ShiftJIS,JIS X 0208,0,http://www.aozora.gr.jp/cards/000879/files/43375_26115.html,2007-02-12,ShiftJIS,JIS X 0208,0
000090,好色,こうしょく,こうしよく,,,,「改造」1921（大正10）年10月,NDC 913,新字旧仮名,なし,1999-01-19,2014-09-17,http://www.aozora.gr.jp/cards/000879/card90.html,000879,芥川,竜之介,あくたがわ,りゅうのすけ,あくたかわ,りゆうのすけ,Akutagawa,Ryunosuke,著者,1892-03-01,1927-07-24,なし,現代日本文学大系　43　芥川龍之介集,筑摩書房,1968（昭和43）年8月25日,1968（昭和43）年8月25日初版第1刷,,,,,,,,,,,,,j.utiyama,かとうかおり,http://www.aozora.gr.jp/cards/000879/files/90_ruby_1292.zip,2004-03-01,ShiftJIS,JIS X 0208,2,http://www.aozora.gr.jp/cards/000879/files/90_14976.html,2004-03-01,ShiftJIS,JIS X 0208,0
033202,後世,こうせい,こうせい,,,,「東京日日新聞」1919（大正8）年7月27日,NDC 914,新字旧仮名,なし,2003-12-31,2014-09-18,http://www.aozora.gr.jp/cards/000879/card33202.html,000879,芥川,竜之介,あくたがわ,りゅうのすけ,あくたかわ,りゆうのすけ,Akutagawa,Ryunosuke,著者,1892-03-01,1927-07-24,なし,芥川龍之介全集　第四巻,岩波書店,1996（平成8）年2月8日,1996（平成8）年2月8日初版,1996（平成8）年2月8日初版,點心,金星堂,1922（大正11）年5月20日,,,,,,,,,大久保ゆう,小林繁雄,http://www.aozora.gr.jp/cards/000879/files/33202_ruby_12223.zip,2003-09-05,ShiftJIS,JIS X 0208,0,http://www.aozora.gr.jp/cards/000879/files/33202_12224.html,2003-09-05,ShiftJIS,JIS X 0208,0
000089,校正後に,こうせいごに,こうせいこに,,,,「新思潮」1916（大正5）年3月～1917（大正6）年1月,NDC 914,新字新仮名,なし,1999-01-12,2014-09-17,http://www.aozora.gr.jp/cards/000879/card89.html,000879,芥川,竜之介,あくたがわ,りゅうのすけ,あくたかわ,りゆうのすけ,Akutagawa,Ryunosuke,著者,1892-03-01,1927-07-24,なし,羅生門・鼻・芋粥,角川文庫、角川書店,1950（昭和25）年10月20日,1985（昭和60）年11月10日改版38版,1985（昭和60）年11月10日改版38版,,,,,,,,,,,,j.utiyama,かとうかおり,http://www.aozora.gr.jp/cards/000879/files/89_ruby_1231.zip,2004-03-15,ShiftJIS,JIS X 0208,2,http://www.aozora.gr.jp/cards/000879/files/89_15188.html,2004-03-15,ShiftJIS,JIS X 0208,0
043376,合理的、同時に多量の人間味,ごうりてき、どうじにたりょうのにんげんみ,こうりてきとうしにたりようのにんけんみ,――相互印象・菊池寛氏――,――そうごいんしょう・きくちかんし――,,,NDC 914,新字新仮名,なし,2007-03-13,2014-09-21,http://www.aozora.gr.jp/cards/000879/card43376.html,000879,芥川,竜之介,あくたがわ,りゅうのすけ,あくたかわ,りゆうのすけ,Akutagawa,Ryunosuke,著者,1892-03-01,1927-07-24,なし,大川の水・追憶・本所両国　現代日本のエッセイ,講談社文芸文庫、講談社,1995（平成7）年1月10日,1995（平成7）年1月10日第1刷,1995（平成7）年1月10日第1刷,芥川龍之介全集第1～9、12巻,岩波書店,1977（昭和52）年7、9～12月、1978（昭和53）年1～4、7月,,,,,,,,,向井樹里,砂場清隆,http://www.aozora.gr.jp/cards/000879/files/43376_ruby_25698.zip,2007-02-12,ShiftJIS,JIS X 0208,0,http://www.aozora.gr.jp/cards/000879/files/43376_26116.html,2007-02-12,ShiftJIS,JIS X 0208,0
000088,黄粱夢,こうりょうむ,こうりようむ,,,,「中央文学」1917（大正6）年10月,NDC 913,新字新仮名,なし,1997-11-10,2014-09-17,http://www.aozora.gr.jp/cards/000879/card88.html,000879,芥川,竜之介,あくたがわ,りゅうのすけ,あくたかわ,りゆうのすけ,Akutagawa,Ryunosuke,著者,1892-03-01,1927-07-24,なし,芥川龍之介全集2,ちくま文庫、筑摩書房,1986（昭和61）年10月28日,1996（平成8）年7月15日第11刷,,筑摩全集類聚版芥川龍之介全集,筑摩書房,1971（昭和46）年3月～1971（昭和46）年11月,,,,,,,,,野口英司、平山誠,もりみつじゅんじ,http://www.aozora.gr.jp/cards/000879/files/88_ruby_160.zip,2004-03-15,ShiftJIS,JIS X 0208,2,http://www.aozora.gr.jp/cards/000879/files/88_15189.html,2004-03-15,ShiftJIS,JIS X 0208,0
000085,黒衣聖母,こくいせいぼ,こくいせいほ,,,,「文章倶楽部」1920（大正9）年5月,NDC 913,新字新仮名,なし,1998-12-28,2014-09-17,http://www.aozora.gr.jp/cards/000879/card85.html,000879,芥川,竜之介,あくたがわ,りゅうのすけ,あくたかわ,りゆうのすけ,Akutagawa,Ryunosuke,著者,1892-03-01,1927-07-24,なし,芥川龍之介全集3,ちくま文庫、筑摩書房,1986（昭和61）年12月1日,1996（平成8）年4月1日第8刷,,筑摩全集類聚版芥川龍之介全集,筑摩書房,1971（昭和46）年3月～1971（昭和46）年11月,,,,,,,,,j.utiyama,もりみつじゅんじ,http://www.aozora.gr.jp/cards/000879/files/85_ruby_991.zip,2004-03-15,ShiftJIS,JIS X 0208,4,http://www.aozora.gr.jp/cards/000879/files/85_15190.html,2004-03-15,ShiftJIS,JIS X 0208,0
043373,小杉未醒氏,こすぎみせいし,こすきみせいし,,,,,NDC 720 914,新字新仮名,なし,2007-03-07,2014-09-21,http://www.aozora.gr.jp/cards/000879/card43373.html,000879,芥川,竜之介,あくたがわ,りゅうのすけ,あくたかわ,りゆうのすけ,Akutagawa,Ryunosuke,著者,1892-03-01,1927-07-24,なし,大川の水・追憶・本所両国　現代日本のエッセイ,講談社文芸文庫、講談社,1995（平成7）年1月10日,1995（平成7）年1月10日第1刷,1995（平成7）年1月10日第1刷,芥川龍之介全集第1～9、12巻,岩波書店,1977（昭和52）年7、9～12月、1978（昭和53）年1～4、7月,,,,,,,,,向井樹里,砂場清隆,http://www.aozora.gr.jp/cards/000879/files/43373_ruby_25734.zip,2007-02-12,ShiftJIS,JIS X 0208,0,http://www.aozora.gr.jp/cards/000879/files/43373_26105.html,2007-02-12,ShiftJIS,JIS X 0208,0
000082,古千屋,こちや,こちや,,,,「サンデー毎日」1927（昭和2）年6月,NDC 913,新字新仮名,なし,1999-02-03,2014-09-17,http://www.aozora.gr.jp/cards/000879/card82.html,000879,芥川,竜之介,あくたがわ,りゅうのすけ,あくたかわ,りゆうのすけ,Akutagawa,Ryunosuke,著者,1892-03-01,1927-07-24,なし,芥川龍之介全集6,ちくま文庫、筑摩書房,1987（昭和62）年3月24日,1993（平成5）年2月25日第6刷,1997（平成9）年4月15日第8刷,筑摩全集類聚版芥川龍之介全集,筑摩書房,1971（昭和46）年3月～1971（昭和46）年11月,,,,,,,,,j.utiyama,かとうかおり,http://www.aozora.gr.jp/cards/000879/files/82_ruby_1451.zip,2004-03-15,ShiftJIS,JIS X 0208,2,http://www.aozora.gr.jp/cards/000879/files/82_15191.html,2004-03-15,ShiftJIS,JIS X 0208,0
003738,骨董羹,こっとうかん,こつとうかん,―寿陵余子の仮名のもとに筆を執れる戯文―,―じゅりょうよしのかめいのもとにふでをとれるげぶん―,,,NDC 914,新字旧仮名,なし,2007-07-16,2014-09-21,http://www.aozora.gr.jp/cards/000879/card3738.html,000879,芥川,竜之介,あくたがわ,りゅうのすけ,あくたかわ,りゆうのすけ,Akutagawa,Ryunosuke,著者,1892-03-01,1927-07-24,なし,筑摩全集類聚　芥川龍之介全集第四巻,筑摩書房,1971（昭和46）年6月5日,1979（昭和54）年4月10日初版第11刷,,,,,,,,,,,,,土屋隆,松永正敏,http://www.aozora.gr.jp/cards/000879/files/3738_ruby_27212.zip,2007-12-20,ShiftJIS,JIS X 0208,1,http://www.aozora.gr.jp/cards/000879/files/3738_27300.html,2007-12-20,ShiftJIS,JIS X 0208,1
000083,孤独地獄,こどくじごく,ことくしこく,,,,「新思潮」1916（大正5）年4月,NDC 913,新字旧仮名,なし,1998-03-16,2014-09-17,http://www.aozora.gr.jp/cards/000879/card83.html,000879,芥川,竜之介,あくたがわ,りゅうのすけ,あくたかわ,りゆうのすけ,Akutagawa,Ryunosuke,著者,1892-03-01,1927-07-24,なし,現代日本文学大系　43　芥川龍之介集,筑摩書房,1968（昭和43）年8月25日,1968（昭和43）年8月25日初版第1刷,,,,,,,,,,,,,j.utiyama,野口英司,http://www.aozora.gr.jp/cards/000879/files/83_ruby_260.zip,2004-03-04,ShiftJIS,JIS X 0208,5,http://www.aozora.gr.jp/cards/000879/files/83_15058.html,2004-03-04,ShiftJIS,JIS X 0208,0
000084,子供の病気,こどものびょうき,ことものひようき,一游亭に,いちゆうていに,,,NDC 914,新字新仮名,なし,1999-01-05,2014-09-17,http://www.aozora.gr.jp/cards/000879/card84.html,000879,芥川,竜之介,あくたがわ,りゅうのすけ,あくたかわ,りゆうのすけ,Akutagawa,Ryunosuke,著者,1892-03-01,1927-07-24,なし,芥川龍之介全集5,ちくま文庫、筑摩書房,1987（昭和62）年2月24日,1995（平成7）年4月10日第6刷,1996（平成8）年7月15日第7刷,筑摩全集類聚版芥川龍之介全集,筑摩書房,1971（昭和46）年3月～1971（昭和46）年11月,,,,,,,,,j.utiyama,かとうかおり,http://www.aozora.gr.jp/cards/000879/files/84_ruby_1091.zip,2004-03-15,ShiftJIS,JIS X 0208,2,http://www.aozora.gr.jp/cards/000879/files/84_15192.html,2004-03-15,ShiftJIS,JIS X 0208,0
000087,湖南の扇,こなんのおうぎ,こなんのおうき,,,,「中央公論　第四十一年第一号」1926（大正15）年1月1日,NDC 913,新字新仮名,なし,1998-10-20,2016-02-25,http://www.aozora.gr.jp/cards/000879/card87.html,000879,芥川,竜之介,あくたがわ,りゅうのすけ,あくたかわ,りゆうのすけ,Akutagawa,Ryunosuke,著者,1892-03-01,1927-07-24,なし,昭和文学全集　第1巻,小学館,1987（昭和62）年5月1日,1987（昭和62）年5月1日初版第1刷,,芥川龍之介全集　第八卷,岩波書店,1978（昭和53）年3月22日,,,,,,,,,j.utiyama,柳沢成雄,http://www.aozora.gr.jp/cards/000879/files/87_ruby_639.zip,2016-02-25,ShiftJIS,JIS X 0208,7,http://www.aozora.gr.jp/cards/000879/files/87_15106.html,2016-02-25,ShiftJIS,JIS X 0208,5
043374,近藤浩一路氏,こんどうこういちろうし,こんとうこういちろうし,,,,,NDC 720 914,新字新仮名,なし,2007-03-10,2014-09-21,http://www.aozora.gr.jp/cards/000879/card43374.html,000879,芥川,竜之介,あくたがわ,りゅうのすけ,あくたかわ,りゆうのすけ,Akutagawa,Ryunosuke,著者,1892-03-01,1927-07-24,なし,大川の水・追憶・本所両国　現代日本のエッセイ,講談社文芸文庫、講談社,1995（平成7）年1月10日,1995（平成7）年1月10日第1刷,1995（平成7）年1月10日第1刷,芥川龍之介全集第1～9、12巻,岩波書店,1977（昭和52）年7、9～12月、1978（昭和53）年1～4、7月,,,,,,,,,向井樹里,砂場清隆,http://www.aozora.gr.jp/cards/000879/files/43374_txt_25733.zip,2007-02-12,ShiftJIS,JIS X 0208,0,http://www.aozora.gr.jp/cards/000879/files/43374_26106.html,2007-02-12,ShiftJIS,JIS X 0208,0
001134,金春会の「隅田川」,こんぱるかいの「すみだがわ」,こんはるかいのすみたかわ,,,,「女性」1924（大正13）年3月,NDC 773 914,新字旧仮名,なし,2002-10-06,2014-09-17,http://www.aozora.gr.jp/cards/000879/card1134.html,000879,芥川,竜之介,あくたがわ,りゅうのすけ,あくたかわ,りゆうのすけ,Akutagawa,Ryunosuke,著者,1892-03-01,1927-07-24,なし,芥川龍之介全集　第十一巻,岩波書店,1996（平成8）年9月9日発行,1996（平成8）年9月9日発行,,,,,,,,,,,,,もりみつじゅんじ,松永正敏,http://www.aozora.gr.jp/cards/000879/files/1134_ruby_5488.zip,2002-09-20,ShiftJIS,JIS X 0208,1,http://www.aozora.gr.jp/cards/000879/files/1134_6760.html,2002-09-20,ShiftJIS,JIS X 0208,0
000136,西郷隆盛,さいごうたかもり,さいこうたかもり,,,,「新小説」1918（大正7）年1月,NDC 913,新字新仮名,なし,1998-12-23,2014-09-17,http://www.aozora.gr.jp/cards/000879/card136.html,000879,芥川,竜之介,あくたがわ,りゅうのすけ,あくたかわ,りゆうのすけ,Akutagawa,Ryunosuke,著者,1892-03-01,1927-07-24,なし,芥川龍之介全集2,ちくま文庫、筑摩書房,1986（昭和61）年10月28日,1996（平成8）7月15日第11刷,1996（平成8）7月15日第11刷,筑摩全集類聚版芥川龍之介全集,筑摩書房,1971（昭和46）年3月～1971（昭和46）年11月,,,,,,,,,j.utiyama,かとうかおり,http://www.aozora.gr.jp/cards/000879/files/136_ruby_979.zip,2004-03-15,ShiftJIS,JIS X 0208,3,http://www.aozora.gr.jp/cards/000879/files/136_15193.html,2004-03-15,ShiftJIS,JIS X 0208,0
003779,才一巧亦不二,さいのいっこうなるもまたにならず,さいのいつこうなるもまたにならす,,,,,NDC 914,新字旧仮名,なし,2007-07-19,2014-09-21,http://www.aozora.gr.jp/cards/000879/card3779.html,000879,芥川,竜之介,あくたがわ,りゅうのすけ,あくたかわ,りゆうのすけ,Akutagawa,Ryunosuke,著者,1892-03-01,1927-07-24,なし,筑摩全集類聚　芥川龍之介全集第四巻,筑摩書房,1971（昭和46）年6月5日,1979（昭和54）年4月10日初版第11刷,,,,,,,,,,,,,土屋隆,松永正敏,http://www.aozora.gr.jp/cards/000879/files/3779_ruby_27213.zip,2007-08-31,ShiftJIS,JIS X 0208,1,http://www.aozora.gr.jp/cards/000879/files/3779_27301.html,2007-06-27,ShiftJIS,JIS X 0208,0
000141,西方の人,さいほうのひと,さいほうのひと,,,,「改造」1927（昭和2）年8月号,NDC 190 913,新字旧仮名,なし,1998-04-27,2014-09-17,http://www.aozora.gr.jp/cards/000879/card141.html,000879,芥川,竜之介,あくたがわ,りゅうのすけ,あくたかわ,りゆうのすけ,Akutagawa,Ryunosuke,著者,1892-03-01,1927-07-24,なし,現代日本文学大系　43　芥川龍之介集,筑摩書房,1968（昭和43）年8月25日,1968（昭和43）年8月25日初版第1刷,,,,,,,,,,,,,j.utiyama,野口英司,http://www.aozora.gr.jp/cards/000879/files/141_ruby_314.zip,2014-01-18,ShiftJIS,JIS X 0208,4,http://www.aozora.gr.jp/cards/000879/files/141_15127.html,2014-01-17,ShiftJIS,JIS X 0208,1
003816,鷺と鴛鴦,さぎとおしどり,さきとおしとり,,,,,NDC 914,新字旧仮名,なし,2007-07-19,2014-09-21,http://www.aozora.gr.jp/cards/000879/card3816.html,000879,芥川,竜之介,あくたがわ,りゅうのすけ,あくたかわ,りゆうのすけ,Akutagawa,Ryunosuke,著者,1892-03-01,1927-07-24,なし,筑摩全集類聚　芥川龍之介全集第四巻,筑摩書房,1971（昭和46）年6月5日,1979（昭和54）年4月10日初版第11刷,,,,,,,,,,,,,土屋隆,松永正敏,http://www.aozora.gr.jp/cards/000879/files/3816_ruby_27214.zip,2007-06-27,ShiftJIS,JIS X 0208,0,http://www.aozora.gr.jp/cards/000879/files/3816_27302.html,2007-06-27,ShiftJIS,JIS X 0208,0
051214,雑信一束,ざっしんいっそく,さつしんいつそく,,,,,NDC 915,新字新仮名,なし,2015-03-28,2015-02-28,http://www.aozora.gr.jp/cards/000879/card51214.html,000879,芥川,竜之介,あくたがわ,りゅうのすけ,あくたかわ,りゆうのすけ,Akutagawa,Ryunosuke,著者,1892-03-01,1927-07-24,なし,上海游記・江南游記,講談社文芸文庫、講談社,2001（平成13）年10月10日,2001（平成13）年10月10日第1刷,2001（平成13）年10月10日第1刷,芥川龍之介全集　第十二巻,岩波書店,1996（平成8）年10月9日,,,,,,,,,門田裕志,岡山勝美,http://www.aozora.gr.jp/cards/000879/files/51214_ruby_55973.zip,2015-02-28,ShiftJIS,JIS X 0208,0,http://www.aozora.gr.jp/cards/000879/files/51214_56018.html,2015-02-28,ShiftJIS,JIS X 0208,0
003739,雑筆,ざっぴつ,さつひつ,,,,,NDC 914,新字旧仮名,なし,2007-07-19,2014-09-21,http://www.aozora.gr.jp/cards/000879/card3739.html,000879,芥川,竜之介,あくたがわ,りゅうのすけ,あくたかわ,りゆうのすけ,Akutagawa,Ryunosuke,著者,1892-03-01,1927-07-24,なし,筑摩全集類聚　芥川龍之介全集第四巻,筑摩書房,1971（昭和46）年6月5日,1979（昭和54）年4月10日初版第11刷,,,,,,,,,,,,,土屋隆,松永正敏,http://www.aozora.gr.jp/cards/000879/files/3739_ruby_27215.zip,2007-06-27,ShiftJIS,JIS X 0208,0,http://www.aozora.gr.jp/cards/000879/files/3739_27303.html,2007-06-27,ShiftJIS,JIS X 0208,0
004277,佐藤春夫氏,さとうはるおし,さとうはるおし,,,,,NDC 914,新字旧仮名,なし,2002-10-06,2014-09-17,http://www.aozora.gr.jp/cards/000879/card4277.html,000879,芥川,竜之介,あくたがわ,りゅうのすけ,あくたかわ,りゆうのすけ,Akutagawa,Ryunosuke,著者,1892-03-01,1927-07-24,なし,芥川龍之介全集　第十一巻,岩波書店,1996（平成8）年9月9日発行,1996（平成8）年9月9日発行,,,,,,,,,,,,,もりみつじゅんじ,松永正敏,http://www.aozora.gr.jp/cards/000879/files/4277_ruby_5489.zip,2002-09-20,ShiftJIS,JIS X 0208,1,http://www.aozora.gr.jp/cards/000879/files/4277_6761.html,2002-09-20,ShiftJIS,JIS X 0208,0
043377,佐藤春夫氏の事,さとうはるおしのこと,さとうはるおしのこと,,,,,NDC 914,新字新仮名,なし,2005-03-11,2014-09-18,http://www.aozora.gr.jp/cards/000879/card43377.html,000879,芥川,竜之介,あくたがわ,りゅうのすけ,あくたかわ,りゆうのすけ,Akutagawa,Ryunosuke,著者,1892-03-01,1927-07-24,なし,大川の水・追憶・本所両国　現代日本のエッセイ,講談社文芸文庫、講談社,1995（平成7）年1月10日,1995（平成7）年1月10日第1刷,1995（平成7）年1月10日第1刷,芥川龍之介全集第1～9、12巻,岩波書店,1977（昭和52）年7、9～12月、1978（昭和53）年1～4、7月,,,,,,,,,向井樹里,門田裕志,http://www.aozora.gr.jp/cards/000879/files/43377_ruby_17692.zip,2005-02-20,ShiftJIS,JIS X 0208,0,http://www.aozora.gr.jp/cards/000879/files/43377_17879.html,2005-02-20,ShiftJIS,JIS X 0208,0
000185,さまよえる猶太人,さまよえるユダヤじん,さまよえるゆたやしん,,,,「新潮」1917（大正6）年6月,NDC 190 914,新字新仮名,なし,1998-11-11,2014-09-17,http://www.aozora.gr.jp/cards/000879/card185.html,000879,芥川,竜之介,あくたがわ,りゅうのすけ,あくたかわ,りゆうのすけ,Akutagawa,Ryunosuke,著者,1892-03-01,1927-07-24,なし,芥川龍之介全集1,ちくま文庫、筑摩書房,1986（昭和61）年9月24日,1995（平成7）年10月5日第13刷,,筑摩全集類聚版芥川龍之介全集,筑摩書房,1971（昭和46）年3月～1971（昭和46）年11月,,,,,,,,,j.utiyama,もりみつじゅんじ,http://www.aozora.gr.jp/cards/000879/files/185_ruby_745.zip,2004-03-15,ShiftJIS,JIS X 0208,2,http://www.aozora.gr.jp/cards/000879/files/185_15194.html,2004-03-15,ShiftJIS,JIS X 0208,0
000137,寒さ,さむさ,さむさ,,,,「改造」1924（大正13）年4月,NDC 913,新字新仮名,なし,1999-01-05,2014-09-17,http://www.aozora.gr.jp/cards/000879/card137.html,000879,芥川,竜之介,あくたがわ,りゅうのすけ,あくたかわ,りゆうのすけ,Akutagawa,Ryunosuke,著者,1892-03-01,1927-07-24,なし,芥川龍之介全集5,ちくま文庫、筑摩書房,1987（昭和62）年2月24日,1995（平成7）年4月10日第6刷,1996（平成8）年7月15日第7刷,筑摩全集類聚版芥川龍之介全集,筑摩書房,1971（昭和46）年3月～1971（昭和46）年11月,,,,,,,,,j.utiyama,かとうかおり,http://www.aozora.gr.jp/cards/000879/files/137_ruby_1103.zip,2004-03-15,ShiftJIS,JIS X 0208,2,http://www.aozora.gr.jp/cards/000879/files/137_15195.html,2004-03-15,ShiftJIS,JIS X 0208,0
003820,沙羅の花,さらのはな,さらのはな,,,,,NDC 914,新字旧仮名,なし,2007-07-19,2014-09-21,http://www.aozora.gr.jp/cards/000879/card3820.html,000879,芥川,竜之介,あくたがわ,りゅうのすけ,あくたかわ,りゆうのすけ,Akutagawa,Ryunosuke,著者,1892-03-01,1927-07-24,なし,筑摩全集類聚　芥川龍之介全集第四巻,筑摩書房,1971（昭和46）年6月5日,1979（昭和54）年4月10日初版第11刷,,,,,,,,,,,,,土屋隆,松永正敏,http://www.aozora.gr.jp/cards/000879/files/3820_ruby_27216.zip,2007-06-27,ShiftJIS,JIS X 0208,0,http://www.aozora.gr.jp/cards/000879/files/3820_27304.html,2007-06-27,ShiftJIS,JIS X 0208,0
000139,猿,さる,さる,,,,「新思潮」1916（大正5）年9月,NDC 913,新字旧仮名,なし,1998-11-26,2014-09-17,http://www.aozora.gr.jp/cards/000879/card139.html,000879,芥川,竜之介,あくたがわ,りゅうのすけ,あくたかわ,りゆうのすけ,Akutagawa,Ryunosuke,著者,1892-03-01,1927-07-24,なし,芥川龍之介全集　第一巻,岩波書店,1995（平成7）年11月8日,1995（平成7）年11月8日,,鼻,春陽堂　,1918（大正7）年7月8日,,,,,,,,,もりみつじゅんじ,高橋美奈子,http://www.aozora.gr.jp/cards/000879/files/139_ruby_799.zip,2004-03-07,ShiftJIS,JIS X 0208,2,http://www.aozora.gr.jp/cards/000879/files/139_15128.html,2004-03-07,ShiftJIS,JIS X 0208,0
000140,猿蟹合戦,さるかにがっせん,さるかにかつせん,,,,「婦人公論」1923（大正12）年3月,NDC 914,新字新仮名,なし,1998-12-28,2014-09-17,http://www.aozora.gr.jp/cards/000879/card140.html,000879,芥川,竜之介,あくたがわ,りゅうのすけ,あくたかわ,りゆうのすけ,Akutagawa,Ryunosuke,著者,1892-03-01,1927-07-24,なし,芥川龍之介全集5,ちくま文庫、筑摩書房,1987（昭和62）年2月24日,1995（平成7）年4月10日第6刷,,筑摩全集類聚版芥川龍之介全集,筑摩書房,1971（昭和46）年3月～1971（昭和46）年11月,,,,,,,,,j.utiyama,もりみつじゅんじ,http://www.aozora.gr.jp/cards/000879/files/140_ruby_1015.zip,2004-03-15,ShiftJIS,JIS X 0208,2,http://www.aozora.gr.jp/cards/000879/files/140_15196.html,2004-03-15,ShiftJIS,JIS X 0208,0
000138,三右衛門の罪,さんえもんのつみ,さんえもんのつみ,,,,「改造」1924（大正13）年1月,NDC 913,新字新仮名,なし,1999-01-10,2014-09-17,http://www.aozora.gr.jp/cards/000879/card138.html,000879,芥川,竜之介,あくたがわ,りゅうのすけ,あくたかわ,りゆうのすけ,Akutagawa,Ryunosuke,著者,1892-03-01,1927-07-24,なし,芥川龍之介全集5,ちくま文庫、筑摩書房,1987（昭和62）年2月24日,1995（平成7）年4月10日第6刷,1996（平成8）年7月15日第7刷,筑摩全集類聚版芥川龍之介全集,筑摩書房,1971（昭和46）年3月～1971（昭和46）年11月,,,,,,,,,j.utiyama,かとうかおり,http://www.aozora.gr.jp/cards/000879/files/138_ruby_1180.zip,2004-03-15,ShiftJIS,JIS X 0208,2,http://www.aozora.gr.jp/cards/000879/files/138_15156.html,2004-03-15,ShiftJIS,JIS X 0208,0
000146,死後,しご,しこ,,,,「改造」1925（大正14）年9月,NDC 913 914,新字新仮名,なし,1999-02-01,2014-09-17,http://www.aozora.gr.jp/cards/000879/card146.html,000879,芥川,竜之介,あくたがわ,りゅうのすけ,あくたかわ,りゆうのすけ,Akutagawa,Ryunosuke,著者,1892-03-01,1927-07-24,なし,芥川龍之介全集6,ちくま文庫、筑摩書房,1987（昭和62）年3月24日,1993（平成5）年2月25日第6刷,1997（平成9）年4月15日第8刷,筑摩全集類聚版芥川龍之介全集,筑摩書房,1971（昭和46）年3月～1971（昭和46）年11月,,,,,,,,,j.utiyama,かとうかおり,http://www.aozora.gr.jp/cards/000879/files/146_ruby_1435.zip,2004-03-15,ShiftJIS,JIS X 0208,2,http://www.aozora.gr.jp/cards/000879/files/146_15197.html,2004-03-15,ShiftJIS,JIS X 0208,0
000061,地獄変,じごくへん,しこくへん,,,,,NDC 913,旧字旧仮名,なし,1999-11-02,2014-09-17,http://www.aozora.gr.jp/cards/000879/card61.html,000879,芥川,竜之介,あくたがわ,りゅうのすけ,あくたかわ,りゆうのすけ,Akutagawa,Ryunosuke,著者,1892-03-01,1927-07-24,なし,傀儡師,特選名著復刻全集近代文学館、日本近代文学館,1971（昭和46）年5月,,,傀儡師,新潮社,1919（大正8）年1月15日,,,,,,,,,j.utiyama,富田倫生,http://www.aozora.gr.jp/cards/000879/files/61_ruby_2706.zip,2010-11-18,ShiftJIS,JIS X 0208,6,http://www.aozora.gr.jp/cards/000879/files/61_15130.html,2010-11-18,ShiftJIS,JIS X 0208,3
000060,地獄変,じごくへん,しこくへん,,,,,NDC 913,新字旧仮名,なし,1998-12-02,2014-09-17,http://www.aozora.gr.jp/cards/000879/card60.html,000879,芥川,竜之介,あくたがわ,りゅうのすけ,あくたかわ,りゆうのすけ,Akutagawa,Ryunosuke,著者,1892-03-01,1927-07-24,なし,芥川龍之介全集　第一巻,岩波書店,1995（平成7）年11月8日,,,鼻,春陽堂 ,1918（大正7）年7月8日,,,,,,,,,もりみつじゅんじ,j.utiyama,http://www.aozora.gr.jp/cards/000879/files/60_ruby_821.zip,2010-11-06,ShiftJIS,JIS X 0208,5,http://www.aozora.gr.jp/cards/000879/files/60_15129.html,2010-11-06,ShiftJIS,JIS X 0208,3
003818,詩集,ししゅう,ししゆう,,,,,NDC 913,新字旧仮名,なし,2007-07-19,2014-09-21,http://www.aozora.gr.jp/cards/000879/card3818.html,000879,芥川,竜之介,あくたがわ,りゅうのすけ,あくたかわ,りゆうのすけ,Akutagawa,Ryunosuke,著者,1892-03-01,1927-07-24,なし,筑摩全集類聚　芥川龍之介全集第四巻,筑摩書房,1971（昭和46）年6月5日,1979（昭和54）年4月10日初版第11刷,,,,,,,,,,,,,土屋隆,松永正敏,http://www.aozora.gr.jp/cards/000879/files/3818_ruby_27217.zip,2007-06-27,ShiftJIS,JIS X 0208,0,http://www.aozora.gr.jp/cards/000879/files/3818_27305.html,2007-06-27,ShiftJIS,JIS X 0208,0
000013,十本の針,じっぽんのはり,しつほんのはり,,,,「文藝春秋」1927（昭和2）年9月,NDC 917,新字新仮名,なし,1999-05-15,2014-09-17,http://www.aozora.gr.jp/cards/000879/card13.html,000879,芥川,竜之介,あくたがわ,りゅうのすけ,あくたかわ,りゆうのすけ,Akutagawa,Ryunosuke,著者,1892-03-01,1927-07-24,なし,或阿呆の一生・侏儒の言葉,角川文庫、角川書店,1969（昭和44）年9月30日,1984（昭和59）年9月30日改版22刷,,,,,,,,,,,,,j.utiyama,菅野朋子,http://www.aozora.gr.jp/cards/000879/files/13_ruby_1960.zip,2004-02-06,ShiftJIS,JIS X 0208,3,http://www.aozora.gr.jp/cards/000879/files/13_14563.html,2004-02-06,ShiftJIS,JIS X 0208,0
003742,支那の画,しなのえ,しなのえ,,,,,NDC 720 914,新字旧仮名,なし,2007-07-19,2014-09-21,http://www.aozora.gr.jp/cards/000879/card3742.html,000879,芥川,竜之介,あくたがわ,りゅうのすけ,あくたかわ,りゆうのすけ,Akutagawa,Ryunosuke,著者,1892-03-01,1927-07-24,なし,筑摩全集類聚　芥川龍之介全集第四巻,筑摩書房,1971（昭和46）年6月5日,1979（昭和54）年4月10日初版第11刷,,,,,,,,,,,,,土屋隆,松永正敏,http://www.aozora.gr.jp/cards/000879/files/3742_ruby_27218.zip,2007-06-27,ShiftJIS,JIS X 0208,0,http://www.aozora.gr.jp/cards/000879/files/3742_27306.html,2007-06-27,ShiftJIS,JIS X 0208,0
051212,「支那游記」自序,「しなゆうき」じじょ,しなゆうきししよ,,,,,NDC 914,新字新仮名,なし,2015-03-28,2015-02-28,http://www.aozora.gr.jp/cards/000879/card51212.html,000879,芥川,竜之介,あくたがわ,りゅうのすけ,あくたかわ,りゆうのすけ,Akutagawa,Ryunosuke,著者,1892-03-01,1927-07-24,なし,上海游記・江南游記,講談社文芸文庫、講談社,2001（平成13）年10月10日,2001（平成13）年10月10日第1刷,2001（平成13）年10月10日第1刷,芥川龍之介全集　第十三巻,岩波書店,1996（平成8）年11月,,,,,,,,,門田裕志,岡山勝美,http://www.aozora.gr.jp/cards/000879/files/51212_ruby_55972.zip,2015-02-28,ShiftJIS,JIS X 0208,0,http://www.aozora.gr.jp/cards/000879/files/51212_56017.html,2015-02-28,ShiftJIS,JIS X 0208,0
043380,島木赤彦氏,しまぎあかひこし,しまきあかひこし,,,,,NDC 914,新字新仮名,なし,2007-03-10,2014-09-21,http://www.aozora.gr.jp/cards/000879/card43380.html,000879,芥川,竜之介,あくたがわ,りゅうのすけ,あくたかわ,りゆうのすけ,Akutagawa,Ryunosuke,著者,1892-03-01,1927-07-24,なし,大川の水・追憶・本所両国　現代日本のエッセイ,講談社文芸文庫、講談社,1995（平成7）年1月10日,1995（平成7）年1月10日第1刷,1995（平成7）年1月10日第1刷,芥川龍之介全集第1～9、12巻,岩波書店,1977（昭和52）年7、9～12月、1978（昭和53）年1～4、7月,,,,,,,,,向井樹里,砂場清隆,http://www.aozora.gr.jp/cards/000879/files/43380_txt_25740.zip,2007-02-12,ShiftJIS,JIS X 0208,0,http://www.aozora.gr.jp/cards/000879/files/43380_26107.html,2007-02-12,ShiftJIS,JIS X 0208,0
002326,耳目記,じもくき,しもくき,,,,,NDC 917,新字旧仮名,なし,1999-02-15,2014-09-17,http://www.aozora.gr.jp/cards/000879/card2326.html,000879,芥川,竜之介,あくたがわ,りゅうのすけ,あくたかわ,りゆうのすけ,Akutagawa,Ryunosuke,著者,1892-03-01,1927-07-24,なし,芥川龍之介全集　第四巻,筑摩書房,1971（昭和46）年6月5日,1971（昭和46）年10月5日初版第5刷,1971（昭和46）年10月5日初版第5刷,,,,,,,,,,,,j.utiyama,j.utiyama,http://www.aozora.gr.jp/cards/000879/files/2326_ruby_1523.zip,2003-10-20,ShiftJIS,JIS X 0208,3,http://www.aozora.gr.jp/cards/000879/files/2326_13463.html,2003-10-20,ShiftJIS,JIS X 0208,0
001129,霜夜,しもよ,しもよ,,,,「女性」1924（大正13）年2月,NDC 914,新字旧仮名,なし,2002-10-05,2014-09-17,http://www.aozora.gr.jp/cards/000879/card1129.html,000879,芥川,竜之介,あくたがわ,りゅうのすけ,あくたかわ,りゆうのすけ,Akutagawa,Ryunosuke,著者,1892-03-01,1927-07-24,なし,芥川龍之介全集　第十巻,岩波書店,1996（平成8）年8月8日発行,1996（平成8）年8月8日発行,,,,,,,,,,,,,もりみつじゅんじ,松永正敏,http://www.aozora.gr.jp/cards/000879/files/1129_txt_6758.zip,2002-09-21,ShiftJIS,JIS X 0208,1,http://www.aozora.gr.jp/cards/000879/files/1129_6759.html,2002-09-20,ShiftJIS,JIS X 0208,0
000059,邪宗門,じゃしゅうもん,しやしゆうもん,,,,「東京日日新聞」1918（大正7）年10～12月,NDC 913,新字新仮名,なし,1998-12-07,2014-09-17,http://www.aozora.gr.jp/cards/000879/card59.html,000879,芥川,竜之介,あくたがわ,りゅうのすけ,あくたかわ,りゆうのすけ,Akutagawa,Ryunosuke,著者,1892-03-01,1927-07-24,なし,芥川龍之介全集2,ちくま文庫、筑摩書房,1986（昭和61）年10月28日,1996（平成8）7月15日第11刷,1996（平成8）7月15日第11刷,筑摩全集類聚版芥川龍之介全集,筑摩書房,1971（昭和46）年3月～1971（昭和46）年11月,,,,,,,,,j.utiyama,かとうかおり,http://www.aozora.gr.jp/cards/000879/files/59_ruby_849.zip,2004-01-31,ShiftJIS,JIS X 0208,2,http://www.aozora.gr.jp/cards/000879/files/59_14480.html,2004-01-31,ShiftJIS,JIS X 0208,0
051215,上海游記,しゃんはいゆうき,しやんはいゆうき,,,,,NDC 915,新字新仮名,なし,2015-05-24,2015-04-06,http://www.aozora.gr.jp/cards/000879/card51215.html,000879,芥川,竜之介,あくたがわ,りゅうのすけ,あくたかわ,りゆうのすけ,Akutagawa,Ryunosuke,著者,1892-03-01,1927-07-24,なし,上海游記・江南游記,講談社文芸文庫、講談社,2001（平成13）年10月10日,2001（平成13）年10月10日第1刷,2001（平成13）年10月10日第1刷,芥川龍之介全集　第八巻,岩波書店,1996（平成8）年6月,,,,,,,,,門田裕志,岡山勝美,http://www.aozora.gr.jp/cards/000879/files/51215_ruby_56333.zip,2015-04-06,ShiftJIS,JIS X 0208,0,http://www.aozora.gr.jp/cards/000879/files/51215_56381.html,2015-04-06,ShiftJIS,JIS X 0208,0
000062,十円札,じゅうえんさつ,しゆうえんさつ,,,,「改造」1924（大正13）年9月,NDC 913,新字新仮名,なし,1999-01-05,2014-09-17,http://www.aozora.gr.jp/cards/000879/card62.html,000879,芥川,竜之介,あくたがわ,りゅうのすけ,あくたかわ,りゆうのすけ,Akutagawa,Ryunosuke,著者,1892-03-01,1927-07-24,なし,芥川龍之介全集5,ちくま文庫、筑摩書房,1987（昭和62）年2月24日,1995（平成7）年4月10日第6刷,1996（平成8）年7月15日第7刷,筑摩全集類聚版芥川龍之介全集,筑摩書房,1971（昭和46）年3月～1971（昭和46）年11月,,,,,,,,,j.utiyama,かとうかおり,http://www.aozora.gr.jp/cards/000879/files/62_ruby_1087.zip,2004-03-15,ShiftJIS,JIS X 0208,2,http://www.aozora.gr.jp/cards/000879/files/62_15198.html,2004-03-15,ShiftJIS,JIS X 0208,0
000162,秋山図,しゅうざんず,しゆうさんす,,,,「改造」1921（大正10）年1月,NDC 913,新字新仮名,なし,1999-05-15,2014-09-17,http://www.aozora.gr.jp/cards/000879/card162.html,000879,芥川,竜之介,あくたがわ,りゅうのすけ,あくたかわ,りゆうのすけ,Akutagawa,Ryunosuke,著者,1892-03-01,1927-07-24,なし,日本文学全集28芥川龍之介集,集英社,1972（昭和47）年9月8日,,,,,,,,,,,,,,j.utiyama,もりみつじゅんじ,http://www.aozora.gr.jp/cards/000879/files/162_ruby_1966.zip,2009-09-16,ShiftJIS,JIS X 0208,3,http://www.aozora.gr.jp/cards/000879/files/162_15131.html,2009-09-16,ShiftJIS,JIS X 0208,1
003769,蒐書,しゅうしょ,しゆうしよ,,,,,NDC 914,新字旧仮名,なし,2007-07-19,2014-09-21,http://www.aozora.gr.jp/cards/000879/card3769.html,000879,芥川,竜之介,あくたがわ,りゅうのすけ,あくたかわ,りゆうのすけ,Akutagawa,Ryunosuke,著者,1892-03-01,1927-07-24,なし,筑摩全集類聚　芥川龍之介全集第四巻,筑摩書房,1971（昭和46）年6月5日,1979（昭和54）年4月10日初版第11刷,,,,,,,,,,,,,土屋隆,松永正敏,http://www.aozora.gr.jp/cards/000879/files/3769_ruby_27219.zip,2007-06-27,ShiftJIS,JIS X 0208,0,http://www.aozora.gr.jp/cards/000879/files/3769_27307.html,2007-06-27,ShiftJIS,JIS X 0208,0
000158,侏儒の言葉,しゅじゅのことば,しゆしゆのことは,,,,「文藝春秋」1923（大正12）年1月～1925（大正14）年11月、「文藝春秋」1927（昭和2）年9月,NDC 917,新字新仮名,なし,1999-01-13,2014-09-17,http://www.aozora.gr.jp/cards/000879/card158.html,000879,芥川,竜之介,あくたがわ,りゅうのすけ,あくたかわ,りゆうのすけ,Akutagawa,Ryunosuke,著者,1892-03-01,1927-07-24,なし,芥川龍之介全集7,ちくま文庫、筑摩書房,1989（平成1）年7月25日,1998（平成10）年2月17日第4刷,1998（平成10）年2月17日第4刷,芥川龍之介全集,岩波書店,1977（昭和52）年～1978（昭和53）年,昭和文学全集　第1巻,小学館,1987（昭和62）年5月1日,,,筑摩全集類聚版芥川龍之介全集,筑摩書房,1971（昭和46）年3月～1971（昭和46）年11月,j.utiyama,かとうかおり,http://www.aozora.gr.jp/cards/000879/files/158_ruby_1243.zip,2004-03-08,ShiftJIS,JIS X 0208,2,http://www.aozora.gr.jp/cards/000879/files/158_15132.html,2004-03-08,ShiftJIS,JIS X 0208,0
043751,侏儒の言葉,しゅじゅのことば,しゆしゆのことは,,,,「文芸春秋　第一年第一号～第三年第一一号」1923（大正12）年1月1日～1925（大正14）年11月1日,NDC 917,新字旧仮名,なし,2007-10-11,2014-09-21,http://www.aozora.gr.jp/cards/000879/card43751.html,000879,芥川,竜之介,あくたがわ,りゅうのすけ,あくたかわ,りゆうのすけ,Akutagawa,Ryunosuke,著者,1892-03-01,1927-07-24,なし,芥川龍之介全集　第十三巻,岩波書店,1996（平成8）年11月8日,1996（平成8）年11月8日発行,1996（平成8）年11月8日発行,,,,,,,,,,,,五十嵐仁,林幸雄,http://www.aozora.gr.jp/cards/000879/files/43751_ruby_27860.zip,2007-10-14,ShiftJIS,JIS X 0208,2,http://www.aozora.gr.jp/cards/000879/files/43751_27955.html,2007-10-14,ShiftJIS,JIS X 0208,2
024451,「侏儒の言葉」の序,しゅじゅのことばのじょ,しゆしゆのことはのしよ,,,,「侏儒の言葉」文藝春秋社出版部、1927（昭和2）年12月6日初版,NDC 914,旧字旧仮名,なし,2003-07-24,2014-09-17,http://www.aozora.gr.jp/cards/000879/card24451.html,000879,芥川,竜之介,あくたがわ,りゅうのすけ,あくたかわ,りゆうのすけ,Akutagawa,Ryunosuke,著者,1892-03-01,1927-07-24,なし,芥川龍之介全集　第九巻,岩波書店,1978（昭和53）年4月20日,1983（昭和58）年1月20日第2刷,,,,,,,,,,,,,高柳典子,多羅尾伴内,http://www.aozora.gr.jp/cards/000879/files/24451_ruby_11236.zip,2003-07-25,ShiftJIS,JIS X 0208,1,http://www.aozora.gr.jp/cards/000879/files/24451_11252.html,2003-06-29,ShiftJIS,JIS X 0208,0
000161,酒虫,しゅちゅう,しゆちゆう,,,,1916（大正5）年6月「新思潮」,NDC 913,新字旧仮名,なし,1998-11-13,2014-09-17,http://www.aozora.gr.jp/cards/000879/card161.html,000879,芥川,竜之介,あくたがわ,りゅうのすけ,あくたかわ,りゆうのすけ,Akutagawa,Ryunosuke,著者,1892-03-01,1927-07-24,なし,芥川龍之介全集　第一巻,岩波書店,1995（平成7）年11月8日,,,鼻,春陽堂 　,1918（大正7）年7月8日,,,,,,,,,もりみつじゅんじ,林めぐみ,http://www.aozora.gr.jp/cards/000879/files/161_ruby_777.zip,2004-03-09,ShiftJIS,JIS X 0208,2,http://www.aozora.gr.jp/cards/000879/files/161_15133.html,2004-03-09,ShiftJIS,JIS X 0208,0
000160,出帆,しゅっぱん,しゆつはん,,,,「新思潮」1916（大正5）年10月,NDC 914,新字新仮名,なし,1999-01-12,2014-09-17,http://www.aozora.gr.jp/cards/000879/card160.html,000879,芥川,竜之介,あくたがわ,りゅうのすけ,あくたかわ,りゆうのすけ,Akutagawa,Ryunosuke,著者,1892-03-01,1927-07-24,なし,羅生門・鼻・芋粥,角川文庫、角川書店,1950（昭和25）年10月20日,1985（昭和60）年11月10日改版38版,1985（昭和60）年11月10日改版38版,,,,,,,,,,,,j.utiyama,かとうかおり,http://www.aozora.gr.jp/cards/000879/files/160_ruby_1235.zip,2004-03-15,ShiftJIS,JIS X 0208,2,http://www.aozora.gr.jp/cards/000879/files/160_15199.html,2004-03-15,ShiftJIS,JIS X 0208,0
000063,じゅりあの・吉助,じゅりあの・きちすけ,しゆりあのきちすけ,,,,「新小説」1919（大正8）年9月,NDC 913,新字新仮名,なし,1998-12-28,2014-09-17,http://www.aozora.gr.jp/cards/000879/card63.html,000879,芥川,竜之介,あくたがわ,りゅうのすけ,あくたかわ,りゆうのすけ,Akutagawa,Ryunosuke,著者,1892-03-01,1927-07-24,なし,芥川龍之介全集3,ちくま文庫、筑摩書房,1986（昭和61）年12月1日,1996（平成8）年4月1日第8刷発行,,筑摩全集類聚版芥川龍之介全集,筑摩書房,1971（昭和46）年3月～1971（昭和46）年11月,,,,,,,,,j.utiyama,もりみつじゅんじ,http://www.aozora.gr.jp/cards/000879/files/63_ruby_987.zip,2004-03-15,ShiftJIS,JIS X 0208,2,http://www.aozora.gr.jp/cards/000879/files/63_15200.html,2004-03-15,ShiftJIS,JIS X 0208,0
000159,俊寛,しゅんかん,しゆんかん,,,,「中央公論」1922（大正11）年1月,NDC 913,新字新仮名,なし,1998-12-19,2014-09-17,http://www.aozora.gr.jp/cards/000879/card159.html,000879,芥川,竜之介,あくたがわ,りゅうのすけ,あくたかわ,りゆうのすけ,Akutagawa,Ryunosuke,著者,1892-03-01,1927-07-24,なし,芥川龍之介全集4,ちくま文庫、筑摩書房,1987（昭和62）年1月27日,1993（平成5）年12月25日第6刷,1996（平成8）年7月15日第8刷,筑摩全集類聚版芥川龍之介全集,筑摩書房,1971（昭和46）年3月～1971（昭和46）年11月,,,,,,,,,j.utiyama,かとうかおり,http://www.aozora.gr.jp/cards/000879/files/159_ruby_960.zip,2012-03-20,ShiftJIS,JIS X 0208,3,http://www.aozora.gr.jp/cards/000879/files/159_15201.html,2012-03-20,ShiftJIS,JIS X 0208,1
000156,将軍,しょうぐん,しようくん,,,,「改造」1922（大正11）年1月,NDC 913,新字新仮名,なし,1999-01-12,2014-09-17,http://www.aozora.gr.jp/cards/000879/card156.html,000879,芥川,竜之介,あくたがわ,りゅうのすけ,あくたかわ,りゆうのすけ,Akutagawa,Ryunosuke,著者,1892-03-01,1927-07-24,なし,芥川龍之介全集4,ちくま文庫、筑摩書房,1987（昭和62）年1月27日,1996（平成8）年7月15日第8刷,1996（平成8）年7月15日第8刷,筑摩全集類聚版芥川龍之介全集,筑摩書房,1971（昭和46）年3月～1971（昭和46）年11月,,,,,,,,,j.utiyama,かとうかおり,http://www.aozora.gr.jp/cards/000879/files/156_ruby_1221.zip,2004-03-15,ShiftJIS,JIS X 0208,2,http://www.aozora.gr.jp/cards/000879/files/156_15202.html,2004-03-15,ShiftJIS,JIS X 0208,0
003813,商賈聖母,しょうこせいぼ,しようこせいほ,,,,,NDC 913,新字旧仮名,なし,2007-07-19,2014-09-21,http://www.aozora.gr.jp/cards/000879/card3813.html,000879,芥川,竜之介,あくたがわ,りゅうのすけ,あくたかわ,りゆうのすけ,Akutagawa,Ryunosuke,著者,1892-03-01,1927-07-24,なし,筑摩全集類聚　芥川龍之介全集第四巻,筑摩書房,1971（昭和46）年6月5日,1979（昭和54）年4月10日初版第11刷,,,,,,,,,,,,,土屋隆,松永正敏,http://www.aozora.gr.jp/cards/000879/files/3813_ruby_27220.zip,2007-06-27,ShiftJIS,JIS X 0208,0,http://www.aozora.gr.jp/cards/000879/files/3813_27308.html,2007-06-27,ShiftJIS,JIS X 0208,0
003801,饒舌,じょうぜつ,しようせつ,,,,,NDC 914,新字旧仮名,なし,2007-07-22,2014-09-21,http://www.aozora.gr.jp/cards/000879/card3801.html,000879,芥川,竜之介,あくたがわ,りゅうのすけ,あくたかわ,りゆうのすけ,Akutagawa,Ryunosuke,著者,1892-03-01,1927-07-24,なし,筑摩全集類聚　芥川龍之介全集第四巻,筑摩書房,1971（昭和46）年6月5日,1979（昭和54）年4月10日初版第11刷,,,,,,,,,,,,,土屋隆,松永正敏,http://www.aozora.gr.jp/cards/000879/files/3801_ruby_27221.zip,2007-06-27,ShiftJIS,JIS X 0208,0,http://www.aozora.gr.jp/cards/000879/files/3801_27309.html,2007-06-27,ShiftJIS,JIS X 0208,0
004313,小説作法十則,しょうせつさほうじっそく,しようせつさほうしつそく,,,,「新潮　第二四年第九号」1927（昭和2）年9月1日,NDC 901,新字旧仮名,なし,2009-01-21,2014-09-21,http://www.aozora.gr.jp/cards/000879/card4313.html,000879,芥川,竜之介,あくたがわ,りゅうのすけ,あくたかわ,りゆうのすけ,Akutagawa,Ryunosuke,著者,1892-03-01,1927-07-24,なし,芥川龍之介全集　第十六巻,岩波書店,1997（平成9）年2月10日　,1997（平成9）年2月10日　,1997（平成9）年2月10日,,,,,,,,,,,,もりみつじゅんじ,土屋隆,http://www.aozora.gr.jp/cards/000879/files/4313_ruby_33092.zip,2008-12-09,ShiftJIS,JIS X 0208,0,http://www.aozora.gr.jp/cards/000879/files/4313_33771.html,2008-12-09,ShiftJIS,JIS X 0208,0
004278,小説の戯曲化,しょうせつのぎきょくか,しようせつのききよくか,,,,,NDC 901,新字旧仮名,なし,2002-10-06,2014-09-17,http://www.aozora.gr.jp/cards/000879/card4278.html,000879,芥川,竜之介,あくたがわ,りゅうのすけ,あくたかわ,りゆうのすけ,Akutagawa,Ryunosuke,著者,1892-03-01,1927-07-24,なし,芥川龍之介全集　第十一巻,岩波書店,1996（平成8）年9月9日発行,1996（平成8）年9月9日発行,,,,,,,,,,,,,もりみつじゅんじ,松永正敏,http://www.aozora.gr.jp/cards/000879/files/4278_ruby_5490.zip,2002-09-20,ShiftJIS,JIS X 0208,1,http://www.aozora.gr.jp/cards/000879/files/4278_6762.html,2002-09-20,ShiftJIS,JIS X 0208,0
003794,小説の読者,しょうせつのどくしゃ,しようせつのとくしや,,,,,NDC 914,新字旧仮名,なし,2007-07-22,2014-09-21,http://www.aozora.gr.jp/cards/000879/card3794.html,000879,芥川,竜之介,あくたがわ,りゅうのすけ,あくたかわ,りゆうのすけ,Akutagawa,Ryunosuke,著者,1892-03-01,1927-07-24,なし,筑摩全集類聚　芥川龍之介全集第四巻,筑摩書房,1971（昭和46）年6月5日,1979（昭和54）年4月10日初版第11刷,,,,,,,,,,,,,土屋隆,松永正敏,http://www.aozora.gr.jp/cards/000879/files/3794_ruby_27222.zip,2007-06-27,ShiftJIS,JIS X 0208,0,http://www.aozora.gr.jp/cards/000879/files/3794_27310.html,2007-06-27,ShiftJIS,JIS X 0208,0
000155,少年,しょうねん,しようねん,,,,「中央公論」1924（大正13）年4、5月,NDC 913,新字新仮名,なし,1999-01-08,2014-09-17,http://www.aozora.gr.jp/cards/000879/card155.html,000879,芥川,竜之介,あくたがわ,りゅうのすけ,あくたかわ,りゆうのすけ,Akutagawa,Ryunosuke,著者,1892-03-01,1927-07-24,なし,芥川龍之介全集5,ちくま文庫、筑摩書房,1987（昭和62）年2月24日,1995（平成7）年4月10日第6刷,1996（平成8）年7月15日第7刷,筑摩全集類聚版芥川龍之介全集,筑摩書房,1971（昭和46）年3月～1971（昭和46）年11月,,,,,,,,,j.utiyama,かとうかおり,http://www.aozora.gr.jp/cards/000879/files/155_ruby_1146.zip,2004-03-15,ShiftJIS,JIS X 0208,2,http://www.aozora.gr.jp/cards/000879/files/155_15203.html,2004-03-15,ShiftJIS,JIS X 0208,0
003770,娼婦美と冒険,しょうふびとぼうけん,しようふひとほうけん,,,,,NDC 914,新字旧仮名,なし,2007-07-22,2014-09-21,http://www.aozora.gr.jp/cards/000879/card3770.html,000879,芥川,竜之介,あくたがわ,りゅうのすけ,あくたかわ,りゆうのすけ,Akutagawa,Ryunosuke,著者,1892-03-01,1927-07-24,なし,筑摩全集類聚　芥川龍之介全集第四巻,筑摩書房,1971（昭和46）年6月5日,1979（昭和54）年4月10日初版第11刷,,,,,,,,,,,,,土屋隆,松永正敏,http://www.aozora.gr.jp/cards/000879/files/3770_ruby_27223.zip,2007-06-27,ShiftJIS,JIS X 0208,0,http://www.aozora.gr.jp/cards/000879/files/3770_27311.html,2007-06-27,ShiftJIS,JIS X 0208,0
003795,食物として,しょくもつとして,しよくもつとして,,,,,NDC 914,新字旧仮名,なし,2007-07-22,2014-09-21,http://www.aozora.gr.jp/cards/000879/card3795.html,000879,芥川,竜之介,あくたがわ,りゅうのすけ,あくたかわ,りゆうのすけ,Akutagawa,Ryunosuke,著者,1892-03-01,1927-07-24,なし,筑摩全集類聚　芥川龍之介全集第四巻,筑摩書房,1971（昭和46）年6月5日,1979（昭和54）年4月10日初版第11刷,,,,,,,,,,,,,土屋隆,松永正敏,http://www.aozora.gr.jp/cards/000879/files/3795_ruby_27224.zip,2007-06-27,ShiftJIS,JIS X 0208,0,http://www.aozora.gr.jp/cards/000879/files/3795_27312.html,2007-07-23,ShiftJIS,JIS X 0208,1
000148,虱,しらみ,しらみ,,,,「希望」1916（大正5）年5月,NDC 913,新字旧仮名,なし,1998-03-16,2014-09-17,http://www.aozora.gr.jp/cards/000879/card148.html,000879,芥川,竜之介,あくたがわ,りゅうのすけ,あくたかわ,りゆうのすけ,Akutagawa,Ryunosuke,著者,1892-03-01,1927-07-24,なし,現代日本文学大系　43　芥川龍之介集,筑摩書房,1968（昭和43）年8月25日,1968（昭和43）年8月25日初版第1刷,,,,,,,,,,,,,j.utiyama,野口英司,http://www.aozora.gr.jp/cards/000879/files/148_ruby_264.zip,2004-03-09,ShiftJIS,JIS X 0208,6,http://www.aozora.gr.jp/cards/000879/files/148_15134.html,2004-03-09,ShiftJIS,JIS X 0208,0
024452,しるこ,しるこ,しるこ,,,,「スヰート　第二巻第三号」明治製菓株式会社、1927（昭和2）年6月15日,NDC 914,旧字旧仮名,なし,2003-07-24,2014-09-17,http://www.aozora.gr.jp/cards/000879/card24452.html,000879,芥川,竜之介,あくたがわ,りゅうのすけ,あくたかわ,りゆうのすけ,Akutagawa,Ryunosuke,著者,1892-03-01,1927-07-24,なし,芥川龍之介全集　第九巻,岩波書店,1978（昭和53）年4月20日,1983（昭和58）年1月20日第2刷,,,,,,,,,,,,,高柳典子,多羅尾伴内,http://www.aozora.gr.jp/cards/000879/files/24452_ruby_11237.zip,2003-06-29,ShiftJIS,JIS X 0208,0,http://www.aozora.gr.jp/cards/000879/files/24452_11251.html,2003-06-29,ShiftJIS,JIS X 0208,0
000149,白,しろ,しろ,,,,「女性改造」1923（大正12）年8月,NDC K913,新字新仮名,なし,1999-03-01,2014-09-17,http://www.aozora.gr.jp/cards/000879/card149.html,000879,芥川,竜之介,あくたがわ,りゅうのすけ,あくたかわ,りゆうのすけ,Akutagawa,Ryunosuke,著者,1892-03-01,1927-07-24,なし,芥川龍之介全集5,ちくま文庫、筑摩書房,1987（昭和62）年2月24日,1995（平成7）年4月10日第6刷,,筑摩全集類聚版芥川龍之介全集,筑摩書房,1971（昭和46）年3月～1971（昭和46）年11月,,,,,,,,,j.utiyama,もりみつじゅんじ,http://www.aozora.gr.jp/cards/000879/files/149_ruby_1581.zip,2012-03-22,ShiftJIS,JIS X 0208,3,http://www.aozora.gr.jp/cards/000879/files/149_15204.html,2012-03-22,ShiftJIS,JIS X 0208,1
000147,蜃気楼,しんきろう,しんきろう,,,,「婦人公論　第十二年第三号」1927（昭和2）年3月1日,NDC 913,新字新仮名,なし,1999-01-24,2016-02-25,http://www.aozora.gr.jp/cards/000879/card147.html,000879,芥川,竜之介,あくたがわ,りゅうのすけ,あくたかわ,りゆうのすけ,Akutagawa,Ryunosuke,著者,1892-03-01,1927-07-24,なし,昭和文学全集　第1巻,小学館,1987（昭和62）年5月1日,1987（昭和62）年5月1日初版第1刷,,芥川龍之介全集　第八卷,岩波書店,1978（昭和53）年3月22日,,,,,,,,,j.utiyama,かとうかおり,http://www.aozora.gr.jp/cards/000879/files/147_ruby_1325.zip,2016-02-25,ShiftJIS,JIS X 0208,3,http://www.aozora.gr.jp/cards/000879/files/147_15135.html,2016-02-25,ShiftJIS,JIS X 0208,1
004280,新緑の庭,しんりょくのにわ,しんりよくのにわ,,,,「中央公論」1924（大正13）年6月,NDC 914,新字旧仮名,なし,2002-10-06,2014-09-17,http://www.aozora.gr.jp/cards/000879/card4280.html,000879,芥川,竜之介,あくたがわ,りゅうのすけ,あくたかわ,りゆうのすけ,Akutagawa,Ryunosuke,著者,1892-03-01,1927-07-24,なし,芥川龍之介全集　第十一巻,岩波書店,1996（平成8）年9月9日発行,1996（平成8）年9月9日発行,,,,,,,,,,,,,もりみつじゅんじ,松永正敏,http://www.aozora.gr.jp/cards/000879/files/4280_ruby_5492.zip,2002-09-20,ShiftJIS,JIS X 0208,1,http://www.aozora.gr.jp/cards/000879/files/4280_6763.html,2002-09-20,ShiftJIS,JIS X 0208,0
002322,塵労,じんろう,しんろう,,,,,NDC 913,新字旧仮名,なし,1999-02-15,2014-09-17,http://www.aozora.gr.jp/cards/000879/card2322.html,000879,芥川,竜之介,あくたがわ,りゅうのすけ,あくたかわ,りゆうのすけ,Akutagawa,Ryunosuke,著者,1892-03-01,1927-07-24,なし,芥川龍之介全集　第四巻,筑摩書房,1971（昭和46）年6月5日,1971（昭和46）年10月5日初版第5刷,1971（昭和46）年10月5日初版第5刷,,,,,,,,,,,,j.utiyama,j.utiyama,http://www.aozora.gr.jp/cards/000879/files/2322_ruby_1511.zip,2003-10-20,ShiftJIS,JIS X 0208,3,http://www.aozora.gr.jp/cards/000879/files/2322_13459.html,2003-10-20,ShiftJIS,JIS X 0208,0
000153,素戔嗚尊,すさのおのみこと,すさのおのみこと,,,,「大阪毎日新聞　夕刊」1920（大正9）年3月～6月,NDC 913,新字新仮名,なし,1999-08-27,2014-09-17,http://www.aozora.gr.jp/cards/000879/card153.html,000879,芥川,竜之介,あくたがわ,りゅうのすけ,あくたかわ,りゆうのすけ,Akutagawa,Ryunosuke,著者,1892-03-01,1927-07-24,なし,芥川龍之介全集3,ちくま文庫、筑摩書房,1986（昭和61）年12月1日,1996（平成8）年4月1日第8刷,1997（平成9）年4月15日第9刷,筑摩全集類聚版芥川龍之介全集,筑摩書房,1971（昭和46）年3月～1971（昭和46）年11月,,,,,,,,,j.utiyama,湯地光弘,http://www.aozora.gr.jp/cards/000879/files/153_ruby_2349.zip,2012-03-17,ShiftJIS,JIS X 0208,7,http://www.aozora.gr.jp/cards/000879/files/153_15205.html,2012-03-17,ShiftJIS,JIS X 0208,2
000154,捨児,すてご,すてこ,,,,「新潮」1920（大正9）年7月,NDC 913,新字新仮名,なし,1998-12-19,2014-09-17,http://www.aozora.gr.jp/cards/000879/card154.html,000879,芥川,竜之介,あくたがわ,りゅうのすけ,あくたかわ,りゆうのすけ,Akutagawa,Ryunosuke,著者,1892-03-01,1927-07-24,なし,芥川龍之介全集4,ちくま文庫、筑摩書房,1987（昭和62）年1月27日,1993（平成5）年12月25日第6刷,1996（平成8）年7月15日第8刷,筑摩全集類聚版芥川龍之介全集,筑摩書房,1971（昭和46）年3月～1971（昭和46）年11月,,,,,,,,,j.utiyama,かとうかおり,http://www.aozora.gr.jp/cards/000879/files/154_ruby_956.zip,2012-03-22,ShiftJIS,JIS X 0208,4,http://www.aozora.gr.jp/cards/000879/files/154_15206.html,2012-03-22,ShiftJIS,JIS X 0208,1
000142,青年と死,せいねんとし,せいねんとし,,,,「新思潮」1914（大正3）年9月,NDC 912,新字新仮名,なし,1998-03-11,2014-09-17,http://www.aozora.gr.jp/cards/000879/card142.html,000879,芥川,竜之介,あくたがわ,りゅうのすけ,あくたかわ,りゆうのすけ,Akutagawa,Ryunosuke,著者,1892-03-01,1927-07-24,なし,芥川龍之介全集1,ちくま文庫、筑摩書房,1986（昭和61）年9月24日,1997（平成9）年4月15日第14刷,,筑摩全集類聚版芥川龍之介全集,筑摩書房,1971（昭和46）年3月～1971（昭和46）年11月,,,,,,,,,野口英司,,http://www.aozora.gr.jp/cards/000879/files/142_ruby_249.zip,2004-03-15,ShiftJIS,JIS X 0208,2,http://www.aozora.gr.jp/cards/000879/files/142_15207.html,2004-03-15,ShiftJIS,JIS X 0208,0
003756,西洋画のやうな日本画,せいようがのようなにほんが,せいようかのようなにほんか,,,,,NDC 721,新字旧仮名,なし,2007-07-22,2014-09-21,http://www.aozora.gr.jp/cards/000879/card3756.html,000879,芥川,竜之介,あくたがわ,りゅうのすけ,あくたかわ,りゆうのすけ,Akutagawa,Ryunosuke,著者,1892-03-01,1927-07-24,なし,筑摩全集類聚　芥川龍之介全集第四巻,筑摩書房,1971（昭和46）年6月5日,1979（昭和54）年4月10日初版第11刷,,,,,,,,,,,,,土屋隆,松永正敏,http://www.aozora.gr.jp/cards/000879/files/3756_ruby_27225.zip,2007-06-27,ShiftJIS,JIS X 0208,0,http://www.aozora.gr.jp/cards/000879/files/3756_27313.html,2007-06-27,ShiftJIS,JIS X 0208,0
000144,仙人,せんにん,せんにん,,,,1922（大正11）年,NDC 913,新字新仮名,なし,1999-01-05,2014-09-17,http://www.aozora.gr.jp/cards/000879/card144.html,000879,芥川,竜之介,あくたがわ,りゅうのすけ,あくたかわ,りゆうのすけ,Akutagawa,Ryunosuke,著者,1892-03-01,1927-07-24,なし,芥川龍之介全集5,ちくま文庫、筑摩書房,1987（昭和62）年2月24日,1995（平成7）年4月10日第6刷,1996（平成8）年7月15日第7刷,筑摩全集類聚版芥川龍之介全集,筑摩書房,1971（昭和46）年3月～1971（昭和46）年11月,,,,,,,,,j.utiyama,かとうかおり,http://www.aozora.gr.jp/cards/000879/files/144_ruby_1107.zip,2004-03-15,ShiftJIS,JIS X 0208,2,http://www.aozora.gr.jp/cards/000879/files/144_15208.html,2004-03-15,ShiftJIS,JIS X 0208,0
000143,仙人,せんにん,せんにん,,,,「新思潮」1916（大正5）年8月,NDC 913,新字新仮名,なし,1998-12-06,2014-09-17,http://www.aozora.gr.jp/cards/000879/card143.html,000879,芥川,竜之介,あくたがわ,りゅうのすけ,あくたかわ,りゆうのすけ,Akutagawa,Ryunosuke,著者,1892-03-01,1927-07-24,なし,芥川龍之介全集1,ちくま文庫、筑摩書房,1986（昭和61）年9月24日,1995（平成7）年10月5日第13刷,1997（平成9）年4月15日第14刷,筑摩全集類聚版芥川龍之介全集,筑摩書房,1971年3月～11月に刊行,,,,,,,,,j.utiyama,かとうかおり,http://www.aozora.gr.jp/cards/000879/files/143_ruby_833.zip,2004-03-15,ShiftJIS,JIS X 0208,3,http://www.aozora.gr.jp/cards/000879/files/143_15209.html,2004-03-15,ShiftJIS,JIS X 0208,0
002325,仙人,せんにん,せんにん,,,,,NDC 913,新字旧仮名,なし,1999-02-15,2014-09-17,http://www.aozora.gr.jp/cards/000879/card2325.html,000879,芥川,竜之介,あくたがわ,りゅうのすけ,あくたかわ,りゆうのすけ,Akutagawa,Ryunosuke,著者,1892-03-01,1927-07-24,なし,芥川龍之介全集　第四巻,筑摩書房,1971（昭和46）年6月5日,1971（昭和46）年10月5日初版第5刷,1971（昭和46）年10月5日初版第5刷,,,,,,,,,,,,j.utiyama,j.utiyama,http://www.aozora.gr.jp/cards/000879/files/2325_ruby_1520.zip,2003-10-20,ShiftJIS,JIS X 0208,3,http://www.aozora.gr.jp/cards/000879/files/2325_13462.html,2003-10-20,ShiftJIS,JIS X 0208,0
000150,葬儀記,そうぎき,そうきき,,,,「新思潮」1917（大正6）年3月,NDC 914,新字新仮名,なし,1999-01-12,2014-09-17,http://www.aozora.gr.jp/cards/000879/card150.html,000879,芥川,竜之介,あくたがわ,りゅうのすけ,あくたかわ,りゆうのすけ,Akutagawa,Ryunosuke,著者,1892-03-01,1927-07-24,なし,羅生門・鼻・芋粥,角川文庫、角川書店,1950（昭和25）年10月20日,1985（昭和60）年11月10日改版38版,1985（昭和60）年11月10日改版38版,,,,,,,,,,,,j.utiyama,かとうかおり,http://www.aozora.gr.jp/cards/000879/files/150_ruby_1239.zip,2004-03-15,ShiftJIS,JIS X 0208,2,http://www.aozora.gr.jp/cards/000879/files/150_15210.html,2004-03-15,ShiftJIS,JIS X 0208,0
003799,創作,そうさく,そうさく,,,,,NDC 914,新字旧仮名,なし,2007-08-09,2014-09-21,http://www.aozora.gr.jp/cards/000879/card3799.html,000879,芥川,竜之介,あくたがわ,りゅうのすけ,あくたかわ,りゆうのすけ,Akutagawa,Ryunosuke,著者,1892-03-01,1927-07-24,なし,筑摩全集類聚　芥川龍之介全集第四巻,筑摩書房,1971（昭和46）年6月5日,1979（昭和54）年4月10日初版第11刷,,,,,,,,,,,,,土屋隆,松永正敏,http://www.aozora.gr.jp/cards/000879/files/3799_ruby_27271.zip,2007-06-27,ShiftJIS,JIS X 0208,0,http://www.aozora.gr.jp/cards/000879/files/3799_27359.html,2007-06-27,ShiftJIS,JIS X 0208,0
000152,早春,そうしゅん,そうしゆん,,,,「東京日日新聞」1925（大正14）年1月,NDC 913,新字新仮名,なし,1998-12-11,2014-09-17,http://www.aozora.gr.jp/cards/000879/card152.html,000879,芥川,竜之介,あくたがわ,りゅうのすけ,あくたかわ,りゆうのすけ,Akutagawa,Ryunosuke,著者,1892-03-01,1927-07-24,なし,芥川龍之介全集5,ちくま文庫、筑摩書房,1987（昭和62）年2月24日,1995（平成7）年4月10日第6刷,1996（平成8）年7月15日第7刷,筑摩全集類聚版芥川龍之介全集,筑摩書房,1971（昭和46）年3月～1971（昭和46）年11月,,,,,,,,,j.utiyama,奥西久美,http://www.aozora.gr.jp/cards/000879/files/152_ruby_908.zip,2004-03-15,ShiftJIS,JIS X 0208,2,http://www.aozora.gr.jp/cards/000879/files/152_15211.html,2004-03-15,ShiftJIS,JIS X 0208,0
000151,漱石山房の秋,そうせきさんぼうのあき,そうせきさんほうのあき,,,,「大阪毎日新聞」1920（大正9）年1月,NDC 914,新字旧仮名,なし,1999-01-26,2014-09-17,http://www.aozora.gr.jp/cards/000879/card151.html,000879,芥川,竜之介,あくたがわ,りゅうのすけ,あくたかわ,りゆうのすけ,Akutagawa,Ryunosuke,著者,1892-03-01,1927-07-24,なし,芥川龍之介作品集　第三巻,昭和出版社,1965（昭和40）年12月20日,1965（昭和40）年12月20日,,,,,,,,,,,,,j.utiyama,かとうかおり,http://www.aozora.gr.jp/cards/000879/files/151_ruby_1349.zip,2003-10-20,ShiftJIS,JIS X 0208,2,http://www.aozora.gr.jp/cards/000879/files/151_13451.html,2003-10-20,ShiftJIS,JIS X 0208,0
002321,漱石山房の冬,そうせきさんぼうのふゆ,そうせきさんほうのふゆ,,,,「サンデー毎日」1923（大正12）年1月,NDC 914,新字旧仮名,なし,1999-01-26,2014-09-17,http://www.aozora.gr.jp/cards/000879/card2321.html,000879,芥川,竜之介,あくたがわ,りゅうのすけ,あくたかわ,りゆうのすけ,Akutagawa,Ryunosuke,著者,1892-03-01,1927-07-24,なし,芥川龍之介作品集　第三巻,昭和出版社,1965（昭和40）年12月20日,,,,,,,,,,,,,,j.utiyama,かとうかおり,http://www.aozora.gr.jp/cards/000879/files/2321_ruby_1353.zip,2003-10-20,ShiftJIS,JIS X 0208,2,http://www.aozora.gr.jp/cards/000879/files/2321_13452.html,2003-10-20,ShiftJIS,JIS X 0208,0
004301,装幀に就いての私の意見,そうていについてのわたしのいけん,そうていについてのわたしのいけん,,,,,NDC 914,新字旧仮名,なし,2002-10-08,2014-09-17,http://www.aozora.gr.jp/cards/000879/card4301.html,000879,芥川,竜之介,あくたがわ,りゅうのすけ,あくたかわ,りゆうのすけ,Akutagawa,Ryunosuke,著者,1892-03-01,1927-07-24,なし,芥川龍之介全集　第十二巻,岩波書店,1996（平成8）年10月8日発行,1996（平成8）年10月8日発行,,,,,,,,,,,,,もりみつじゅんじ,松永正敏,http://www.aozora.gr.jp/cards/000879/files/4301_txt_6770.zip,2002-09-20,ShiftJIS,JIS X 0208,0,http://www.aozora.gr.jp/cards/000879/files/4301_6768.html,2002-09-20,ShiftJIS,JIS X 0208,0
000191,続西方の人,ぞくさいほうのひと,そくさいほうのひと,,,,「改造」1927（昭和2）年9月,NDC 190 913,新字旧仮名,なし,1998-06-04,2014-09-17,http://www.aozora.gr.jp/cards/000879/card191.html,000879,芥川,竜之介,あくたがわ,りゅうのすけ,あくたかわ,りゆうのすけ,Akutagawa,Ryunosuke,著者,1892-03-01,1927-07-24,なし,現代日本文学大系　43　芥川龍之介集,筑摩書房,1968（昭和43）年8月25日,1968（昭和43）年8月25日初版第1刷,,,,,,,,,,,,,j.utiyama,野口英司,http://www.aozora.gr.jp/cards/000879/files/191_ruby_366.zip,2004-03-11,ShiftJIS,JIS X 0208,2,http://www.aozora.gr.jp/cards/000879/files/191_15139.html,2004-03-11,ShiftJIS,JIS X 0208,0
003746,続澄江堂雑記,ぞくちょうこうどうざっき,そくちようこうとうさつき,,,,,NDC 914,新字旧仮名,なし,2007-07-22,2014-09-21,http://www.aozora.gr.jp/cards/000879/card3746.html,000879,芥川,竜之介,あくたがわ,りゅうのすけ,あくたかわ,りゆうのすけ,Akutagawa,Ryunosuke,著者,1892-03-01,1927-07-24,なし,筑摩全集類聚　芥川龍之介全集第四巻,筑摩書房,1971（昭和46）年6月5日,1979（昭和54）年4月10日初版第11刷,,,,,,,,,,,,,土屋隆,松永正敏,http://www.aozora.gr.jp/cards/000879/files/3746_ruby_27226.zip,2007-06-27,ShiftJIS,JIS X 0208,0,http://www.aozora.gr.jp/cards/000879/files/3746_27314.html,2007-06-27,ShiftJIS,JIS X 0208,0
000189,続芭蕉雑記,ぞくばしょうざっき,そくはしようさつき,,,,「文藝春秋」1927（昭和2）年8月,NDC 911,新字旧仮名,なし,1999-01-14,2014-09-17,http://www.aozora.gr.jp/cards/000879/card189.html,000879,芥川,竜之介,あくたがわ,りゅうのすけ,あくたかわ,りゆうのすけ,Akutagawa,Ryunosuke,著者,1892-03-01,1927-07-24,なし,現代日本文学大系　43　芥川龍之介集,筑摩書房,1968（昭和43）年8月25日,1968（昭和43）年8月25日初版第1刷,,,,,,,,,,,,,j.utiyama,かとうかおり,http://www.aozora.gr.jp/cards/000879/files/189_ruby_1257.zip,2004-03-11,ShiftJIS,JIS X 0208,2,http://www.aozora.gr.jp/cards/000879/files/189_15140.html,2004-03-11,ShiftJIS,JIS X 0208,0
000190,続文芸的な、余りに文芸的な,ぞくぶんげいてきな、あまりにぶんげいてきな,そくふんけいてきなあまりにふんけいてきな,,,,「文藝春秋」1927（昭和2）年7月,NDC 914,新字旧仮名,なし,1999-02-02,2014-09-17,http://www.aozora.gr.jp/cards/000879/card190.html,000879,芥川,竜之介,あくたがわ,りゅうのすけ,あくたかわ,りゆうのすけ,Akutagawa,Ryunosuke,著者,1892-03-01,1927-07-24,なし,現代日本文学大系　43　芥川龍之介集,筑摩書房,1968（昭和43）年8月25日,1968（昭和43）年8月25日初版第1刷,,,,,,,,,,,,,j.utiyama,かとうかおり,http://www.aozora.gr.jp/cards/000879/files/190_ruby_1444.zip,2004-03-11,ShiftJIS,JIS X 0208,2,http://www.aozora.gr.jp/cards/000879/files/190_15141.html,2004-03-11,ShiftJIS,JIS X 0208,0
003744,続野人生計事,ぞくやじんせいけいごと,そくやしんせいけいこと,,,,,NDC 914,新字旧仮名,なし,2007-08-09,2014-09-21,http://www.aozora.gr.jp/cards/000879/card3744.html,000879,芥川,竜之介,あくたがわ,りゅうのすけ,あくたかわ,りゆうのすけ,Akutagawa,Ryunosuke,著者,1892-03-01,1927-07-24,なし,筑摩全集類聚　芥川龍之介全集第四巻,筑摩書房,1971（昭和46）年6月5日,1979（昭和54）年4月10日初版第11刷,,,,,,,,,,,,,土屋隆,松永正敏,http://www.aozora.gr.jp/cards/000879/files/3744_ruby_27272.zip,2007-06-27,ShiftJIS,JIS X 0208,0,http://www.aozora.gr.jp/cards/000879/files/3744_27360.html,2007-06-27,ShiftJIS,JIS X 0208,0
003793,その頃の赤門生活,そのころのあかもんせいかつ,そのころのあかもんせいかつ,,,,,NDC 914,新字旧仮名,なし,2007-07-22,2014-09-21,http://www.aozora.gr.jp/cards/000879/card3793.html,000879,芥川,竜之介,あくたがわ,りゅうのすけ,あくたかわ,りゆうのすけ,Akutagawa,Ryunosuke,著者,1892-03-01,1927-07-24,なし,筑摩全集類聚　芥川龍之介全集第四巻,筑摩書房,1971（昭和46）年6月5日,1979（昭和54）年4月10日初版第11刷,,,,,,,,,,,,,土屋隆,松永正敏,http://www.aozora.gr.jp/cards/000879/files/3793_ruby_27227.zip,2007-06-27,ShiftJIS,JIS X 0208,0,http://www.aozora.gr.jp/cards/000879/files/3793_27315.html,2007-06-27,ShiftJIS,JIS X 0208,0
000157,素描三題,そびょうさんだい,そひようさんたい,,,,,NDC 913,新字旧仮名,なし,1999-02-15,2014-09-17,http://www.aozora.gr.jp/cards/000879/card157.html,000879,芥川,竜之介,あくたがわ,りゅうのすけ,あくたかわ,りゆうのすけ,Akutagawa,Ryunosuke,著者,1892-03-01,1927-07-24,なし,芥川龍之介全集　第四巻,筑摩書房,1971（昭和46）年6月5日,1971（昭和46）年10月5日初版第5刷,1971（昭和46）年10月5日初版第5刷,,,,,,,,,,,,j.utiyama,j.utiyama,http://www.aozora.gr.jp/cards/000879/files/157_ruby_1508.zip,2004-03-15,ShiftJIS,JIS X 0208,4,http://www.aozora.gr.jp/cards/000879/files/157_15212.html,2004-03-15,ShiftJIS,JIS X 0208,0
003762,大正十二年九月一日の大震に際して,たいしょうじゅうにねんくがつついたちのだいしんにさいして,たいしようしゆうにねんくかつついたちのたいしんにさいして,,,,,NDC 914 915,新字旧仮名,なし,2007-08-09,2014-09-21,http://www.aozora.gr.jp/cards/000879/card3762.html,000879,芥川,竜之介,あくたがわ,りゅうのすけ,あくたかわ,りゆうのすけ,Akutagawa,Ryunosuke,著者,1892-03-01,1927-07-24,なし,筑摩全集類聚　芥川龍之介全集第四巻,筑摩書房,1971（昭和46）年6月5日,1979（昭和54）年4月10日初版第11刷,,,,,,,,,,,,,土屋隆,松永正敏,http://www.aozora.gr.jp/cards/000879/files/3762_ruby_27273.zip,2007-06-27,ShiftJIS,JIS X 0208,0,http://www.aozora.gr.jp/cards/000879/files/3762_27361.html,2007-06-27,ShiftJIS,JIS X 0208,0
000032,大導寺信輔の半生,だいどうじしんすけのはんせい,たいとうししんすけのはんせい,――或精神的風景画――,――あるせいしんてきふうけいが――,,「中央公論　第四十年第一号」1925（大正14）年1月1日,NDC 913,新字新仮名,なし,1998-10-11,2016-02-25,http://www.aozora.gr.jp/cards/000879/card32.html,000879,芥川,竜之介,あくたがわ,りゅうのすけ,あくたかわ,りゆうのすけ,Akutagawa,Ryunosuke,著者,1892-03-01,1927-07-24,なし,昭和文学全集　第1巻,小学館,1987（昭和62）年5月1日,1987（昭和62）年5月1日初版第1刷,1987（昭和62）年5月1日初版第1刷,芥川龍之介全集　第七卷,岩波書店,1978（昭和53）年2月22日,,,,,,,,,j.utiyama,もりみつじゅんじ,http://www.aozora.gr.jp/cards/000879/files/32_ruby_615.zip,2016-02-25,ShiftJIS,JIS X 0208,3,http://www.aozora.gr.jp/cards/000879/files/32_14481.html,2016-02-25,ShiftJIS,JIS X 0208,1
046672,大導寺信輔の半生,だいどうじしんすけのはんせい,たいとうししんすけのはんせい,―或精神的風景画―,―あるせいしんてきふうけいが―,,「中央公論」1925（大正14）年1月1日,NDC 913,新字旧仮名,なし,2009-05-04,2014-09-21,http://www.aozora.gr.jp/cards/000879/card46672.html,000879,芥川,竜之介,あくたがわ,りゅうのすけ,あくたかわ,りゆうのすけ,Akutagawa,Ryunosuke,著者,1892-03-01,1927-07-24,なし,芥川龍之介全集第十二巻,岩波書店,1996（平成8）年10月8日,1996（平成8）年10月8日,1996（平成8）年10月8日,中央公論　第四〇年第一号,　,1925（大正14）年1月1日,,,,,,,,,五十嵐仁,noriko saito,http://www.aozora.gr.jp/cards/000879/files/46672_ruby_34129.zip,2009-04-21,ShiftJIS,JIS X 0208,0,http://www.aozora.gr.jp/cards/000879/files/46672_34485.html,2009-04-21,ShiftJIS,JIS X 0208,0
000033,第四の夫から,だいよんのおっとから,たいよんのおつとから,,,,「サンデー毎日」1924（大正13）年4月,NDC 913,新字新仮名,なし,1999-01-05,2014-09-17,http://www.aozora.gr.jp/cards/000879/card33.html,000879,芥川,竜之介,あくたがわ,りゅうのすけ,あくたかわ,りゆうのすけ,Akutagawa,Ryunosuke,著者,1892-03-01,1927-07-24,なし,芥川龍之介全集5,ちくま文庫、筑摩書房,1987（昭和62）年2月24日,1995（平成7）年4月10日第6刷,1996（平成8）年7月15日第7刷,筑摩全集類聚版芥川龍之介全集,筑摩書房,1971（昭和46）年3月～1971（昭和46）年11月,,,,,,,,,j.utiyama,かとうかおり,http://www.aozora.gr.jp/cards/000879/files/33_ruby_1079.zip,2004-03-15,ShiftJIS,JIS X 0208,2,http://www.aozora.gr.jp/cards/000879/files/33_15213.html,2004-03-15,ShiftJIS,JIS X 0208,0
043382,滝田哲太郎君,たきたてつたろうくん,たきたてつたろうくん,,,,,NDC 914,新字新仮名,なし,2005-03-11,2014-09-18,http://www.aozora.gr.jp/cards/000879/card43382.html,000879,芥川,竜之介,あくたがわ,りゅうのすけ,あくたかわ,りゆうのすけ,Akutagawa,Ryunosuke,著者,1892-03-01,1927-07-24,なし,大川の水・追憶・本所両国　現代日本のエッセイ,講談社文芸文庫、講談社,1995（平成7）年1月10日,1995（平成7）年1月10日第1刷,1995（平成7）年1月10日第1刷,芥川龍之介全集第1～9、12巻,岩波書店,1977（昭和52）年7、9～12月、1978（昭和53）年1～4、7月,,,,,,,,,向井樹里,門田裕志,http://www.aozora.gr.jp/cards/000879/files/43382_ruby_17693.zip,2005-02-20,ShiftJIS,JIS X 0208,0,http://www.aozora.gr.jp/cards/000879/files/43382_17880.html,2005-02-20,ShiftJIS,JIS X 0208,0
043383,滝田哲太郎氏,たきたてつたろうし,たきたてつたろうし,,,,,NDC 914,新字新仮名,なし,2007-03-10,2014-09-21,http://www.aozora.gr.jp/cards/000879/card43383.html,000879,芥川,竜之介,あくたがわ,りゅうのすけ,あくたかわ,りゆうのすけ,Akutagawa,Ryunosuke,著者,1892-03-01,1927-07-24,なし,大川の水・追憶・本所両国　現代日本のエッセイ,講談社文芸文庫、講談社,1995（平成7）年1月10日,1995（平成7）年1月10日第1刷,1995（平成7）年1月10日第1刷,芥川龍之介全集第1～9、12巻,岩波書店,1977（昭和52）年7、9～12月、1978（昭和53）年1～4、7月,,,,,,,,,向井樹里,砂場清隆,http://www.aozora.gr.jp/cards/000879/files/43383_ruby_25741.zip,2007-02-12,ShiftJIS,JIS X 0208,0,http://www.aozora.gr.jp/cards/000879/files/43383_26108.html,2007-02-12,ShiftJIS,JIS X 0208,0
001132,竜村平蔵氏の芸術,たつむらへいぞうしのげいじゅつ,たつむらへいそうしのけいしゆつ,,,,「東京日日新聞」1919（大正8）年11月,NDC 914,新字旧仮名,なし,2002-10-05,2014-09-17,http://www.aozora.gr.jp/cards/000879/card1132.html,000879,芥川,竜之介,あくたがわ,りゅうのすけ,あくたかわ,りゆうのすけ,Akutagawa,Ryunosuke,著者,1892-03-01,1927-07-24,なし,芥川龍之介全集　第五巻,岩波書店,1996（平成8）年3月8日発行,1996（平成8）年3月8日発行,,,,,,,,,,,,,もりみつじゅんじ,松永正敏,http://www.aozora.gr.jp/cards/000879/files/1132_ruby_5439.zip,2002-09-20,ShiftJIS,JIS X 0208,1,http://www.aozora.gr.jp/cards/000879/files/1132_6754.html,2002-09-20,ShiftJIS,JIS X 0208,0
004276,谷崎潤一郎氏,たにざきじゅんいちろうし,たにさきしゆんいちろうし,,,,,NDC 914,新字旧仮名,なし,2002-10-05,2014-09-17,http://www.aozora.gr.jp/cards/000879/card4276.html,000879,芥川,竜之介,あくたがわ,りゅうのすけ,あくたかわ,りゆうのすけ,Akutagawa,Ryunosuke,著者,1892-03-01,1927-07-24,なし,芥川龍之介全集　第十巻,岩波書店,1996（平成8）年8月8日発行,1996（平成8）年8月8日発行,,,,,,,,,,,,,もりみつじゅんじ,松永正敏,http://www.aozora.gr.jp/cards/000879/files/4276_txt_6756.zip,2012-05-06,ShiftJIS,JIS X 0208,1,http://www.aozora.gr.jp/cards/000879/files/4276_6757.html,2012-05-06,ShiftJIS,JIS X 0208,1
000164,たね子の憂鬱,たねこのゆううつ,たねこのゆううつ,,,,「新潮」1927（昭和2）年5月,NDC 913,新字新仮名,なし,1999-02-03,2014-09-17,http://www.aozora.gr.jp/cards/000879/card164.html,000879,芥川,竜之介,あくたがわ,りゅうのすけ,あくたかわ,りゆうのすけ,Akutagawa,Ryunosuke,著者,1892-03-01,1927-07-24,なし,芥川龍之介全集6,ちくま文庫、筑摩書房,1987（昭和62）年3月24日,1993（平成5）年2月25日第6刷,1997（平成9）年4月15日第8刷,筑摩全集類聚版芥川龍之介全集,筑摩書房,1971（昭和46）年3月～1971（昭和46）年11月,,,,,,,,,j.utiyama,かとうかおり,http://www.aozora.gr.jp/cards/000879/files/164_ruby_1455.zip,2004-03-15,ShiftJIS,JIS X 0208,2,http://www.aozora.gr.jp/cards/000879/files/164_15214.html,2004-03-15,ShiftJIS,JIS X 0208,0
000163,煙草と悪魔,たばことあくま,たはことあくま,,,,「新思潮」1916（大正5）年11月,NDC 913,新字旧仮名,なし,1998-09-11,2014-09-17,http://www.aozora.gr.jp/cards/000879/card163.html,000879,芥川,竜之介,あくたがわ,りゅうのすけ,あくたかわ,りゆうのすけ,Akutagawa,Ryunosuke,著者,1892-03-01,1927-07-24,なし,現代日本文学大系　43　芥川龍之介集,筑摩書房,1968（昭和43）年8月25日,1968（昭和43）年8月25日初版第1刷,,,,,,,,,,,,,j.utiyama,吉田亜津美,http://www.aozora.gr.jp/cards/000879/files/163_ruby_529.zip,2004-03-11,ShiftJIS,JIS X 0208,4,http://www.aozora.gr.jp/cards/000879/files/163_15142.html,2004-03-11,ShiftJIS,JIS X 0208,0
003773,田端人,たばたじん,たはたしん,,,,,NDC 914,新字旧仮名,なし,2007-07-22,2014-09-21,http://www.aozora.gr.jp/cards/000879/card3773.html,000879,芥川,竜之介,あくたがわ,りゅうのすけ,あくたかわ,りゆうのすけ,Akutagawa,Ryunosuke,著者,1892-03-01,1927-07-24,なし,筑摩全集類聚　芥川龍之介全集第四巻,筑摩書房,1971（昭和46）年6月5日,1979（昭和54）年4月10日初版第11刷,,,,,,,,,,,,,土屋隆,松永正敏,http://www.aozora.gr.jp/cards/000879/files/3773_ruby_27228.zip,2007-06-27,ShiftJIS,JIS X 0208,0,http://www.aozora.gr.jp/cards/000879/files/3773_27316.html,2007-06-27,ShiftJIS,JIS X 0208,0
002692,田端日記,たばたにっき,たはたにつき,,,,,NDC 914,新字新仮名,なし,2007-08-27,2014-09-21,http://www.aozora.gr.jp/cards/000879/card2692.html,000879,芥川,竜之介,あくたがわ,りゅうのすけ,あくたかわ,りゆうのすけ,Akutagawa,Ryunosuke,著者,1892-03-01,1927-07-24,なし,芥川龍之介全集8,ちくま文庫、筑摩書房,1989（平成元）年8月29日,1998（平成10）年2月17日第3刷,2004（平成16）年12月25日第5刷,筑摩全集類聚　芥川龍之介全集,筑摩書房,1971（昭和46）年3月～11月刊行,,,,,,,,,土屋隆,noriko saito,http://www.aozora.gr.jp/cards/000879/files/2692_ruby_26930.zip,2007-07-23,ShiftJIS,JIS X 0208,0,http://www.aozora.gr.jp/cards/000879/files/2692_27728.html,2007-07-23,ShiftJIS,JIS X 0208,0
003759,近頃の幽霊,ちかごろのゆうれい,ちかころのゆうれい,,,,,NDC 914,新字旧仮名,なし,2007-07-25,2014-09-21,http://www.aozora.gr.jp/cards/000879/card3759.html,000879,芥川,竜之介,あくたがわ,りゅうのすけ,あくたかわ,りゆうのすけ,Akutagawa,Ryunosuke,著者,1892-03-01,1927-07-24,なし,筑摩全集類聚　芥川龍之介全集第四巻,筑摩書房,1971（昭和46）年6月5日,1979（昭和54）年4月10日初版第11刷,,,,,,,,,,,,,土屋隆,松永正敏,http://www.aozora.gr.jp/cards/000879/files/3759_ruby_27229.zip,2007-06-27,ShiftJIS,JIS X 0208,0,http://www.aozora.gr.jp/cards/000879/files/3759_27317.html,2007-06-27,ShiftJIS,JIS X 0208,0
000030,父,ちち,ちち,,,,「新思潮」1916（大正5）年5月,NDC 914,新字新仮名,なし,1998-11-11,2014-09-17,http://www.aozora.gr.jp/cards/000879/card30.html,000879,芥川,竜之介,あくたがわ,りゅうのすけ,あくたかわ,りゆうのすけ,Akutagawa,Ryunosuke,著者,1892-03-01,1927-07-24,なし,芥川龍之介全集１,ちくま文庫、筑摩書房,1986（昭和61）年9月24日,1995（平成7）年10月5日第13刷,,筑摩全集類聚版芥川龍之介全集,筑摩書房,1971（昭和46）年3月～1971（昭和46）年11月,,,,,,,,,j.utiyama,もりみつじゅんじ,http://www.aozora.gr.jp/cards/000879/files/30_ruby_749.zip,2004-03-15,ShiftJIS,JIS X 0208,2,http://www.aozora.gr.jp/cards/000879/files/30_15215.html,2004-03-15,ShiftJIS,JIS X 0208,0
000173,忠義,ちゅうぎ,ちゆうき,,,,「黒潮」1917（大正6）年3月,NDC 913,新字新仮名,なし,1998-12-06,2014-09-17,http://www.aozora.gr.jp/cards/000879/card173.html,000879,芥川,竜之介,あくたがわ,りゅうのすけ,あくたかわ,りゆうのすけ,Akutagawa,Ryunosuke,著者,1892-03-01,1927-07-24,なし,芥川龍之介全集1,ちくま文庫、筑摩書房,1986（昭和61）年9月24日,1995（平成7）年10月5日第13刷,1997（平成9）年4月15日第14刷,筑摩全集類聚版芥川龍之介全集,筑摩書房,1971（昭和46）年3月～1971（昭和46）年11月,,,,,,,,,j.utiyama,かとうかおり,http://www.aozora.gr.jp/cards/000879/files/173_ruby_837.zip,2004-03-15,ShiftJIS,JIS X 0208,2,http://www.aozora.gr.jp/cards/000879/files/173_15216.html,2004-03-15,ShiftJIS,JIS X 0208,0
000031,偸盗,ちゅうとう,ちゆうとう,,,,「中央公論」1917（大正6）年4、7月,NDC 913,新字新仮名,なし,1998-10-04,2014-09-17,http://www.aozora.gr.jp/cards/000879/card31.html,000879,芥川,竜之介,あくたがわ,りゅうのすけ,あくたかわ,りゆうのすけ,Akutagawa,Ryunosuke,著者,1892-03-01,1927-07-24,なし,羅生門・鼻・芋粥・偸盗,岩波文庫、岩波書店,1960（昭和35）年11月25日,1993（平成5）年9月20日第46刷,1991（平成3）年2月15日第40刷,芥川竜之介全集,岩波書店,1954（昭和29）年～1955（昭和30）年,,,,,,,,,福田芽久美,野口英司,http://www.aozora.gr.jp/cards/000879/files/31_ruby_584.zip,2007-09-24,ShiftJIS,JIS X 0208,4,http://www.aozora.gr.jp/cards/000879/files/31_15217.html,2007-09-24,ShiftJIS,JIS X 0208,1
003745,澄江堂雑記,ちょうこうどうざっき,ちようこうとうさつき,,,,,NDC 914,新字旧仮名,なし,2007-07-25,2014-09-21,http://www.aozora.gr.jp/cards/000879/card3745.html,000879,芥川,竜之介,あくたがわ,りゅうのすけ,あくたかわ,りゆうのすけ,Akutagawa,Ryunosuke,著者,1892-03-01,1927-07-24,なし,筑摩全集類聚　芥川龍之介全集第四巻,筑摩書房,1971（昭和46）年6月5日,1979（昭和54）年4月10日初版第11刷,,,,,,,,,,,,,土屋隆,松永正敏,http://www.aozora.gr.jp/cards/000879/files/3745_ruby_27230.zip,2007-06-27,ShiftJIS,JIS X 0208,0,http://www.aozora.gr.jp/cards/000879/files/3745_27318.html,2007-06-27,ShiftJIS,JIS X 0208,0
051216,長江游記,ちょうこうゆうき,ちようこうゆうき,,,,,NDC 915,新字新仮名,なし,2015-03-31,2015-02-28,http://www.aozora.gr.jp/cards/000879/card51216.html,000879,芥川,竜之介,あくたがわ,りゅうのすけ,あくたかわ,りゆうのすけ,Akutagawa,Ryunosuke,著者,1892-03-01,1927-07-24,なし,上海游記・江南游記,講談社文芸文庫、講談社,2001（平成13）年10月10日,2001（平成13）年10月10日第1刷,2001（平成13）年10月10日第1刷,芥川龍之介全集　第十一巻,岩波書店,1996（平成8）年9月,,,,,,,,,門田裕志,岡山勝美,http://www.aozora.gr.jp/cards/000879/files/51216_ruby_55977.zip,2015-02-28,ShiftJIS,JIS X 0208,0,http://www.aozora.gr.jp/cards/000879/files/51216_56022.html,2015-02-28,ShiftJIS,JIS X 0208,0
000172,樗牛の事,ちょぎゅうのこと,ちよきゆうのこと,,,,「人文」1919（大正8）年1月,NDC 914,新字新仮名,なし,1999-01-12,2014-09-17,http://www.aozora.gr.jp/cards/000879/card172.html,000879,芥川,竜之介,あくたがわ,りゅうのすけ,あくたかわ,りゆうのすけ,Akutagawa,Ryunosuke,著者,1892-03-01,1927-07-24,なし,羅生門・鼻・芋粥,角川文庫、角川書店,1950（昭和25）年10月20日,1985（昭和60）年11月10日改版38版,1985（昭和60）年11月10日改版38版,,,,,,,,,,,,j.utiyama,かとうかおり,http://www.aozora.gr.jp/cards/000879/files/172_ruby_1225.zip,2004-03-15,ShiftJIS,JIS X 0208,2,http://www.aozora.gr.jp/cards/000879/files/172_15218.html,2004-03-15,ShiftJIS,JIS X 0208,0
001141,追憶,ついおく,ついおく,,,,「文芸春秋」1926（大正15）年4月～1927（昭和2）年2月,NDC 914,新字新仮名,なし,2001-01-29,2014-09-17,http://www.aozora.gr.jp/cards/000879/card1141.html,000879,芥川,竜之介,あくたがわ,りゅうのすけ,あくたかわ,りゆうのすけ,Akutagawa,Ryunosuke,著者,1892-03-01,1927-07-24,なし,河童・玄鶴山房,角川文庫、角川書店,1969（昭和44）年11月30日改版初版,1979（昭和54）年9月20日改版14版,1979（昭和54）年9月20日改版14版,,,,,,,,,,,,一色伸子,小林繁雄,http://www.aozora.gr.jp/cards/000879/files/1141_ruby_5097.zip,2004-03-16,ShiftJIS,JIS X 0208,2,http://www.aozora.gr.jp/cards/000879/files/1141_15265.html,2004-03-16,ShiftJIS,JIS X 0208,1
043385,恒藤恭氏,つねとうきょうし,つねとうきようし,,,,,NDC 914,新字新仮名,なし,2005-03-11,2014-09-18,http://www.aozora.gr.jp/cards/000879/card43385.html,000879,芥川,竜之介,あくたがわ,りゅうのすけ,あくたかわ,りゆうのすけ,Akutagawa,Ryunosuke,著者,1892-03-01,1927-07-24,なし,大川の水・追憶・本所両国　現代日本のエッセイ,講談社文芸文庫、講談社,1995（平成7）年1月10日,1995（平成7）年1月10日第1刷,1995（平成7）年1月10日第1刷,芥川龍之介全集第1～9、12巻,岩波書店,1977（昭和52）年7、9～12月、1978（昭和53）年1～4、7月,,,,,,,,,向井樹里,門田裕志,http://www.aozora.gr.jp/cards/000879/files/43385_ruby_17695.zip,2005-02-20,ShiftJIS,JIS X 0208,0,http://www.aozora.gr.jp/cards/000879/files/43385_17882.html,2005-02-20,ShiftJIS,JIS X 0208,0
000166,手紙,てがみ,てかみ,,,,,NDC 913,新字新仮名,なし,1999-02-03,2014-09-17,http://www.aozora.gr.jp/cards/000879/card166.html,000879,芥川,竜之介,あくたがわ,りゅうのすけ,あくたかわ,りゆうのすけ,Akutagawa,Ryunosuke,著者,1892-03-01,1927-07-24,なし,芥川龍之介全集6,ちくま文庫、筑摩書房,1987（昭和62）年3月24日,1993（平成5）年2月25日第6刷,1997（平成9）年4月15日第8刷,筑摩全集類聚版芥川龍之介全集,筑摩書房,1971（昭和46）年3月～1971（昭和46）年11月,,,,,,,,,j.utiyama,かとうかおり,http://www.aozora.gr.jp/cards/000879/files/166_ruby_1459.zip,2004-03-15,ShiftJIS,JIS X 0208,2,http://www.aozora.gr.jp/cards/000879/files/166_15219.html,2004-03-15,ShiftJIS,JIS X 0208,0
043386,出来上った人,できあがったひと,てきあかつたひと,――室生犀星氏――,――むろうさいせいし――,,,NDC 914,新字新仮名,なし,2007-03-13,2014-09-21,http://www.aozora.gr.jp/cards/000879/card43386.html,000879,芥川,竜之介,あくたがわ,りゅうのすけ,あくたかわ,りゆうのすけ,Akutagawa,Ryunosuke,著者,1892-03-01,1927-07-24,なし,大川の水・追憶・本所両国　現代日本のエッセイ,講談社文芸文庫、講談社,1995（平成7）年1月10日,1995（平成7）年1月10日第1刷,1995（平成7）年1月10日第1刷,芥川龍之介全集第1～9、12巻,岩波書店,1977（昭和52）年7、9～12月、1978（昭和53）年1～4、7月,,,,,,,,,向井樹里,砂場清隆,http://www.aozora.gr.jp/cards/000879/files/43386_ruby_25696.zip,2007-02-12,ShiftJIS,JIS X 0208,0,http://www.aozora.gr.jp/cards/000879/files/43386_26117.html,2007-02-12,ShiftJIS,JIS X 0208,0
000034,伝吉の敵打ち,でんきちのかたきうち,てんきちのかたきうち,,,,「サンデー毎日」1924（大正13）年1月,NDC 913,新字新仮名,なし,1999-01-08,2014-09-17,http://www.aozora.gr.jp/cards/000879/card34.html,000879,芥川,竜之介,あくたがわ,りゅうのすけ,あくたかわ,りゆうのすけ,Akutagawa,Ryunosuke,著者,1892-03-01,1927-07-24,なし,芥川龍之介全集5,ちくま文庫、筑摩書房,1987（昭和62）年2月24日,1995（平成7）年4月10日第6刷,1996（平成8）年7月15日第7刷,筑摩全集類聚版芥川龍之介全集,筑摩書房,1971（昭和46）年3月～1971（昭和46）年11月,,,,,,,,,j.utiyama,かとうかおり,http://www.aozora.gr.jp/cards/000879/files/34_ruby_1130.zip,2004-03-15,ShiftJIS,JIS X 0208,2,http://www.aozora.gr.jp/cards/000879/files/34_15220.html,2004-03-15,ShiftJIS,JIS X 0208,0
000167,点鬼簿,てんきぼ,てんきほ,,,,「改造　第八卷第十一号」1926（大正15）年10月1日,NDC 914,新字新仮名,なし,1998-10-05,2016-02-25,http://www.aozora.gr.jp/cards/000879/card167.html,000879,芥川,竜之介,あくたがわ,りゅうのすけ,あくたかわ,りゆうのすけ,Akutagawa,Ryunosuke,著者,1892-03-01,1927-07-24,なし,昭和文学全集　第1巻,小学館,1987（昭和62）年5月1日,1987（昭和62）年5月1日初版第1刷,,芥川龍之介全集　第八卷,岩波書店,1978（昭和53）年3月22日,,,,,,,,,j.utiyama,山本奈津恵,http://www.aozora.gr.jp/cards/000879/files/167_ruby_588.zip,2016-02-25,ShiftJIS,JIS X 0208,5,http://www.aozora.gr.jp/cards/000879/files/167_15143.html,2016-02-25,ShiftJIS,JIS X 0208,3
003740,点心,てんしん,てんしん,,,,,NDC 914,新字旧仮名,なし,2007-07-25,2014-09-21,http://www.aozora.gr.jp/cards/000879/card3740.html,000879,芥川,竜之介,あくたがわ,りゅうのすけ,あくたかわ,りゆうのすけ,Akutagawa,Ryunosuke,著者,1892-03-01,1927-07-24,なし,筑摩全集類聚　芥川龍之介全集第四巻,筑摩書房,1971（昭和46）年6月5日,1979（昭和54）年4月10日初版第11刷,,,,,,,,,,,,,土屋隆,松永正敏,http://www.aozora.gr.jp/cards/000879/files/3740_ruby_27231.zip,2007-06-27,ShiftJIS,JIS X 0208,0,http://www.aozora.gr.jp/cards/000879/files/3740_27319.html,2007-06-27,ShiftJIS,JIS X 0208,0
003807,東京小品,とうきょうしょうひん,とうきようしようひん,,,,,NDC 914,新字旧仮名,なし,2007-07-25,2014-09-21,http://www.aozora.gr.jp/cards/000879/card3807.html,000879,芥川,竜之介,あくたがわ,りゅうのすけ,あくたかわ,りゆうのすけ,Akutagawa,Ryunosuke,著者,1892-03-01,1927-07-24,なし,筑摩全集類聚　芥川龍之介全集第四巻,筑摩書房,1971（昭和46）年6月5日,1979（昭和54）年4月10日初版第11刷,,,,,,,,,,,,,土屋隆,松永正敏,http://www.aozora.gr.jp/cards/000879/files/3807_ruby_27232.zip,2007-06-27,ShiftJIS,JIS X 0208,0,http://www.aozora.gr.jp/cards/000879/files/3807_27320.html,2007-06-27,ShiftJIS,JIS X 0208,0
045623,東京に生れて,とうきょうにうまれて,とうきようにうまれて,,,,,NDC 914,新字新仮名,なし,2006-02-10,2014-09-18,http://www.aozora.gr.jp/cards/000879/card45623.html,000879,芥川,竜之介,あくたがわ,りゅうのすけ,あくたかわ,りゆうのすけ,Akutagawa,Ryunosuke,著者,1892-03-01,1927-07-24,なし,心にふるさとがある17　わが町わが村（東日本）,作品社,1998（平成10）年4月25日,1998（平成10）年4月25日第1刷,1998（平成10）年4月25日第1刷,,,,,,,,,,,,浦山敦子,小林繁雄、門田裕志,http://www.aozora.gr.jp/cards/000879/files/45623_ruby_20632.zip,2006-01-13,ShiftJIS,JIS X 0208,0,http://www.aozora.gr.jp/cards/000879/files/45623_21423.html,2006-01-13,ShiftJIS,JIS X 0208,0
003788,東西問答,とうざいもんどう,とうさいもんとう,,,,,NDC 914,新字旧仮名,なし,2007-08-09,2014-09-21,http://www.aozora.gr.jp/cards/000879/card3788.html,000879,芥川,竜之介,あくたがわ,りゅうのすけ,あくたかわ,りゆうのすけ,Akutagawa,Ryunosuke,著者,1892-03-01,1927-07-24,なし,筑摩全集類聚　芥川龍之介全集第四巻,筑摩書房,1971（昭和46）年6月5日,1979（昭和54）年4月10日初版第11刷,,,,,,,,,,,,,土屋隆,松永正敏,http://www.aozora.gr.jp/cards/000879/files/3788_ruby_27274.zip,2007-06-27,ShiftJIS,JIS X 0208,0,http://www.aozora.gr.jp/cards/000879/files/3788_27362.html,2007-06-27,ShiftJIS,JIS X 0208,0
000135,道祖問答,どうそもんどう,とうそもんとう,,,,「大阪朝日新聞夕刊」1917（大正6）年1月,NDC 913,新字新仮名,なし,1998-11-11,2014-09-17,http://www.aozora.gr.jp/cards/000879/card135.html,000879,芥川,竜之介,あくたがわ,りゅうのすけ,あくたかわ,りゆうのすけ,Akutagawa,Ryunosuke,著者,1892-03-01,1927-07-24,なし,芥川龍之介全集1,ちくま文庫、筑摩書房,1986（昭和61）年9月24日,1995（平成7）年10月5日第13刷,,筑摩全集類聚版芥川龍之介全集,筑摩書房,1971（昭和46）年3月～1971（昭和46）年11月,,,,,,,,,j.utiyama,もりみつじゅんじ,http://www.aozora.gr.jp/cards/000879/files/135_ruby_765.zip,2004-03-15,ShiftJIS,JIS X 0208,2,http://www.aozora.gr.jp/cards/000879/files/135_15221.html,2004-03-15,ShiftJIS,JIS X 0208,0
003810,動物園,どうぶつえん,とうふつえん,,,,,NDC 914,新字旧仮名,なし,2007-07-25,2014-09-21,http://www.aozora.gr.jp/cards/000879/card3810.html,000879,芥川,竜之介,あくたがわ,りゅうのすけ,あくたかわ,りゆうのすけ,Akutagawa,Ryunosuke,著者,1892-03-01,1927-07-24,なし,筑摩全集類聚　芥川龍之介全集第四巻,筑摩書房,1971（昭和46）年6月5日,1979（昭和54）年4月10日初版第11刷,,,,,,,,,,,,,土屋隆,松永正敏,http://www.aozora.gr.jp/cards/000879/files/3810_ruby_27233.zip,2007-06-27,ShiftJIS,JIS X 0208,0,http://www.aozora.gr.jp/cards/000879/files/3810_27321.html,2007-06-27,ShiftJIS,JIS X 0208,0
002369,東洋の秋,とうようのあき,とうようのあき,,,,「改造」1920（大正9）年4月,NDC 913,新字旧仮名,なし,1999-01-27,2014-09-17,http://www.aozora.gr.jp/cards/000879/card2369.html,000879,芥川,竜之介,あくたがわ,りゅうのすけ,あくたかわ,りゆうのすけ,Akutagawa,Ryunosuke,著者,1892-03-01,1927-07-24,なし,芥川龍之介作品集　第四巻,昭和出版社,1965（昭和40）年12月20日,,,,,,,,,,,,,,j.utiyama,かとうかおり,http://www.aozora.gr.jp/cards/000879/files/2369_ruby_1406.zip,2003-10-20,ShiftJIS,JIS X 0208,2,http://www.aozora.gr.jp/cards/000879/files/2369_13457.html,2003-10-20,ShiftJIS,JIS X 0208,0
002324,都会で,とかいで,とかいて,,,,,NDC 914,新字旧仮名,なし,1999-02-15,2014-09-17,http://www.aozora.gr.jp/cards/000879/card2324.html,000879,芥川,竜之介,あくたがわ,りゅうのすけ,あくたかわ,りゆうのすけ,Akutagawa,Ryunosuke,著者,1892-03-01,1927-07-24,なし,芥川龍之介全集　第四巻,筑摩書房,1971（昭和46）年6月5日,1971（昭和46）年10月5日初版第5刷,1971（昭和46）年10月5日初版第5刷,,,,,,,,,,,,j.utiyama,j.utiyama,http://www.aozora.gr.jp/cards/000879/files/2324_ruby_1517.zip,2003-10-20,ShiftJIS,JIS X 0208,3,http://www.aozora.gr.jp/cards/000879/files/2324_13461.html,2003-10-20,ShiftJIS,JIS X 0208,0
000170,杜子春,とししゅん,とししゆん,,,,「赤い鳥」1920（大正9）年7月号,NDC K913,新字旧仮名,なし,1998-05-20,2014-09-17,http://www.aozora.gr.jp/cards/000879/card170.html,000879,芥川,竜之介,あくたがわ,りゅうのすけ,あくたかわ,りゆうのすけ,Akutagawa,Ryunosuke,著者,1892-03-01,1927-07-24,なし,現代日本文学大系　43　芥川龍之介集,筑摩書房,1968（昭和43）年8月25日,1968（昭和43）年8月25日初版第1刷,,,,,,,,,,,,,j.utiyama,野口英司,http://www.aozora.gr.jp/cards/000879/files/170_ruby_348.zip,2004-03-12,ShiftJIS,JIS X 0208,6,http://www.aozora.gr.jp/cards/000879/files/170_15144.html,2004-03-12,ShiftJIS,JIS X 0208,0
043015,杜子春,とししゅん,とししゆん,,,,「赤い鳥」1920（大正9）年7月号,NDC K913,新字新仮名,なし,2005-02-07,2014-09-18,http://www.aozora.gr.jp/cards/000879/card43015.html,000879,芥川,竜之介,あくたがわ,りゅうのすけ,あくたかわ,りゆうのすけ,Akutagawa,Ryunosuke,著者,1892-03-01,1927-07-24,なし,蜘蛛の糸・杜子春,新潮文庫、新潮社,1968（昭和43）年11月15日,1989（平成元）年5月30日46刷,2004（平成16）年6月5日67刷,,,,,,,,,,,,蒋龍,noriko saito,http://www.aozora.gr.jp/cards/000879/files/43015_ruby_17393.zip,2013-10-29,ShiftJIS,JIS X 0208,2,http://www.aozora.gr.jp/cards/000879/files/43015_17432.html,2013-10-29,ShiftJIS,JIS X 0208,2
043387,豊島与志雄氏の事,とよしまよしおしのこと,とよしまよしおしのこと,,,,,NDC 914,新字新仮名,なし,2005-03-11,2014-09-18,http://www.aozora.gr.jp/cards/000879/card43387.html,000879,芥川,竜之介,あくたがわ,りゅうのすけ,あくたかわ,りゆうのすけ,Akutagawa,Ryunosuke,著者,1892-03-01,1927-07-24,なし,大川の水・追憶・本所両国　現代日本のエッセイ,講談社文芸文庫、講談社,1995（平成7）年1月10日,1995（平成7）年1月10日第1刷,1995（平成7）年1月10日第1刷,芥川龍之介全集第1～9、12巻,岩波書店,1977（昭和52）年7、9～12月、1978（昭和53）年1～4、7月,,,,,,,,,向井樹里,門田裕志,http://www.aozora.gr.jp/cards/000879/files/43387_ruby_17694.zip,2005-02-20,ShiftJIS,JIS X 0208,0,http://www.aozora.gr.jp/cards/000879/files/43387_17881.html,2005-02-20,ShiftJIS,JIS X 0208,0
000168,虎の話,とらのはなし,とらのはなし,,,,「大阪毎日新聞」1926（大正15）年1月,NDC 913,新字旧仮名,なし,1999-01-27,2014-09-17,http://www.aozora.gr.jp/cards/000879/card168.html,000879,芥川,竜之介,あくたがわ,りゅうのすけ,あくたかわ,りゆうのすけ,Akutagawa,Ryunosuke,著者,1892-03-01,1927-07-24,なし,芥川龍之介作品集　第四巻,昭和出版社,1965（昭和40）年12月20日,,,,,,,,,,,,,,j.utiyama,かとうかおり,http://www.aozora.gr.jp/cards/000879/files/168_ruby_1390.zip,2003-10-20,ShiftJIS,JIS X 0208,2,http://www.aozora.gr.jp/cards/000879/files/168_13453.html,2003-10-20,ShiftJIS,JIS X 0208,0
000169,トロツコ,トロッコ,とろつこ,,,,「大観」1922（大正11）年3月,NDC K913,新字旧仮名,なし,1998-03-24,2014-09-17,http://www.aozora.gr.jp/cards/000879/card169.html,000879,芥川,竜之介,あくたがわ,りゅうのすけ,あくたかわ,りゆうのすけ,Akutagawa,Ryunosuke,著者,1892-03-01,1927-07-24,なし,現代日本文学大系　43　芥川龍之介集,筑摩書房,1968（昭和43）年8月25日,1968（昭和43）年8月25日初版第1刷,,,,,,,,,,,,,j.utiyama,野口英司,http://www.aozora.gr.jp/cards/000879/files/169_ruby_276.zip,2004-03-13,ShiftJIS,JIS X 0208,2,http://www.aozora.gr.jp/cards/000879/files/169_15145.html,2004-03-13,ShiftJIS,JIS X 0208,0
043016,トロッコ,トロッコ,とろつこ,,,,,NDC K913,新字新仮名,なし,2004-11-16,2014-09-18,http://www.aozora.gr.jp/cards/000879/card43016.html,000879,芥川,竜之介,あくたがわ,りゅうのすけ,あくたかわ,りゆうのすけ,Akutagawa,Ryunosuke,著者,1892-03-01,1927-07-24,なし,蜘蛛の糸・杜子春,新潮文庫、新潮社,1968（昭和43）年11月15日、1984（昭和59）年12月25日38刷改版,1989（平成元）年5月30日46刷,1988（昭和63）年5月25日45刷,,,,,,,,,,,,蒋龍,鈴木厚司,http://www.aozora.gr.jp/cards/000879/files/43016_ruby_16663.zip,2004-10-31,ShiftJIS,JIS X 0208,0,http://www.aozora.gr.jp/cards/000879/files/43016_16836.html,2004-10-31,ShiftJIS,JIS X 0208,0
001140,長崎,ながさき,なかさき,,,,「婦女界」1922（大正11）年6月,NDC 914,新字旧仮名,なし,2002-10-08,2014-09-17,http://www.aozora.gr.jp/cards/000879/card1140.html,000879,芥川,竜之介,あくたがわ,りゅうのすけ,あくたかわ,りゆうのすけ,Akutagawa,Ryunosuke,著者,1892-03-01,1927-07-24,なし,芥川龍之介全集　第九巻,岩波書店,1996（平成8）年7月8日発行,1996（平成8）年7月8日発行,,,,,,,,,,,,,もりみつじゅんじ,松永正敏,http://www.aozora.gr.jp/cards/000879/files/1140_ruby_5483.zip,2002-09-20,ShiftJIS,JIS X 0208,1,http://www.aozora.gr.jp/cards/000879/files/1140_6767.html,2002-09-20,ShiftJIS,JIS X 0208,0
000104,長崎小品,ながさきしょうひん,なかさきしようひん,,,,「サンデー毎日」1922（大正11）年6月,NDC 912 913,新字旧仮名,なし,1999-01-26,2014-09-17,http://www.aozora.gr.jp/cards/000879/card104.html,000879,芥川,竜之介,あくたがわ,りゅうのすけ,あくたかわ,りゆうのすけ,Akutagawa,Ryunosuke,著者,1892-03-01,1927-07-24,なし,芥川龍之介作品集第三巻,昭和出版社,1965（昭和40）年12月20日,1965（昭和40）年12月20日,,,,,,,,,,,,,j.utiyama,かとうかおり,http://www.aozora.gr.jp/cards/000879/files/104_ruby_1361.zip,2004-03-06,ShiftJIS,JIS X 0208,2,http://www.aozora.gr.jp/cards/000879/files/104_15099.html,2004-03-06,ShiftJIS,JIS X 0208,0
043388,夏目先生と滝田さん,なつめせんせいとたきたさん,なつめせんせいとたきたさん,,,,,NDC 914,新字新仮名,なし,2007-03-10,2014-09-21,http://www.aozora.gr.jp/cards/000879/card43388.html,000879,芥川,竜之介,あくたがわ,りゅうのすけ,あくたかわ,りゆうのすけ,Akutagawa,Ryunosuke,著者,1892-03-01,1927-07-24,なし,大川の水・追憶・本所両国　現代日本のエッセイ,講談社文芸文庫、講談社,1995（平成7）年1月10日,1995（平成7）年1月10日第1刷,1995（平成7）年1月10日第1刷,芥川龍之介全集第1～9、12巻,岩波書店,1977（昭和52）年7、9～12月、1978（昭和53）年1～4、7月,,,,,,,,,向井樹里,砂場清隆,http://www.aozora.gr.jp/cards/000879/files/43388_ruby_25739.zip,2007-02-12,ShiftJIS,JIS X 0208,0,http://www.aozora.gr.jp/cards/000879/files/43388_26109.html,2007-02-12,ShiftJIS,JIS X 0208,0
000105,南京の基督,なんきんのキリスト,なんきんのきりすと,,,,「中央公論」1920（大正9）年7月,NDC 913,新字旧仮名,なし,1998-11-13,2014-09-17,http://www.aozora.gr.jp/cards/000879/card105.html,000879,芥川,竜之介,あくたがわ,りゅうのすけ,あくたかわ,りゆうのすけ,Akutagawa,Ryunosuke,著者,1892-03-01,1927-07-24,なし,現代日本文学大系　43　芥川龍之介集,筑摩書房,1968（昭和43）年8月25日,1968（昭和43）年8月25日初版第1刷,,,,,,,,,,,,,j.utiyama,柳沢成雄,http://www.aozora.gr.jp/cards/000879/files/105_ruby_773.zip,2004-03-13,ShiftJIS,JIS X 0208,2,http://www.aozora.gr.jp/cards/000879/files/105_15146.html,2004-03-13,ShiftJIS,JIS X 0208,0
000145,廿年後之戦争,にじゅうねんごのせんそう,にしゆうねんこのせんそう,,,,,NDC 913,新字旧仮名,なし,1999-01-17,2014-09-17,http://www.aozora.gr.jp/cards/000879/card145.html,000879,芥川,竜之介,あくたがわ,りゅうのすけ,あくたかわ,りゆうのすけ,Akutagawa,Ryunosuke,著者,1892-03-01,1927-07-24,なし,現代日本文学大系　43　芥川龍之介集,筑摩書房,1968（昭和43）年8月25日,1968（昭和43）年8月25日初版第1刷,,,,,,,,,,,,,j.utiyama,かとうかおり,http://www.aozora.gr.jp/cards/000879/files/145_ruby_1288.zip,2004-03-13,ShiftJIS,JIS X 0208,4,http://www.aozora.gr.jp/cards/000879/files/145_15147.html,2004-03-13,ShiftJIS,JIS X 0208,1
003778,偽者二題,にせものにだい,にせものにたい,,,,,NDC 914,新字旧仮名,なし,2007-07-25,2014-09-21,http://www.aozora.gr.jp/cards/000879/card3778.html,000879,芥川,竜之介,あくたがわ,りゅうのすけ,あくたかわ,りゆうのすけ,Akutagawa,Ryunosuke,著者,1892-03-01,1927-07-24,なし,筑摩全集類聚　芥川龍之介全集第四巻,筑摩書房,1971（昭和46）年6月5日,1979（昭和54）年4月10日初版第11刷,,,,,,,,,,,,,土屋隆,松永正敏,http://www.aozora.gr.jp/cards/000879/files/3778_ruby_27234.zip,2007-06-27,ShiftJIS,JIS X 0208,0,http://www.aozora.gr.jp/cards/000879/files/3778_27322.html,2007-06-27,ShiftJIS,JIS X 0208,0
000109,尼提,にだい,にたい,,,,,NDC 913,新字新仮名,なし,1999-02-01,2014-09-17,http://www.aozora.gr.jp/cards/000879/card109.html,000879,芥川,竜之介,あくたがわ,りゅうのすけ,あくたかわ,りゆうのすけ,Akutagawa,Ryunosuke,著者,1892-03-01,1927-07-24,なし,芥川龍之介全集6,ちくま文庫、筑摩書房,1987（昭和62）年3月24日,1993（平成5）年2月25日第6刷,1997（平成9）年4月15日第8刷,筑摩全集類聚版芥川龍之介全集,筑摩書房,1971（昭和46）年3月～1971（昭和46）年11月,,,,,,,,,j.utiyama,かとうかおり,http://www.aozora.gr.jp/cards/000879/files/109_ruby_1423.zip,2004-03-15,ShiftJIS,JIS X 0208,3,http://www.aozora.gr.jp/cards/000879/files/109_15222.html,2004-03-15,ShiftJIS,JIS X 0208,0
000110,日光小品,にっこうしょうひん,につこうしようひん,,,,,NDC 914 915,新字新仮名,なし,1999-01-11,2014-09-17,http://www.aozora.gr.jp/cards/000879/card110.html,000879,芥川,竜之介,あくたがわ,りゅうのすけ,あくたかわ,りゆうのすけ,Akutagawa,Ryunosuke,著者,1892-03-01,1927-07-24,なし,羅生門・鼻・芋粥,角川文庫、角川書店,1950（昭和25）年10月20日,1985（昭和60）年11月10日改版38版,1985（昭和60）年11月10日改版38版,,,,,,,,,,,,j.utiyama,かとうかおり,http://www.aozora.gr.jp/cards/000879/files/110_ruby_1195.zip,2004-03-15,ShiftJIS,JIS X 0208,2,http://www.aozora.gr.jp/cards/000879/files/110_15223.html,2004-03-15,ShiftJIS,JIS X 0208,0
003774,日本小説の支那訳,にっぽんしょうせつのしなやく,につほんしようせつのしなやく,,,,,NDC 914,新字旧仮名,なし,2007-07-25,2014-09-21,http://www.aozora.gr.jp/cards/000879/card3774.html,000879,芥川,竜之介,あくたがわ,りゅうのすけ,あくたかわ,りゆうのすけ,Akutagawa,Ryunosuke,著者,1892-03-01,1927-07-24,なし,筑摩全集類聚　芥川龍之介全集第四巻,筑摩書房,1971（昭和46）年6月5日,1979（昭和54）年4月10日初版第11刷,,,,,,,,,,,,,土屋隆,松永正敏,http://www.aozora.gr.jp/cards/000879/files/3774_ruby_27236.zip,2007-06-27,ShiftJIS,JIS X 0208,0,http://www.aozora.gr.jp/cards/000879/files/3774_27324.html,2007-06-27,ShiftJIS,JIS X 0208,0
003776,日本の女,にっぽんのおんな,につほんのおんな,,,,,NDC 914,新字旧仮名,なし,2007-07-25,2014-09-21,http://www.aozora.gr.jp/cards/000879/card3776.html,000879,芥川,竜之介,あくたがわ,りゅうのすけ,あくたかわ,りゆうのすけ,Akutagawa,Ryunosuke,著者,1892-03-01,1927-07-24,なし,筑摩全集類聚　芥川龍之介全集第四巻,筑摩書房,1971（昭和46）年6月5日,1979（昭和54）年4月10日初版第11刷,,,,,,,,,,,,,土屋隆,松永正敏,http://www.aozora.gr.jp/cards/000879/files/3776_ruby_27235.zip,2007-06-27,ShiftJIS,JIS X 0208,0,http://www.aozora.gr.jp/cards/000879/files/3776_27323.html,2007-06-27,ShiftJIS,JIS X 0208,0
003753,入社の辞,にゅうしゃのじ,にゆうしやのし,,,,,NDC 914,新字旧仮名,なし,2007-07-28,2014-09-21,http://www.aozora.gr.jp/cards/000879/card3753.html,000879,芥川,竜之介,あくたがわ,りゅうのすけ,あくたかわ,りゆうのすけ,Akutagawa,Ryunosuke,著者,1892-03-01,1927-07-24,なし,筑摩全集類聚　芥川龍之介全集第四巻,筑摩書房,1971（昭和46）年6月5日,1979（昭和54）年4月10日初版第11刷,,,,,,,,,,,,,土屋隆,松永正敏,http://www.aozora.gr.jp/cards/000879/files/3753_ruby_27237.zip,2007-06-27,ShiftJIS,JIS X 0208,0,http://www.aozora.gr.jp/cards/000879/files/3753_27325.html,2007-06-27,ShiftJIS,JIS X 0208,0
001031,女仙,にょせん,によせん,,,,不詳,NDC K913,新字新仮名,なし,1999-05-15,2014-09-17,http://www.aozora.gr.jp/cards/000879/card1031.html,000879,芥川,竜之介,あくたがわ,りゅうのすけ,あくたかわ,りゆうのすけ,Akutagawa,Ryunosuke,著者,1892-03-01,1927-07-24,なし,蜘蛛の糸・杜子春・トロッコ　他十七篇,岩波文庫、岩波書店,1990（平成2）年8月16日,1990（平成2）年8月16日第1刷,,,,,,,,,,,,,j.utiyama,もりみつじゅんじ,http://www.aozora.gr.jp/cards/000879/files/1031_ruby_1963.zip,2004-02-06,ShiftJIS,JIS X 0208,3,http://www.aozora.gr.jp/cards/000879/files/1031_14564.html,2004-02-06,ShiftJIS,JIS X 0208,0
000114,女体,にょたい,によたい,,,,「帝国文学」1917（大正6）年10月,NDC 913,新字新仮名,なし,1998-12-28,2014-09-17,http://www.aozora.gr.jp/cards/000879/card114.html,000879,芥川,竜之介,あくたがわ,りゅうのすけ,あくたかわ,りゆうのすけ,Akutagawa,Ryunosuke,著者,1892-03-01,1927-07-24,なし,芥川龍之介全集2,ちくま文庫、筑摩書房,1986（昭和61）年10月28日,1996（平成8）7月15日第11刷,,筑摩全集類聚版芥川龍之介全集,筑摩書房,1971（昭和46）年3月～1971（昭和46）年11月,,,,,,,,,j.utiyama,もりみつじゅんじ,http://www.aozora.gr.jp/cards/000879/files/114_ruby_999.zip,2004-03-15,ShiftJIS,JIS X 0208,2,http://www.aozora.gr.jp/cards/000879/files/114_15224.html,2004-03-15,ShiftJIS,JIS X 0208,0
000111,庭,にわ,にわ,,,,「中央公論」1922（大正11）年7月,NDC 913,新字旧仮名,なし,1999-03-01,2014-09-17,http://www.aozora.gr.jp/cards/000879/card111.html,000879,芥川,竜之介,あくたがわ,りゅうのすけ,あくたかわ,りゆうのすけ,Akutagawa,Ryunosuke,著者,1892-03-01,1927-07-24,なし,現代日本文学大系　43　芥川龍之介集,筑摩書房,1968（昭和43）年8月25日,1968（昭和43）年8月25日初版第1刷,,,,,,,,,,,,,j.utiyama,もりみつじゅんじ,http://www.aozora.gr.jp/cards/000879/files/111_ruby_1573.zip,2004-03-14,ShiftJIS,JIS X 0208,2,http://www.aozora.gr.jp/cards/000879/files/111_15148.html,2004-03-14,ShiftJIS,JIS X 0208,0
003808,沼,ぬま,ぬま,,,,,NDC 913,新字旧仮名,なし,2007-07-28,2014-09-21,http://www.aozora.gr.jp/cards/000879/card3808.html,000879,芥川,竜之介,あくたがわ,りゅうのすけ,あくたかわ,りゆうのすけ,Akutagawa,Ryunosuke,著者,1892-03-01,1927-07-24,なし,筑摩全集類聚　芥川龍之介全集第四巻,筑摩書房,1971（昭和46）年6月5日,1979（昭和54）年4月10日初版第11刷,,,,,,,,,,,,,土屋隆,松永正敏,http://www.aozora.gr.jp/cards/000879/files/3808_ruby_27238.zip,2007-06-27,ShiftJIS,JIS X 0208,0,http://www.aozora.gr.jp/cards/000879/files/3808_27326.html,2007-06-27,ShiftJIS,JIS X 0208,0
000113,沼地,ぬまち,ぬまち,,,,「新潮」1919（大正8）年5月,NDC 914,新字新仮名,なし,1998-12-28,2014-09-17,http://www.aozora.gr.jp/cards/000879/card113.html,000879,芥川,竜之介,あくたがわ,りゅうのすけ,あくたかわ,りゆうのすけ,Akutagawa,Ryunosuke,著者,1892-03-01,1927-07-24,なし,芥川龍之介全集3,ちくま文庫、筑摩書房,1986（昭和61）年12月1日,1996（平成8）年4月1日第8刷,,筑摩全集類聚版芥川龍之介全集,筑摩書房,1971（昭和46）年3月～1971（昭和46）年11月,,,,,,,,,j.utiyama,もりみつじゅんじ,http://www.aozora.gr.jp/cards/000879/files/113_ruby_995.zip,2004-03-15,ShiftJIS,JIS X 0208,2,http://www.aozora.gr.jp/cards/000879/files/113_15225.html,2004-03-15,ShiftJIS,JIS X 0208,0
000106,葱,ねぎ,ねき,,,,「新小説」1920（大正9）年1月,NDC 913,新字新仮名,なし,1998-12-08,2014-09-17,http://www.aozora.gr.jp/cards/000879/card106.html,000879,芥川,竜之介,あくたがわ,りゅうのすけ,あくたかわ,りゆうのすけ,Akutagawa,Ryunosuke,著者,1892-03-01,1927-07-24,なし,芥川龍之介全集3,ちくま文庫、筑摩書房,1986（昭和61）年12月1日,1996（平成8）年4月1日第8刷,1997（平成9）年4月15日第9刷,筑摩全集類聚版芥川龍之介全集,筑摩書房,1971（昭和46）年3月～1971（昭和46）年11月,,,,,,,,,j.utiyama,かとうかおり,http://www.aozora.gr.jp/cards/000879/files/106_ruby_889.zip,2004-03-15,ShiftJIS,JIS X 0208,3,http://www.aozora.gr.jp/cards/000879/files/106_15226.html,2004-03-15,ShiftJIS,JIS X 0208,0
000108,鼠小僧次郎吉,ねずみこぞうじろきち,ねすみこそうしろきち,,,,「中央公論」1920（大正9）年1月,NDC 913,新字旧仮名,なし,1999-01-17,2014-09-17,http://www.aozora.gr.jp/cards/000879/card108.html,000879,芥川,竜之介,あくたがわ,りゅうのすけ,あくたかわ,りゆうのすけ,Akutagawa,Ryunosuke,著者,1892-03-01,1927-07-24,なし,現代日本文学大系　43　芥川龍之介集,筑摩書房,1968（昭和43）年8月25日,1968（昭和43）年8月25日初版第1刷,,,,,,,,,,,,,j.utiyama,かとうかおり,http://www.aozora.gr.jp/cards/000879/files/108_ruby_1277.zip,2004-03-14,ShiftJIS,JIS X 0208,2,http://www.aozora.gr.jp/cards/000879/files/108_15149.html,2004-03-14,ShiftJIS,JIS X 0208,0
003775,念仁波念遠入礼帖,ねんにはねんをいれちょう,ねんにはねんをいれちよう,,,,,NDC 914,新字旧仮名,なし,2007-07-28,2014-09-21,http://www.aozora.gr.jp/cards/000879/card3775.html,000879,芥川,竜之介,あくたがわ,りゅうのすけ,あくたかわ,りゆうのすけ,Akutagawa,Ryunosuke,著者,1892-03-01,1927-07-24,なし,筑摩全集類聚　芥川龍之介全集第四巻,筑摩書房,1971（昭和46）年6月5日,1979（昭和54）年4月10日初版第11刷,,,,,,,,,,,,,土屋隆,松永正敏,http://www.aozora.gr.jp/cards/000879/files/3775_ruby_27239.zip,2007-06-27,ShiftJIS,JIS X 0208,0,http://www.aozora.gr.jp/cards/000879/files/3775_27327.html,2007-06-27,ShiftJIS,JIS X 0208,0
000107,年末の一日,ねんまつのいちにち,ねんまつのいちにち,,,,「新潮　第二十三年第一号」1926（大正15）年1月1日,NDC 913 914,新字新仮名,なし,1998-10-06,2016-02-25,http://www.aozora.gr.jp/cards/000879/card107.html,000879,芥川,竜之介,あくたがわ,りゅうのすけ,あくたかわ,りゆうのすけ,Akutagawa,Ryunosuke,著者,1892-03-01,1927-07-24,なし,昭和文学全集　第1巻,小学館,1987（昭和62）年5月1日,1987（昭和62）年5月1日初版第1刷,,芥川龍之介全集　第八卷,岩波書店,1978（昭和53）年3月22日,,,,,,,,,j.utiyama,野口英司,http://www.aozora.gr.jp/cards/000879/files/107_ruby_596.zip,2016-02-25,ShiftJIS,JIS X 0208,4,http://www.aozora.gr.jp/cards/000879/files/107_15150.html,2016-02-25,ShiftJIS,JIS X 0208,2
000112,野呂松人形,のろまにんぎょう,のろまにんきよう,,,,「人文」1916（大正5）年8月,NDC 914,新字新仮名,なし,1998-11-11,2014-09-17,http://www.aozora.gr.jp/cards/000879/card112.html,000879,芥川,竜之介,あくたがわ,りゅうのすけ,あくたかわ,りゆうのすけ,Akutagawa,Ryunosuke,著者,1892-03-01,1927-07-24,なし,芥川龍之介全集1,ちくま文庫、筑摩書房,1986（昭和61）年9月24日,1995（平成7）年10月5日第13刷,,筑摩全集類聚版芥川龍之介全集,筑摩書房,1971（昭和46）年3月～1971（昭和46）年11月,,,,,,,,,j.utiyama,もりみつじゅんじ,http://www.aozora.gr.jp/cards/000879/files/112_ruby_3165.zip,2004-03-15,ShiftJIS,JIS X 0208,3,http://www.aozora.gr.jp/cards/000879/files/112_15227.html,2004-03-15,ShiftJIS,JIS X 0208,0
003760,八宝飯,パーパオハン,はあはおはん,,,,,NDC 914,新字旧仮名,なし,2007-07-28,2014-09-21,http://www.aozora.gr.jp/cards/000879/card3760.html,000879,芥川,竜之介,あくたがわ,りゅうのすけ,あくたかわ,りゆうのすけ,Akutagawa,Ryunosuke,著者,1892-03-01,1927-07-24,なし,筑摩全集類聚　芥川龍之介全集第四巻,筑摩書房,1971（昭和46）年6月5日,1979（昭和54）年4月10日初版第11刷,,,,,,,,,,,,,土屋隆,松永正敏,http://www.aozora.gr.jp/cards/000879/files/3760_ruby_27244.zip,2007-06-27,ShiftJIS,JIS X 0208,0,http://www.aozora.gr.jp/cards/000879/files/3760_27332.html,2007-06-27,ShiftJIS,JIS X 0208,0
003752,俳画展覧会を観て,はいがてんらんかいをみて,はいかてんらんかいをみて,,,,,NDC 721,新字旧仮名,なし,2007-07-28,2014-09-21,http://www.aozora.gr.jp/cards/000879/card3752.html,000879,芥川,竜之介,あくたがわ,りゅうのすけ,あくたかわ,りゆうのすけ,Akutagawa,Ryunosuke,著者,1892-03-01,1927-07-24,なし,筑摩全集類聚　芥川龍之介全集第四巻,筑摩書房,1971（昭和46）年6月5日,1979（昭和54）年4月10日初版第11刷,,,,,,,,,,,,,土屋隆,松永正敏,http://www.aozora.gr.jp/cards/000879/files/3752_ruby_27240.zip,2007-06-27,ShiftJIS,JIS X 0208,0,http://www.aozora.gr.jp/cards/000879/files/3752_27328.html,2007-06-27,ShiftJIS,JIS X 0208,0
004275,梅花に対する感情,ばいかにたいするかんじょう,はいかにたいするかんしよう,このジャアナリズムの一篇を謹厳なる西川英次郎君に献ず,このジャアナリズムのいっぺんをきんげんなるにしかわえいじろうくんにけんず,,,NDC 914,新字旧仮名,なし,2002-10-05,2014-09-17,http://www.aozora.gr.jp/cards/000879/card4275.html,000879,芥川,竜之介,あくたがわ,りゅうのすけ,あくたかわ,りゆうのすけ,Akutagawa,Ryunosuke,著者,1892-03-01,1927-07-24,なし,芥川龍之介全集　第十巻,岩波書店,1996（平成8）年8月8日発行,1996（平成8）年8月8日発行,,,,,,,,,,,,,もりみつじゅんじ,松永正敏,http://www.aozora.gr.jp/cards/000879/files/4275_ruby_5486.zip,2002-09-20,ShiftJIS,JIS X 0208,1,http://www.aozora.gr.jp/cards/000879/files/4275_6755.html,2002-09-20,ShiftJIS,JIS X 0208,0
003758,売文問答,ばいぶんもんどう,はいふんもんとう,,,,,NDC 914,新字旧仮名,なし,2007-07-28,2014-09-21,http://www.aozora.gr.jp/cards/000879/card3758.html,000879,芥川,竜之介,あくたがわ,りゅうのすけ,あくたかわ,りゆうのすけ,Akutagawa,Ryunosuke,著者,1892-03-01,1927-07-24,なし,筑摩全集類聚　芥川龍之介全集第四巻,筑摩書房,1971（昭和46）年6月5日,1979（昭和54）年4月10日初版第11刷,,,,,,,,,,,,,土屋隆,松永正敏,http://www.aozora.gr.jp/cards/000879/files/3758_ruby_27241.zip,2007-06-27,ShiftJIS,JIS X 0208,0,http://www.aozora.gr.jp/cards/000879/files/3758_27329.html,2007-06-27,ShiftJIS,JIS X 0208,0
000040,歯車,はぐるま,はくるま,,,,「文藝春秋」1927（昭和2）年10月,NDC 913,新字旧仮名,なし,1998-04-27,2014-09-17,http://www.aozora.gr.jp/cards/000879/card40.html,000879,芥川,竜之介,あくたがわ,りゅうのすけ,あくたかわ,りゆうのすけ,Akutagawa,Ryunosuke,著者,1892-03-01,1927-07-24,なし,現代日本文学大系　43　芥川龍之介集,筑摩書房,1968（昭和43）年8月25日,1968（昭和43）年8月25日初版第1刷,,,,,,,,,,,,,j.utiyama,かとうかおり,http://www.aozora.gr.jp/cards/000879/files/40_ruby_310.zip,2004-03-14,ShiftJIS,JIS X 0208,2,http://www.aozora.gr.jp/cards/000879/files/40_15151.html,2004-03-14,ShiftJIS,JIS X 0208,0
042377,歯車,はぐるま,はくるま,,,,,NDC 913,新字新仮名,なし,2009-04-09,2014-09-21,http://www.aozora.gr.jp/cards/000879/card42377.html,000879,芥川,竜之介,あくたがわ,りゅうのすけ,あくたかわ,りゆうのすけ,Akutagawa,Ryunosuke,著者,1892-03-01,1927-07-24,なし,河童・或阿呆の一生,新潮文庫、新潮社,1968（昭和43）年12月15日,1987（昭和62）年11月5日41刷,1975（昭和50）年7月30日13刷,,,,,,,,,,,,蒋龍,田中敬三,http://www.aozora.gr.jp/cards/000879/files/42377_ruby_34744.zip,2009-03-24,ShiftJIS,JIS X 0208,0,http://www.aozora.gr.jp/cards/000879/files/42377_34745.html,2009-03-24,ShiftJIS,JIS X 0208,0
000023,芭蕉雑記,ばしょうざっき,はしようさつき,,,,「新潮」1923（大正12）年11月～1924（大正13）年7月,NDC 911,新字旧仮名,なし,1999-01-14,2014-09-17,http://www.aozora.gr.jp/cards/000879/card23.html,000879,芥川,竜之介,あくたがわ,りゅうのすけ,あくたかわ,りゆうのすけ,Akutagawa,Ryunosuke,著者,1892-03-01,1927-07-24,なし,現代日本文学大系　43　芥川龍之介集,筑摩書房,1968（昭和43）年8月25日,1968（昭和43）年8月25日初版第1刷,,,,,,,,,,,,,j.utiyama,かとうかおり,http://www.aozora.gr.jp/cards/000879/files/23_ruby_1254.zip,2004-03-16,ShiftJIS,JIS X 0208,2,http://www.aozora.gr.jp/cards/000879/files/23_15267.html,2004-03-16,ShiftJIS,JIS X 0208,0
003811,パステルの竜,パステルのりゅう,はすてるのりゆう,,,,,NDC 931 951,新字旧仮名,なし,2007-07-28,2014-09-21,http://www.aozora.gr.jp/cards/000879/card3811.html,000879,芥川,竜之介,あくたがわ,りゅうのすけ,あくたかわ,りゆうのすけ,Akutagawa,Ryunosuke,著者,1892-03-01,1927-07-24,なし,筑摩全集類聚　芥川龍之介全集第四巻,筑摩書房,1971（昭和46）年6月5日,1979（昭和54）年4月10日初版第11刷,,,,,,,,,,,,,土屋隆,松永正敏,http://www.aozora.gr.jp/cards/000879/files/3811_ruby_27242.zip,2007-06-27,ShiftJIS,JIS X 0208,0,http://www.aozora.gr.jp/cards/000879/files/3811_27330.html,2007-06-27,ShiftJIS,JIS X 0208,0
003749,はつきりした形をとる為めに,はっきりしたかたちをとるために,はつきりしたかたちをとるために,,,,,NDC 914,新字旧仮名,なし,2007-07-28,2014-09-21,http://www.aozora.gr.jp/cards/000879/card3749.html,000879,芥川,竜之介,あくたがわ,りゅうのすけ,あくたかわ,りゆうのすけ,Akutagawa,Ryunosuke,著者,1892-03-01,1927-07-24,なし,筑摩全集類聚　芥川龍之介全集第四巻,筑摩書房,1971（昭和46）年6月5日,1979（昭和54）年4月10日初版第11刷,,,,,,,,,,,,,土屋隆,松永正敏,http://www.aozora.gr.jp/cards/000879/files/3749_ruby_27243.zip,2007-06-27,ShiftJIS,JIS X 0208,0,http://www.aozora.gr.jp/cards/000879/files/3749_27331.html,2007-06-27,ShiftJIS,JIS X 0208,0
000042,鼻,はな,はな,,,,「新思潮」1916（大正5）年2月,NDC 913,新字新仮名,なし,1997-11-04,2014-09-17,http://www.aozora.gr.jp/cards/000879/card42.html,000879,芥川,竜之介,あくたがわ,りゅうのすけ,あくたかわ,りゆうのすけ,Akutagawa,Ryunosuke,著者,1892-03-01,1927-07-24,なし,芥川龍之介全集1,ちくま文庫、筑摩書房,1986（昭和61）年9月24日,1997（平成9）年4月15日第14刷,,筑摩全集類聚版芥川龍之介全集,筑摩書房,1971（昭和46）年3月～1971（昭和46）年11月,,,,,,,,,野口英司、平山誠,もりみつじゅんじ,http://www.aozora.gr.jp/cards/000879/files/42_ruby_154.zip,2011-05-21,ShiftJIS,JIS X 0208,3,http://www.aozora.gr.jp/cards/000879/files/42_15228.html,2011-05-21,ShiftJIS,JIS X 0208,1
000041,母,はは,はは,,,,「中央公論」1921（大正10）年9月,NDC 913,新字新仮名,なし,1999-03-01,2014-09-17,http://www.aozora.gr.jp/cards/000879/card41.html,000879,芥川,竜之介,あくたがわ,りゅうのすけ,あくたかわ,りゆうのすけ,Akutagawa,Ryunosuke,著者,1892-03-01,1927-07-24,なし,芥川龍之介全集4,ちくま文庫、筑摩書房,1987（昭和62）年1月27日,1996（平成8）年7月15日第8刷,,筑摩全集類聚版芥川龍之介全集,筑摩書房,1971（昭和46）年3月～1971（昭和46）年11月,,,,,,,,,j.utiyama,もりみつじゅんじ,http://www.aozora.gr.jp/cards/000879/files/41_ruby_1553.zip,2004-03-15,ShiftJIS,JIS X 0208,2,http://www.aozora.gr.jp/cards/000879/files/41_15229.html,2004-03-15,ShiftJIS,JIS X 0208,0
000045,春,はる,はる,,,,「中央公論」1923（大正12）年9月、1925（大正14）年4月「女性」,NDC 913,新字新仮名,なし,1999-01-05,2014-09-17,http://www.aozora.gr.jp/cards/000879/card45.html,000879,芥川,竜之介,あくたがわ,りゅうのすけ,あくたかわ,りゆうのすけ,Akutagawa,Ryunosuke,著者,1892-03-01,1927-07-24,なし,芥川龍之介全集5,ちくま文庫、筑摩書房,1987（昭和62）年2月24日,1995（平成7）年4月10日第6刷,1996（平成8）年7月15日第7刷,筑摩全集類聚版芥川龍之介全集,筑摩書房,1971（昭和46）年3月～1971（昭和46）年11月,,,,,,,,,j.utiyama,かとうかおり,http://www.aozora.gr.jp/cards/000879/files/45_ruby_1083.zip,2004-03-15,ShiftJIS,JIS X 0208,2,http://www.aozora.gr.jp/cards/000879/files/45_15230.html,2004-03-15,ShiftJIS,JIS X 0208,0
004281,春の日のさした往来をぶらぶら一人歩いてゐる,はるのひのさしたおうらいをぶらぶらひとりあるいている,はるのひのさしたおうらいをふらふらひとりあるいている,,,,,NDC 914,新字旧仮名,なし,2002-10-06,2014-09-17,http://www.aozora.gr.jp/cards/000879/card4281.html,000879,芥川,竜之介,あくたがわ,りゅうのすけ,あくたかわ,りゆうのすけ,Akutagawa,Ryunosuke,著者,1892-03-01,1927-07-24,なし,芥川龍之介全集　第十一巻,岩波書店,1996（平成8）年9月9日発行,1996（平成8）年9月9日発行,,,,,,,,,,,,,もりみつじゅんじ,松永正敏,http://www.aozora.gr.jp/cards/000879/files/4281_ruby_5493.zip,2004-03-15,ShiftJIS,JIS X 0208,2,http://www.aozora.gr.jp/cards/000879/files/4281_15232.html,2004-03-15,ShiftJIS,JIS X 0208,0
002367,春の夜は,はるのよは,はるのよは,,,,「中央公論」1927（昭和2）年4月,NDC 913,新字旧仮名,なし,1999-01-27,2014-09-17,http://www.aozora.gr.jp/cards/000879/card2367.html,000879,芥川,竜之介,あくたがわ,りゅうのすけ,あくたかわ,りゆうのすけ,Akutagawa,Ryunosuke,著者,1892-03-01,1927-07-24,なし,芥川龍之介作品集　第四巻,昭和出版社,1965（昭和40）年12月20日,,,,,,,,,,,,,,j.utiyama,かとうかおり,http://www.aozora.gr.jp/cards/000879/files/2367_ruby_1398.zip,2010-11-27,ShiftJIS,JIS X 0208,3,http://www.aozora.gr.jp/cards/000879/files/2367_13455.html,2010-11-27,ShiftJIS,JIS X 0208,1
000046,春の夜,はるのよる,はるのよる,,,,「文藝春秋」1926（大正15）年9月,NDC 913,新字新仮名,なし,1999-02-01,2014-09-17,http://www.aozora.gr.jp/cards/000879/card46.html,000879,芥川,竜之介,あくたがわ,りゅうのすけ,あくたかわ,りゆうのすけ,Akutagawa,Ryunosuke,著者,1892-03-01,1927-07-24,なし,芥川龍之介全集6,ちくま文庫、筑摩書房,1987（昭和62）年3月24日,1993（平成5）年2月25日第6刷,1997（平成9）年4月15日第8刷,筑摩全集類聚版芥川龍之介全集,筑摩書房,1971（昭和46）年3月～1971（昭和46）年11月,,,,,,,,,j.utiyama,かとうかおり,http://www.aozora.gr.jp/cards/000879/files/46_ruby_1431.zip,2004-03-15,ShiftJIS,JIS X 0208,2,http://www.aozora.gr.jp/cards/000879/files/46_15233.html,2004-03-15,ShiftJIS,JIS X 0208,0
000043,手巾,ハンケチ,はんけち,,,,「中央公論」1916（大正5）年10月,NDC 913,新字旧仮名,なし,1998-09-14,2014-09-17,http://www.aozora.gr.jp/cards/000879/card43.html,000879,芥川,竜之介,あくたがわ,りゅうのすけ,あくたかわ,りゆうのすけ,Akutagawa,Ryunosuke,著者,1892-03-01,1927-07-24,なし,現代日本文学大系　43　芥川龍之介集,筑摩書房,1968（昭和43）年8月25日,1968（昭和43）年8月25日初版第1刷,,,,,,,,,,,,,j.utiyama,柳沢成雄,http://www.aozora.gr.jp/cards/000879/files/43_ruby_547.zip,2004-03-16,ShiftJIS,JIS X 0208,2,http://www.aozora.gr.jp/cards/000879/files/43_15268.html,2004-03-16,ShiftJIS,JIS X 0208,0
001130,ピアノ,ピアノ,ひあの,,,,「新小説」1925（大正14）年5月,NDC 914,新字旧仮名,なし,2002-10-09,2014-09-17,http://www.aozora.gr.jp/cards/000879/card1130.html,000879,芥川,竜之介,あくたがわ,りゅうのすけ,あくたかわ,りゆうのすけ,Akutagawa,Ryunosuke,著者,1892-03-01,1927-07-24,なし,芥川龍之介全集　第十二巻,岩波書店,1996（平成8）年10月8日発行,1996（平成8）年10月8日発行,,,,,,,,,,,,,もりみつじゅんじ,松永正敏,http://www.aozora.gr.jp/cards/000879/files/1130_ruby_5514.zip,2004-03-15,ShiftJIS,JIS X 0208,2,http://www.aozora.gr.jp/cards/000879/files/1130_15234.html,2004-03-15,ShiftJIS,JIS X 0208,0
003821,微笑,びしょう,ひしよう,,,,,NDC 914,新字旧仮名,なし,2007-07-31,2014-09-21,http://www.aozora.gr.jp/cards/000879/card3821.html,000879,芥川,竜之介,あくたがわ,りゅうのすけ,あくたかわ,りゆうのすけ,Akutagawa,Ryunosuke,著者,1892-03-01,1927-07-24,なし,筑摩全集類聚　芥川龍之介全集第四巻,筑摩書房,1971（昭和46）年6月5日,1979（昭和54）年4月10日初版第11刷,,,,,,,,,,,,,土屋隆,松永正敏,http://www.aozora.gr.jp/cards/000879/files/3821_ruby_27245.zip,2007-06-27,ShiftJIS,JIS X 0208,0,http://www.aozora.gr.jp/cards/000879/files/3821_27333.html,2007-06-27,ShiftJIS,JIS X 0208,0
000024,尾生の信,びせいのしん,ひせいのしん,,,,「中央文学」1920（大正9）年1月,NDC 913,新字新仮名,なし,1998-12-08,2014-09-17,http://www.aozora.gr.jp/cards/000879/card24.html,000879,芥川,竜之介,あくたがわ,りゅうのすけ,あくたかわ,りゆうのすけ,Akutagawa,Ryunosuke,著者,1892-03-01,1927-07-24,なし,芥川龍之介全集3,ちくま文庫、筑摩書房,1986（昭和61）年12月1日,1996（平成8）年4月1日第8刷,1997（平成9）年4月15日第9刷,筑摩全集類聚版芥川龍之介全集,筑摩書房,1971（昭和46）年3月～1971（昭和46）年11月,,,,,,,,,j.utiyama,かとうかおり,http://www.aozora.gr.jp/cards/000879/files/24_ruby_877.zip,2004-03-15,ShiftJIS,JIS X 0208,3,http://www.aozora.gr.jp/cards/000879/files/24_15235.html,2004-03-15,ShiftJIS,JIS X 0208,0
004304,人及び芸術家としての薄田泣菫氏,ひとおよびげいじゅつかとしてのすすきだきゅうきんし,ひとおよひけいしゆつかとしてのすすきたきゆうきんし,薄田泣菫氏及び同令夫人に献ず,すすきだきゅうきんしおよびどうれいふじんにけんず,,,NDC 914,新字旧仮名,なし,2002-10-09,2014-09-17,http://www.aozora.gr.jp/cards/000879/card4304.html,000879,芥川,竜之介,あくたがわ,りゅうのすけ,あくたかわ,りゆうのすけ,Akutagawa,Ryunosuke,著者,1892-03-01,1927-07-24,なし,芥川龍之介全集　第十二巻,岩波書店,1996（平成8）年10月8日発行,1996（平成8）年10月8日発行,,,,,,,,,,,,,もりみつじゅんじ,松永正敏,http://www.aozora.gr.jp/cards/000879/files/4304_ruby_5519.zip,2004-03-15,ShiftJIS,JIS X 0208,2,http://www.aozora.gr.jp/cards/000879/files/4304_15236.html,2004-03-15,ShiftJIS,JIS X 0208,0
000171,一塊の土,ひとくれのつち,ひとくれのつち,,,,「新潮」1924（大正13）年1月,NDC 913,新字旧仮名,なし,1999-01-16,2014-09-17,http://www.aozora.gr.jp/cards/000879/card171.html,000879,芥川,竜之介,あくたがわ,りゅうのすけ,あくたかわ,りゆうのすけ,Akutagawa,Ryunosuke,著者,1892-03-01,1927-07-24,なし,現代日本文学大系　43　芥川龍之介集,筑摩書房,1968（昭和43）年8月25日,,,,,,,,,,,,,,j.utiyama,かとうかおり,http://www.aozora.gr.jp/cards/000879/files/171_ruby_1273.zip,2004-03-15,ShiftJIS,JIS X 0208,2,http://www.aozora.gr.jp/cards/000879/files/171_15237.html,2004-03-15,ShiftJIS,JIS X 0208,0
003754,一つの作が出来上るまで,ひとつのさくができあがるまで,ひとつのさくかてきあかるまて,――「枯野抄」――「奉教人の死」――,――「かれのしょう」――「ほうきょうにんのし」――,,,NDC 914,新字旧仮名,なし,2007-07-31,2014-09-21,http://www.aozora.gr.jp/cards/000879/card3754.html,000879,芥川,竜之介,あくたがわ,りゅうのすけ,あくたかわ,りゆうのすけ,Akutagawa,Ryunosuke,著者,1892-03-01,1927-07-24,なし,筑摩全集類聚　芥川龍之介全集第四巻,筑摩書房,1971（昭和46）年6月5日,1979（昭和54）年4月10日初版第11刷,,,,,,,,,,,,,土屋隆,松永正敏,http://www.aozora.gr.jp/cards/000879/files/3754_ruby_27246.zip,2007-06-27,ShiftJIS,JIS X 0208,0,http://www.aozora.gr.jp/cards/000879/files/3754_27334.html,2007-06-27,ShiftJIS,JIS X 0208,0
003787,一人の無名作家,ひとりのむめいさっか,ひとりのむめいさつか,,,,,NDC 914,新字旧仮名,なし,2007-07-31,2014-09-21,http://www.aozora.gr.jp/cards/000879/card3787.html,000879,芥川,竜之介,あくたがわ,りゅうのすけ,あくたかわ,りゆうのすけ,Akutagawa,Ryunosuke,著者,1892-03-01,1927-07-24,なし,筑摩全集類聚　芥川龍之介全集第四巻,筑摩書房,1971（昭和46）年6月5日,1979（昭和54）年4月10日初版第11刷,,,,,,,,,,,,,土屋隆,松永正敏,http://www.aozora.gr.jp/cards/000879/files/3787_ruby_27247.zip,2007-06-27,ShiftJIS,JIS X 0208,0,http://www.aozora.gr.jp/cards/000879/files/3787_27335.html,2007-06-27,ShiftJIS,JIS X 0208,0
000047,雛,ひな,ひな,,,,「中央公論」1923（大正12）年3月,NDC 913,新字旧仮名,なし,1998-11-07,2014-09-17,http://www.aozora.gr.jp/cards/000879/card47.html,000879,芥川,竜之介,あくたがわ,りゅうのすけ,あくたかわ,りゆうのすけ,Akutagawa,Ryunosuke,著者,1892-03-01,1927-07-24,なし,現代日本文学大系　43　芥川龍之介集,筑摩書房,1968（昭和43）年8月25日,1968（昭和43）年8月25日初版第1刷,,,,,,,,,,,,,j.utiyama,福地博文,http://www.aozora.gr.jp/cards/000879/files/47_ruby_720.zip,2004-03-16,ShiftJIS,JIS X 0208,2,http://www.aozora.gr.jp/cards/000879/files/47_15276.html,2004-03-16,ShiftJIS,JIS X 0208,0
003780,病牀雑記,びょうしょうざっき,ひようしようさつき,,,,,NDC 914,新字旧仮名,なし,2007-07-31,2014-09-21,http://www.aozora.gr.jp/cards/000879/card3780.html,000879,芥川,竜之介,あくたがわ,りゅうのすけ,あくたかわ,りゆうのすけ,Akutagawa,Ryunosuke,著者,1892-03-01,1927-07-24,なし,筑摩全集類聚　芥川龍之介全集第四巻,筑摩書房,1971（昭和46）年6月5日,1979（昭和54）年4月10日初版第11刷,,,,,,,,,,,,,土屋隆,松永正敏,http://www.aozora.gr.jp/cards/000879/files/3780_ruby_27248.zip,2007-06-27,ShiftJIS,JIS X 0208,0,http://www.aozora.gr.jp/cards/000879/files/3780_27336.html,2007-06-27,ShiftJIS,JIS X 0208,0
003786,病中雑記,びょうちゅうざっき,ひようちゆうさつき,,,,,NDC 914,新字旧仮名,なし,2007-07-31,2014-09-21,http://www.aozora.gr.jp/cards/000879/card3786.html,000879,芥川,竜之介,あくたがわ,りゅうのすけ,あくたかわ,りゆうのすけ,Akutagawa,Ryunosuke,著者,1892-03-01,1927-07-24,なし,筑摩全集類聚　芥川龍之介全集第四巻,筑摩書房,1971（昭和46）年6月5日,1979（昭和54）年4月10日初版第11刷,,,,,,,,,,,,,土屋隆,松永正敏,http://www.aozora.gr.jp/cards/000879/files/3786_ruby_27249.zip,2007-06-27,ShiftJIS,JIS X 0208,0,http://www.aozora.gr.jp/cards/000879/files/3786_27337.html,2007-06-27,ShiftJIS,JIS X 0208,0
000054,ひょっとこ,ひょっとこ,ひよつとこ,,,,「帝国文学」1915（大正4）年4月,NDC 913,新字新仮名,なし,1998-11-11,2014-09-17,http://www.aozora.gr.jp/cards/000879/card54.html,000879,芥川,竜之介,あくたがわ,りゅうのすけ,あくたかわ,りゆうのすけ,Akutagawa,Ryunosuke,著者,1892-03-01,1927-07-24,なし,芥川龍之介全集1,ちくま文庫、筑摩書房,1986（昭和61）年9月24日,1995（平成7）年10月5日第13刷,,筑摩全集類聚版芥川龍之介全集,筑摩書房,1971（昭和46）年3月～1971（昭和46）年11月,,,,,,,,,j.utiyama,もりみつじゅんじ,http://www.aozora.gr.jp/cards/000879/files/54_ruby_741.zip,2004-03-15,ShiftJIS,JIS X 0208,3,http://www.aozora.gr.jp/cards/000879/files/54_15238.html,2004-03-15,ShiftJIS,JIS X 0208,0
004303,平田先生の翻訳,ひらたせんせいのほんやく,ひらたせんせいのほんやく,,,,,NDC 914,新字旧仮名,なし,2002-10-08,2014-09-17,http://www.aozora.gr.jp/cards/000879/card4303.html,000879,芥川,竜之介,あくたがわ,りゅうのすけ,あくたかわ,りゆうのすけ,Akutagawa,Ryunosuke,著者,1892-03-01,1927-07-24,なし,芥川龍之介全集　第十二巻,岩波書店,1996（平成8）年10月8日発行,1996（平成8）年10月8日発行,,,,,,,,,,,,,もりみつじゅんじ,松永正敏,http://www.aozora.gr.jp/cards/000879/files/4303_ruby_5518.zip,2002-09-20,ShiftJIS,JIS X 0208,1,http://www.aozora.gr.jp/cards/000879/files/4303_6772.html,2002-09-20,ShiftJIS,JIS X 0208,0
003791,比呂志との問答,ひろしとのもんどう,ひろしとのもんとう,,,,,NDC 916,新字旧仮名,なし,2007-07-31,2014-09-21,http://www.aozora.gr.jp/cards/000879/card3791.html,000879,芥川,竜之介,あくたがわ,りゅうのすけ,あくたかわ,りゆうのすけ,Akutagawa,Ryunosuke,著者,1892-03-01,1927-07-24,なし,筑摩全集類聚　芥川龍之介全集第四巻,筑摩書房,1971（昭和46）年6月5日,1979（昭和54）年4月10日初版第11刷,,,,,,,,,,,,,土屋隆,松永正敏,http://www.aozora.gr.jp/cards/000879/files/3791_ruby_27250.zip,2007-06-27,ShiftJIS,JIS X 0208,0,http://www.aozora.gr.jp/cards/000879/files/3791_27338.html,2007-06-27,ShiftJIS,JIS X 0208,0
003781,風変りな作品に就いて,ふうがわりなさくひんについて,ふうかわりなさくひんについて,,,,,NDC 913,新字旧仮名,なし,2007-07-31,2014-09-21,http://www.aozora.gr.jp/cards/000879/card3781.html,000879,芥川,竜之介,あくたがわ,りゅうのすけ,あくたかわ,りゆうのすけ,Akutagawa,Ryunosuke,著者,1892-03-01,1927-07-24,なし,筑摩全集類聚　芥川龍之介全集第四巻,筑摩書房,1971（昭和46）年6月5日,1979（昭和54）年4月10日初版第11刷,,,,,,,,,,,,,土屋隆,松永正敏,http://www.aozora.gr.jp/cards/000879/files/3781_ruby_27251.zip,2007-06-27,ShiftJIS,JIS X 0208,0,http://www.aozora.gr.jp/cards/000879/files/3781_27339.html,2007-06-27,ShiftJIS,JIS X 0208,0
000052,不思議な島,ふしぎなしま,ふしきなしま,,,,「随筆」1924（大正13）年1月,NDC 913,新字新仮名,なし,1999-01-10,2014-09-17,http://www.aozora.gr.jp/cards/000879/card52.html,000879,芥川,竜之介,あくたがわ,りゅうのすけ,あくたかわ,りゆうのすけ,Akutagawa,Ryunosuke,著者,1892-03-01,1927-07-24,なし,芥川龍之介全集5,ちくま文庫、筑摩書房,1987（昭和62）年2月24日,1995（平成7）年4月10日第6刷,1996（平成8）年7月15日第7刷,筑摩全集類聚版芥川龍之介全集,筑摩書房,1971（昭和46）年3月～1971（昭和46）年11月,,,,,,,,,j.utiyama,かとうかおり,http://www.aozora.gr.jp/cards/000879/files/52_ruby_1168.zip,2004-03-15,ShiftJIS,JIS X 0208,2,http://www.aozora.gr.jp/cards/000879/files/52_15239.html,2004-03-15,ShiftJIS,JIS X 0208,0
003785,拊掌談,ふしょうだん,ふしようたん,,,,,NDC 914,新字旧仮名,なし,2007-07-31,2014-09-21,http://www.aozora.gr.jp/cards/000879/card3785.html,000879,芥川,竜之介,あくたがわ,りゅうのすけ,あくたかわ,りゆうのすけ,Akutagawa,Ryunosuke,著者,1892-03-01,1927-07-24,なし,筑摩全集類聚　芥川龍之介全集第四巻,筑摩書房,1971（昭和46）年6月5日,1979（昭和54）年4月10日初版第11刷,,,,,,,,,,,,,土屋隆,松永正敏,http://www.aozora.gr.jp/cards/000879/files/3785_ruby_27252.zip,2007-06-27,ShiftJIS,JIS X 0208,0,http://www.aozora.gr.jp/cards/000879/files/3785_27340.html,2007-06-27,ShiftJIS,JIS X 0208,0
000165,二つの手紙,ふたつのてがみ,ふたつのてかみ,,,,「黒潮」1917（大正6）年9月,NDC 913,新字新仮名,なし,1998-12-06,2014-09-17,http://www.aozora.gr.jp/cards/000879/card165.html,000879,芥川,竜之介,あくたがわ,りゅうのすけ,あくたかわ,りゆうのすけ,Akutagawa,Ryunosuke,著者,1892-03-01,1927-07-24,なし,芥川龍之介全集1,ちくま文庫、筑摩書房,1986（昭和61）年9月24日,1995（平成7）年10月5日第13刷,1997（平成9）年4月15日第14刷,筑摩全集類聚版芥川龍之介全集,筑摩書房,1971（昭和46）年3月～1971（昭和46）年11月,,,,,,,,,j.utiyama,かとうかおり,http://www.aozora.gr.jp/cards/000879/files/165_ruby_829.zip,2004-03-15,ShiftJIS,JIS X 0208,3,http://www.aozora.gr.jp/cards/000879/files/165_15240.html,2004-03-15,ShiftJIS,JIS X 0208,0
000086,二人小町,ふたりこまち,ふたりこまち,,,,「サンデー毎日」1923（大正12）年3月,NDC 912,新字新仮名,なし,1999-01-10,2014-09-17,http://www.aozora.gr.jp/cards/000879/card86.html,000879,芥川,竜之介,あくたがわ,りゅうのすけ,あくたかわ,りゆうのすけ,Akutagawa,Ryunosuke,著者,1892-03-01,1927-07-24,なし,芥川龍之介全集5,ちくま文庫、筑摩書房,1987（昭和62）年2月24日,1995（平成7）年4月10日第6刷,1996（平成8）年7月15日第7刷,筑摩全集類聚版芥川龍之介全集,筑摩書房,1971（昭和46）年3月～1971（昭和46）年11月,,,,,,,,,j.utiyama,かとうかおり,http://www.aozora.gr.jp/cards/000879/files/86_ruby_1176.zip,2004-03-15,ShiftJIS,JIS X 0208,3,http://www.aozora.gr.jp/cards/000879/files/86_15241.html,2004-03-15,ShiftJIS,JIS X 0208,0
003822,二人の友,ふたりのとも,ふたりのとも,,,,,NDC 914,新字旧仮名,なし,2007-08-03,2014-09-21,http://www.aozora.gr.jp/cards/000879/card3822.html,000879,芥川,竜之介,あくたがわ,りゅうのすけ,あくたかわ,りゆうのすけ,Akutagawa,Ryunosuke,著者,1892-03-01,1927-07-24,なし,筑摩全集類聚　芥川龍之介全集第四巻,筑摩書房,1971（昭和46）年6月5日,1979（昭和54）年4月10日初版第11刷,,,,,,,,,,,,,土屋隆,松永正敏,http://www.aozora.gr.jp/cards/000879/files/3822_ruby_27253.zip,2007-06-27,ShiftJIS,JIS X 0208,0,http://www.aozora.gr.jp/cards/000879/files/3822_27341.html,2007-06-27,ShiftJIS,JIS X 0208,0
000028,舞踏会,ぶとうかい,ふとうかい,,,,「新潮」1920（大正9）年1月,NDC 913,新字旧仮名,なし,1998-03-24,2014-09-17,http://www.aozora.gr.jp/cards/000879/card28.html,000879,芥川,竜之介,あくたがわ,りゅうのすけ,あくたかわ,りゆうのすけ,Akutagawa,Ryunosuke,著者,1892-03-01,1927-07-24,なし,現代日本文学大系　43　芥川龍之介集,筑摩書房,1968（昭和43）年8月25日,1968（昭和43）年8月25日初版第1刷,,,,,,,,,,,,,j.utiyama,野口英司,http://www.aozora.gr.jp/cards/000879/files/28_ruby_272.zip,2004-03-16,ShiftJIS,JIS X 0208,3,http://www.aozora.gr.jp/cards/000879/files/28_15270.html,2004-03-16,ShiftJIS,JIS X 0208,0
000051,文放古,ふみほご,ふみほこ,,,,「婦人公論」1924（大正13）年5月,NDC 913,新字新仮名,なし,1999-01-08,2014-09-17,http://www.aozora.gr.jp/cards/000879/card51.html,000879,芥川,竜之介,あくたがわ,りゅうのすけ,あくたかわ,りゆうのすけ,Akutagawa,Ryunosuke,著者,1892-03-01,1927-07-24,なし,芥川龍之介全集5,ちくま文庫、筑摩書房,1987（昭和62）年2月24日,1995（平成7）年4月10日第6刷,1996（平成8）年7月15日第7刷,筑摩全集類聚版芥川龍之介全集,筑摩書房,1971（昭和46）年3月～1971（昭和46）年11月,,,,,,,,,j.utiyama,かとうかおり,http://www.aozora.gr.jp/cards/000879/files/51_ruby_1134.zip,2004-03-15,ShiftJIS,JIS X 0208,2,http://www.aozora.gr.jp/cards/000879/files/51_15242.html,2004-03-15,ShiftJIS,JIS X 0208,0
000053,冬,ふゆ,ふゆ,,,,,NDC 913,新字新仮名,なし,1999-03-01,2014-09-17,http://www.aozora.gr.jp/cards/000879/card53.html,000879,芥川,竜之介,あくたがわ,りゅうのすけ,あくたかわ,りゆうのすけ,Akutagawa,Ryunosuke,著者,1892-03-01,1927-07-24,なし,芥川龍之介全集6,ちくま文庫、筑摩書房,1987（昭和62）年3月24日,1993（平成5）年2月25日第6刷,,筑摩全集類聚版芥川龍之介全集,筑摩書房,1971（昭和46）年3月～1971（昭和46）年11月,,,,,,,,,j.utiyama,もりみつじゅんじ,http://www.aozora.gr.jp/cards/000879/files/53_ruby_1557.zip,2012-03-22,ShiftJIS,JIS X 0208,3,http://www.aozora.gr.jp/cards/000879/files/53_15243.html,2012-03-22,ShiftJIS,JIS X 0208,1
056820,仏蘭西文学と僕,ふらんすぶんがくとぼく,ふらんすふんかくとほく,,,,,NDC 914,新字新仮名,なし,2017-03-01,2017-01-12,http://www.aozora.gr.jp/cards/000879/card56820.html,000879,芥川,竜之介,あくたがわ,りゅうのすけ,あくたかわ,りゆうのすけ,Akutagawa,Ryunosuke,著者,1892-03-01,1927-07-24,なし,藪の中・将軍,角川文庫、角川書店,1969（昭和44）年5月30日改版,2009（平成21）年3月25日改版38版,2005（平成17）年8月30日改版36版,,,,,,,,,,,,岡山勝美,坂本真一,http://www.aozora.gr.jp/cards/000879/files/56820_ruby_60835.zip,2017-01-12,ShiftJIS,JIS X 0208,0,http://www.aozora.gr.jp/cards/000879/files/56820_60877.html,2017-01-12,ShiftJIS,JIS X 0208,0
004302,プロレタリア文学論,プロレタリアぶんがくろん,ふろれたりあふんかくろん,,,,,NDC 901,新字旧仮名,なし,2002-10-08,2014-09-17,http://www.aozora.gr.jp/cards/000879/card4302.html,000879,芥川,竜之介,あくたがわ,りゅうのすけ,あくたかわ,りゆうのすけ,Akutagawa,Ryunosuke,著者,1892-03-01,1927-07-24,なし,芥川龍之介全集　第十二巻,岩波書店,1996（平成8）年10月8日発行,1996（平成8）年10月8日発行,,,,,,,,,,,,,もりみつじゅんじ,松永正敏,http://www.aozora.gr.jp/cards/000879/files/4302_ruby_5517.zip,2002-09-20,ShiftJIS,JIS X 0208,1,http://www.aozora.gr.jp/cards/000879/files/4302_6769.html,2002-09-20,ShiftJIS,JIS X 0208,0
000025,文学好きの家庭から,ぶんがくずきのかていから,ふんかくすきのかていから,,,,「文章倶楽部」1918（大正7）年1月,NDC 914,新字新仮名,なし,1999-01-12,2014-09-17,http://www.aozora.gr.jp/cards/000879/card25.html,000879,芥川,竜之介,あくたがわ,りゅうのすけ,あくたかわ,りゆうのすけ,Akutagawa,Ryunosuke,著者,1892-03-01,1927-07-24,なし,羅生門・鼻・芋粥,角川文庫、角川書店,1950（昭和25）年10月20日,1985（昭和60）年11月10日改版38版,1985（昭和60）年11月10日改版38版,,,,,,,,,,,,j.utiyama,かとうかおり,http://www.aozora.gr.jp/cards/000879/files/25_ruby_1213.zip,2004-03-15,ShiftJIS,JIS X 0208,2,http://www.aozora.gr.jp/cards/000879/files/25_15244.html,2004-03-15,ShiftJIS,JIS X 0208,0
046227,文芸鑑賞講座,ぶんげいかんしょうこうざ,ふんけいかんしようこうさ,,,,「文芸講座　第二号、第五号、第一二号」文藝春秋、1924（大正13）年10月10日、11月30日、1925（大正14）年4月3日,NDC 901,新字旧仮名,なし,2007-05-24,2014-09-21,http://www.aozora.gr.jp/cards/000879/card46227.html,000879,芥川,竜之介,あくたがわ,りゅうのすけ,あくたかわ,りゆうのすけ,Akutagawa,Ryunosuke,著者,1892-03-01,1927-07-24,なし,芥川竜之介全集　第十一巻,岩波書店,1996（平成8）年9月9日,1996（平成8）年9月9日,1996（平成8）年9月9日　,文芸講座　第二号、第五号、第一二号,文藝春秋,1924（大正13）年10月10日、11月30日、1925（大正14）年4月3日,,,,,,,,,文子,浅原庸子,http://www.aozora.gr.jp/cards/000879/files/46227_ruby_26534.zip,2007-04-13,ShiftJIS,JIS X 0208,0,http://www.aozora.gr.jp/cards/000879/files/46227_26608.html,2007-04-13,ShiftJIS,JIS X 0208,0
000026,文芸的な、余りに文芸的な,ぶんげいてきな、あまりにぶんげいてきな,ふんけいてきなあまりにふんけいてきな,,,,「改造」1927（昭和2）年4～8月,NDC 914,新字旧仮名,なし,1999-02-02,2014-09-17,http://www.aozora.gr.jp/cards/000879/card26.html,000879,芥川,竜之介,あくたがわ,りゅうのすけ,あくたかわ,りゆうのすけ,Akutagawa,Ryunosuke,著者,1892-03-01,1927-07-24,なし,現代日本文学大系　43　芥川龍之介集,筑摩書房,1968（昭和43）年8月25日,1968（昭和43）年8月25日初版第1刷,,,,,,,,,,,,,j.utiyama,かとうかおり,http://www.aozora.gr.jp/cards/000879/files/26_ruby_1441.zip,2004-03-16,ShiftJIS,JIS X 0208,2,http://www.aozora.gr.jp/cards/000879/files/26_15271.html,2004-03-16,ShiftJIS,JIS X 0208,0
000027,文章,ぶんしょう,ふんしよう,,,,「女性」1924（大正13）年4月,NDC 913,新字新仮名,なし,1999-01-08,2014-09-17,http://www.aozora.gr.jp/cards/000879/card27.html,000879,芥川,竜之介,あくたがわ,りゅうのすけ,あくたかわ,りゆうのすけ,Akutagawa,Ryunosuke,著者,1892-03-01,1927-07-24,なし,芥川龍之介全集5,ちくま文庫、筑摩書房,1987（昭和62）年2月24日,1995（平成7）年4月10日第6刷,1996（平成8）年7月15日第7刷,筑摩全集類聚版芥川龍之介全集,筑摩書房,1971（昭和46）年3月～1971（昭和46）年11月,,,,,,,,,j.utiyama,かとうかおり,http://www.aozora.gr.jp/cards/000879/files/27_ruby_1126.zip,2004-03-15,ShiftJIS,JIS X 0208,2,http://www.aozora.gr.jp/cards/000879/files/27_15245.html,2004-03-15,ShiftJIS,JIS X 0208,0
003755,文章と言葉と,ぶんしょうとことばと,ふんしようとことはと,,,,,NDC K914,新字旧仮名,なし,2007-08-03,2014-09-21,http://www.aozora.gr.jp/cards/000879/card3755.html,000879,芥川,竜之介,あくたがわ,りゅうのすけ,あくたかわ,りゆうのすけ,Akutagawa,Ryunosuke,著者,1892-03-01,1927-07-24,なし,筑摩全集類聚　芥川龍之介全集第四巻,筑摩書房,1971（昭和46）年6月5日,1979（昭和54）年4月10日初版第11刷,,,,,,,,,,,,,土屋隆,松永正敏,http://www.aozora.gr.jp/cards/000879/files/3755_ruby_27254.zip,2007-06-27,ShiftJIS,JIS X 0208,0,http://www.aozora.gr.jp/cards/000879/files/3755_27342.html,2007-06-27,ShiftJIS,JIS X 0208,0
016033,僻見,へきけん,へきけん,,,,広告、斎藤茂吉「女性改造　第三巻第三号」1924（大正13）年3月1日、岩見重太郎「女性改造　第三巻第四号」1924（大正13）年4月1日、木村巽斎「女性改造　第三巻第八号、第三巻第九号」1924（大正13）年8月1日、9月1日,NDC 910,新字旧仮名,なし,2009-01-21,2014-09-21,http://www.aozora.gr.jp/cards/000879/card16033.html,000879,芥川,竜之介,あくたがわ,りゅうのすけ,あくたかわ,りゆうのすけ,Akutagawa,Ryunosuke,著者,1892-03-01,1927-07-24,なし,芥川龍之介全集　第十一巻,岩波書店,1996（平成8）年9月9日,1996（平成8）年9月9日,1996（平成8）年9月9日,,,,,,,,,,,,もりみつじゅんじ,土屋隆,http://www.aozora.gr.jp/cards/000879/files/16033_ruby_33096.zip,2009-12-10,ShiftJIS,JIS X 0208,1,http://www.aozora.gr.jp/cards/000879/files/16033_33773.html,2009-12-10,ShiftJIS,JIS X 0208,1
051217,北京日記抄,ぺきんにっきしょう,へきんにつきしよう,,,,,NDC 915,新字新仮名,なし,2015-03-31,2015-02-28,http://www.aozora.gr.jp/cards/000879/card51217.html,000879,芥川,竜之介,あくたがわ,りゅうのすけ,あくたかわ,りゆうのすけ,Akutagawa,Ryunosuke,著者,1892-03-01,1927-07-24,なし,上海游記・江南游記,講談社文芸文庫、講談社,2001（平成13）年10月10日,2001（平成13）年10月10日第1刷,2001（平成13）年10月10日第1刷,芥川龍之介全集　第十二巻,岩波書店,1996（平成8）年10月,,,,,,,,,門田裕志,岡山勝美,http://www.aozora.gr.jp/cards/000879/files/51217_ruby_55978.zip,2015-02-28,ShiftJIS,JIS X 0208,0,http://www.aozora.gr.jp/cards/000879/files/51217_56023.html,2015-02-28,ShiftJIS,JIS X 0208,0
003777,変遷その他,へんせんそのた,へんせんそのた,,,,,NDC 914,新字旧仮名,なし,2007-08-03,2014-09-21,http://www.aozora.gr.jp/cards/000879/card3777.html,000879,芥川,竜之介,あくたがわ,りゅうのすけ,あくたかわ,りゆうのすけ,Akutagawa,Ryunosuke,著者,1892-03-01,1927-07-24,なし,筑摩全集類聚　芥川龍之介全集第四巻,筑摩書房,1971（昭和46）年6月5日,1979（昭和54）年4月10日初版第11刷,,,,,,,,,,,,,土屋隆,松永正敏,http://www.aozora.gr.jp/cards/000879/files/3777_ruby_27255.zip,2007-06-27,ShiftJIS,JIS X 0208,0,http://www.aozora.gr.jp/cards/000879/files/3777_27343.html,2007-06-27,ShiftJIS,JIS X 0208,0
000050,報恩記,ほうおんき,ほうおんき,,,,「中央公論」1922（大正11）年4月,NDC 913,新字新仮名,なし,1998-12-19,2014-09-17,http://www.aozora.gr.jp/cards/000879/card50.html,000879,芥川,竜之介,あくたがわ,りゅうのすけ,あくたかわ,りゆうのすけ,Akutagawa,Ryunosuke,著者,1892-03-01,1927-07-24,なし,芥川龍之介全集4,ちくま文庫、筑摩書房,1987（昭和62）年1月27日,1993（平成5）年12月25日第6刷,1996（平成8）年7月15日第8刷,筑摩全集類聚版芥川龍之介全集,筑摩書房,1971（昭和46）年3月～1971（昭和46）年11月,,,,,,,,,j.utiyama,かとうかおり,http://www.aozora.gr.jp/cards/000879/files/50_ruby_932.zip,2004-03-15,ShiftJIS,JIS X 0208,2,http://www.aozora.gr.jp/cards/000879/files/50_15246.html,2004-03-15,ShiftJIS,JIS X 0208,0
000049,奉教人の死,ほうきょうにんのし,ほうきようにんのし,,,,「三田文学」1918（大正7）年9月,NDC 913,新字旧仮名,なし,1998-06-14,2014-09-17,http://www.aozora.gr.jp/cards/000879/card49.html,000879,芥川,竜之介,あくたがわ,りゅうのすけ,あくたかわ,りゆうのすけ,Akutagawa,Ryunosuke,著者,1892-03-01,1927-07-24,なし,現代日本文学大系　43　芥川龍之介集,筑摩書房,1968（昭和43）年8月25日,1968（昭和43）年8月25日初版第1刷,,,,,,,,,,,,,j.utiyama,八木正三,http://www.aozora.gr.jp/cards/000879/files/49_ruby_373.zip,2010-11-04,ShiftJIS,JIS X 0208,3,http://www.aozora.gr.jp/cards/000879/files/49_15269.html,2010-11-04,ShiftJIS,JIS X 0208,1
004614,ポーの片影,ポーのへんえい,ほおのへんえい,,,,,NDC 914,新字旧仮名,なし,2002-10-09,2014-09-17,http://www.aozora.gr.jp/cards/000879/card4614.html,000879,芥川,竜之介,あくたがわ,りゅうのすけ,あくたかわ,りゆうのすけ,Akutagawa,Ryunosuke,著者,1892-03-01,1927-07-24,なし,芥川龍之介全集　第十二巻,岩波書店,1996（平成8）年10月8日発行,1996（平成8）年10月8日発行,,,,,,,,,,,,,もりみつじゅんじ,松永正敏,http://www.aozora.gr.jp/cards/000879/files/4614_ruby_6776.zip,2002-09-20,ShiftJIS,JIS X 0208,0,http://www.aozora.gr.jp/cards/000879/files/4614_6777.html,2002-09-20,ShiftJIS,JIS X 0208,0
003796,僕の友だち二三人,ぼくのともだちにさんにん,ほくのともたちにさんにん,,,,,NDC 914,新字旧仮名,なし,2007-08-03,2014-09-21,http://www.aozora.gr.jp/cards/000879/card3796.html,000879,芥川,竜之介,あくたがわ,りゅうのすけ,あくたかわ,りゆうのすけ,Akutagawa,Ryunosuke,著者,1892-03-01,1927-07-24,なし,筑摩全集類聚　芥川龍之介全集第四巻,筑摩書房,1971（昭和46）年6月5日,1979（昭和54）年4月10日初版第11刷,,,,,,,,,,,,,土屋隆,松永正敏,http://www.aozora.gr.jp/cards/000879/files/3796_ruby_27256.zip,2007-06-27,ShiftJIS,JIS X 0208,0,http://www.aozora.gr.jp/cards/000879/files/3796_27344.html,2007-06-27,ShiftJIS,JIS X 0208,0
002368,僕は,ぼくは,ほくは,,,,「驢馬」1927（昭和2）年2月,NDC 913 917,新字旧仮名,なし,1999-01-27,2014-09-17,http://www.aozora.gr.jp/cards/000879/card2368.html,000879,芥川,竜之介,あくたがわ,りゅうのすけ,あくたかわ,りゆうのすけ,Akutagawa,Ryunosuke,著者,1892-03-01,1927-07-24,なし,芥川龍之介作品集　第四巻,昭和出版社,1965（昭和40）年12月20日,,,,,,,,,,,,,,j.utiyama,かとうかおり,http://www.aozora.gr.jp/cards/000879/files/2368_ruby_1402.zip,2003-10-20,ShiftJIS,JIS X 0208,2,http://www.aozora.gr.jp/cards/000879/files/2368_13456.html,2003-10-20,ShiftJIS,JIS X 0208,0
001136,発句私見,ほっくしけん,ほつくしけん,,,,「ホトトギス」1926（大正15）年7月,NDC 911,新字旧仮名,なし,2002-01-26,2014-09-17,http://www.aozora.gr.jp/cards/000879/card1136.html,000879,芥川,竜之介,あくたがわ,りゅうのすけ,あくたかわ,りゆうのすけ,Akutagawa,Ryunosuke,著者,1892-03-01,1927-07-24,なし,芥川龍之介全集　第十三巻,岩波書店,1996（平成8）年11月8日,,,,,,,,,,,,,,もりみつじゅんじ,林幸雄,http://www.aozora.gr.jp/cards/000879/files/1136_ruby_6114.zip,2004-03-17,ShiftJIS,JIS X 0208,1,http://www.aozora.gr.jp/cards/000879/files/1136_15283.html,2004-03-17,ShiftJIS,JIS X 0208,0
055721,本所両国,ほんじょりょうごく,ほんしよりようこく,,,,「東京日日新聞」1927（昭和2）年5月6日〜22日,NDC 915,新字新仮名,なし,2013-07-24,2014-09-16,http://www.aozora.gr.jp/cards/000879/card55721.html,000879,芥川,竜之介,あくたがわ,りゅうのすけ,あくたかわ,りゆうのすけ,Akutagawa,Ryunosuke,著者,1892-03-01,1927-07-24,なし,大東京繁昌記,毎日新聞社,1999（平成11）年5月15日,1999（平成11）年5月15日,1999（平成11）年5月15日,,,,,,,,,,,,門田裕志,仙酔ゑびす,http://www.aozora.gr.jp/cards/000879/files/55721_ruby_50615.zip,2013-05-11,ShiftJIS,JIS X 0208,0,http://www.aozora.gr.jp/cards/000879/files/55721_50756.html,2013-05-11,ShiftJIS,JIS X 0208,0
000048,本所両国,ほんじょりょうごく,ほんしよりようこく,,,,「東京日日新聞」1927（昭和2）年5、6月,NDC 914,新字旧仮名,なし,1999-08-23,2014-09-17,http://www.aozora.gr.jp/cards/000879/card48.html,000879,芥川,竜之介,あくたがわ,りゅうのすけ,あくたかわ,りゆうのすけ,Akutagawa,Ryunosuke,著者,1892-03-01,1927-07-24,なし,芥川龍之介全集　第四巻,筑摩書房,1971（昭和46）年6月5日,1971（昭和46）年10月5日初版第5刷,,,,,,,,,,,,,j.utiyama,もりみつじゅんじ,http://www.aozora.gr.jp/cards/000879/files/48_ruby_2345.zip,2012-03-22,ShiftJIS,JIS X 0208,2,http://www.aozora.gr.jp/cards/000879/files/48_15266.html,2012-03-22,ShiftJIS,JIS X 0208,1
003741,本の事,ほんのこと,ほんのこと,,,,,NDC 019,新字旧仮名,なし,2007-08-03,2014-09-21,http://www.aozora.gr.jp/cards/000879/card3741.html,000879,芥川,竜之介,あくたがわ,りゅうのすけ,あくたかわ,りゆうのすけ,Akutagawa,Ryunosuke,著者,1892-03-01,1927-07-24,なし,筑摩全集類聚　芥川龍之介全集第四巻,筑摩書房,1971（昭和46）年6月5日,1979（昭和54）年4月10日初版第11刷,,,,,,,,,,,,,土屋隆,松永正敏,http://www.aozora.gr.jp/cards/000879/files/3741_ruby_27257.zip,2007-06-27,ShiftJIS,JIS X 0208,0,http://www.aozora.gr.jp/cards/000879/files/3741_27345.html,2007-06-27,ShiftJIS,JIS X 0208,0
003783,翻訳小品,ほんやくしょうひん,ほんやくしようひん,,,,,NDC 933,新字旧仮名,なし,2007-08-03,2014-09-21,http://www.aozora.gr.jp/cards/000879/card3783.html,000879,芥川,竜之介,あくたがわ,りゅうのすけ,あくたかわ,りゆうのすけ,Akutagawa,Ryunosuke,著者,1892-03-01,1927-07-24,なし,筑摩全集類聚　芥川龍之介全集第四巻,筑摩書房,1971（昭和46）年6月5日,1979（昭和54）年4月10日初版第11刷,,,,,,,,,,,,,土屋隆,松永正敏,http://www.aozora.gr.jp/cards/000879/files/3783_ruby_27258.zip,2007-06-27,ShiftJIS,JIS X 0208,0,http://www.aozora.gr.jp/cards/000879/files/3783_27346.html,2007-06-27,ShiftJIS,JIS X 0208,0
003765,正岡子規,まさおかしき,まさおかしき,,,,,NDC 914,新字旧仮名,なし,2007-08-03,2014-09-21,http://www.aozora.gr.jp/cards/000879/card3765.html,000879,芥川,竜之介,あくたがわ,りゅうのすけ,あくたかわ,りゆうのすけ,Akutagawa,Ryunosuke,著者,1892-03-01,1927-07-24,なし,筑摩全集類聚　芥川龍之介全集第四巻,筑摩書房,1971（昭和46）年6月5日,1979（昭和54）年4月10日初版第11刷,,,,,,,,,,,,,土屋隆,松永正敏,http://www.aozora.gr.jp/cards/000879/files/3765_ruby_27259.zip,2007-06-27,ShiftJIS,JIS X 0208,0,http://www.aozora.gr.jp/cards/000879/files/3765_27347.html,2007-06-27,ShiftJIS,JIS X 0208,0
000095,魔術,まじゅつ,ましゆつ,,,,「赤い鳥」1920（大正9）年1月,NDC K913,新字新仮名,なし,1998-12-08,2014-09-17,http://www.aozora.gr.jp/cards/000879/card95.html,000879,芥川,竜之介,あくたがわ,りゅうのすけ,あくたかわ,りゆうのすけ,Akutagawa,Ryunosuke,著者,1892-03-01,1927-07-24,なし,芥川龍之介全集3,ちくま文庫、筑摩書房,1986（昭和61）年12月1日,1996（平成8）年4月1日第8刷,1997（平成9）年4月15日第9刷,筑摩全集類聚版芥川龍之介全集,筑摩書房,1971（昭和46）年3月～1971（昭和46）年11月,,,,,,,,,j.utiyama,かとうかおり,http://www.aozora.gr.jp/cards/000879/files/95_ruby_885.zip,2004-03-15,ShiftJIS,JIS X 0208,4,http://www.aozora.gr.jp/cards/000879/files/95_15247.html,2004-03-15,ShiftJIS,JIS X 0208,0
003790,亦一説？,またいっせつ？,またいつせつ,,,,,NDC 914,新字旧仮名,なし,2007-08-06,2014-09-21,http://www.aozora.gr.jp/cards/000879/card3790.html,000879,芥川,竜之介,あくたがわ,りゅうのすけ,あくたかわ,りゆうのすけ,Akutagawa,Ryunosuke,著者,1892-03-01,1927-07-24,なし,筑摩全集類聚　芥川龍之介全集第四巻,筑摩書房,1971（昭和46）年6月5日,1979（昭和54）年4月10日初版第11刷,,,,,,,,,,,,,土屋隆,松永正敏,http://www.aozora.gr.jp/cards/000879/files/3790_ruby_27261.zip,2007-06-27,ShiftJIS,JIS X 0208,0,http://www.aozora.gr.jp/cards/000879/files/3790_27349.html,2007-06-27,ShiftJIS,JIS X 0208,0
003789,又一説？,またいっせつ？,またいつせつ,,,,,NDC 914,新字旧仮名,なし,2007-08-03,2014-09-21,http://www.aozora.gr.jp/cards/000879/card3789.html,000879,芥川,竜之介,あくたがわ,りゅうのすけ,あくたかわ,りゆうのすけ,Akutagawa,Ryunosuke,著者,1892-03-01,1927-07-24,なし,筑摩全集類聚　芥川龍之介全集第四巻,筑摩書房,1971（昭和46）年6月5日,1979（昭和54）年4月10日初版第11刷,,,,,,,,,,,,,土屋隆,松永正敏,http://www.aozora.gr.jp/cards/000879/files/3789_ruby_27260.zip,2007-06-27,ShiftJIS,JIS X 0208,0,http://www.aozora.gr.jp/cards/000879/files/3789_27348.html,2007-06-27,ShiftJIS,JIS X 0208,0
000096,松江印象記,まつえいんしょうき,まつえいんしようき,,,,「松陽新報」1915（大正4）年8月,NDC 915,新字新仮名,なし,1999-01-11,2014-09-17,http://www.aozora.gr.jp/cards/000879/card96.html,000879,芥川,竜之介,あくたがわ,りゅうのすけ,あくたかわ,りゆうのすけ,Akutagawa,Ryunosuke,著者,1892-03-01,1927-07-24,なし,羅生門・鼻・芋粥,角川文庫、角川書店,1950（昭和25）年10月20日,1985（昭和60）年11月10日改版38版,1985（昭和60）年11月10日改版38版,,,,,,,,,,,,j.utiyama,かとうかおり,http://www.aozora.gr.jp/cards/000879/files/96_ruby_1207.zip,2004-03-15,ShiftJIS,JIS X 0208,2,http://www.aozora.gr.jp/cards/000879/files/96_15248.html,2004-03-15,ShiftJIS,JIS X 0208,0
003805,窓,まど,まと,,,,,NDC 913,新字旧仮名,なし,2007-08-06,2014-09-21,http://www.aozora.gr.jp/cards/000879/card3805.html,000879,芥川,竜之介,あくたがわ,りゅうのすけ,あくたかわ,りゆうのすけ,Akutagawa,Ryunosuke,著者,1892-03-01,1927-07-24,なし,筑摩全集類聚　芥川龍之介全集第四巻,筑摩書房,1971（昭和46）年6月5日,1979（昭和54）年4月10日初版第11刷,,,,,,,,,,,,,土屋隆,松永正敏,http://www.aozora.gr.jp/cards/000879/files/3805_ruby_27262.zip,2007-06-27,ShiftJIS,JIS X 0208,0,http://www.aozora.gr.jp/cards/000879/files/3805_27350.html,2007-06-27,ShiftJIS,JIS X 0208,0
000098,蜜柑,みかん,みかん,,,,「新潮」1919（大正8）年5月,NDC 913,新字旧仮名,なし,1998-03-16,2014-09-17,http://www.aozora.gr.jp/cards/000879/card98.html,000879,芥川,竜之介,あくたがわ,りゅうのすけ,あくたかわ,りゆうのすけ,Akutagawa,Ryunosuke,著者,1892-03-01,1927-07-24,なし,現代日本文学大系　43　芥川龍之介集,筑摩書房,1968（昭和43）年8月25日,1968（昭和43）年8月25日初版第1刷,,,,,,,,,,,,,j.utiyama,野口英司,http://www.aozora.gr.jp/cards/000879/files/98_ruby_256.zip,2005-10-21,ShiftJIS,JIS X 0208,3,http://www.aozora.gr.jp/cards/000879/files/98_15272.html,2005-10-21,ShiftJIS,JIS X 0208,1
024453,蜜柑,みかん,みかん,,,,「新潮」1919（大正8）年5月1日,NDC 913,旧字旧仮名,なし,2012-03-21,2014-09-16,http://www.aozora.gr.jp/cards/000879/card24453.html,000879,芥川,竜之介,あくたがわ,りゅうのすけ,あくたかわ,りゆうのすけ,Akutagawa,Ryunosuke,著者,1892-03-01,1927-07-24,なし,現代日本文學全集　第三〇篇　芥川龍之介集,改造社,1928（昭和3）年1月9日,1928（昭和3）年1月9日,1928（昭和3）年1月9日　,,,,,,,,,,,,高柳典子,岡山勝美,http://www.aozora.gr.jp/cards/000879/files/24453_ruby_46814.zip,2012-03-21,ShiftJIS,JIS X 0208,1,http://www.aozora.gr.jp/cards/000879/files/24453_47037.html,2012-03-21,ShiftJIS,JIS X 0208,1
043017,蜜柑,みかん,みかん,,,,「新潮」1919（大正8）年5月,NDC 913,新字新仮名,なし,2005-02-08,2014-09-18,http://www.aozora.gr.jp/cards/000879/card43017.html,000879,芥川,竜之介,あくたがわ,りゅうのすけ,あくたかわ,りゆうのすけ,Akutagawa,Ryunosuke,著者,1892-03-01,1927-07-24,なし,蜘蛛の糸・杜子春,新潮文庫、新潮社,1968（昭和43）年11月15日,1989（平成元）年5月30日46刷,2004（平成16）年6月5日67刷,,,,,,,,,,,,蒋龍,noriko saito,http://www.aozora.gr.jp/cards/000879/files/43017_ruby_17394.zip,2005-01-07,ShiftJIS,JIS X 0208,0,http://www.aozora.gr.jp/cards/000879/files/43017_17431.html,2005-01-07,ShiftJIS,JIS X 0208,0
000099,水の三日,みずのみっか,みすのみつか,,,,「学友会雑誌」1910（明治43）年11月,NDC 914,新字新仮名,なし,1999-01-11,2014-09-17,http://www.aozora.gr.jp/cards/000879/card99.html,000879,芥川,竜之介,あくたがわ,りゅうのすけ,あくたかわ,りゆうのすけ,Akutagawa,Ryunosuke,著者,1892-03-01,1927-07-24,なし,羅生門・鼻・芋粥,角川文庫、角川書店,1950（昭和25）年10月20日,1985（昭和60）年11月10日改版38版,1985（昭和60）年11月10日改版38版,,,,,,,,,,,,j.utiyama,かとうかおり,http://www.aozora.gr.jp/cards/000879/files/99_ruby_1191.zip,2004-03-15,ShiftJIS,JIS X 0208,2,http://www.aozora.gr.jp/cards/000879/files/99_15249.html,2004-03-15,ShiftJIS,JIS X 0208,0
001126,三つの宝,みっつのたから,みつつのたから,,,,「良婦之友」1922（大正11）年2月,NDC K912 K913,新字新仮名,なし,2004-01-30,2014-09-18,http://www.aozora.gr.jp/cards/000879/card1126.html,000879,芥川,竜之介,あくたがわ,りゅうのすけ,あくたかわ,りゆうのすけ,Akutagawa,Ryunosuke,著者,1892-03-01,1927-07-24,なし,芥川龍之介全集5,ちくま文庫、筑摩書房,1987（昭和62）年2月24日,1995（平成7）年4月10日第6刷,1987（昭和62）年2月24日第1刷,筑摩全集類聚版芥川龍之介全集,筑摩書房,1971（昭和46）年3月～11月,,,,,,,,,j.utiyama,多羅尾伴内,http://www.aozora.gr.jp/cards/000879/files/1126_ruby_14122.zip,2010-11-04,ShiftJIS,JIS X 0208,1,http://www.aozora.gr.jp/cards/000879/files/1126_14251.html,2010-11-04,ShiftJIS,JIS X 0208,1
001124,三つのなぜ,みっつのなぜ,みつつのなせ,,,,「サンデー毎日　第六年第十五号」1927（昭和2）年4月1日,NDC 914,新字新仮名,なし,2004-01-30,2016-02-25,http://www.aozora.gr.jp/cards/000879/card1124.html,000879,芥川,竜之介,あくたがわ,りゅうのすけ,あくたかわ,りゆうのすけ,Akutagawa,Ryunosuke,著者,1892-03-01,1927-07-24,なし,昭和文学全集　第1巻,小学館,1987（昭和62）年5月1日,1987（昭和62）年5月1日初版第1刷,1987（昭和62）年5月1日初版第1刷,芥川龍之介全集　第八卷,岩波書店,1978（昭和53）年3月22日,,,,,,,,,j.utiyama,多羅尾伴内,http://www.aozora.gr.jp/cards/000879/files/1124_ruby_14121.zip,2016-02-25,ShiftJIS,JIS X 0208,1,http://www.aozora.gr.jp/cards/000879/files/1124_14252.html,2016-02-25,ShiftJIS,JIS X 0208,1
001125,三つの窓,みっつのまど,みつつのまと,,,,「改造」1927（昭和2）年7月,NDC 913,新字新仮名,なし,2004-01-30,2014-09-18,http://www.aozora.gr.jp/cards/000879/card1125.html,000879,芥川,竜之介,あくたがわ,りゅうのすけ,あくたかわ,りゆうのすけ,Akutagawa,Ryunosuke,著者,1892-03-01,1927-07-24,なし,芥川龍之介全集6,ちくま文庫、筑摩書房,1987（昭和62）年3月24日,1993（平成5）年2月25日第6刷,1987（昭和62）年3月24日第1刷,筑摩全集類聚版芥川龍之介全集,筑摩書房,1971（昭和46）年3月～11月,,,,,,,,,j.utiyama,多羅尾伴内,http://www.aozora.gr.jp/cards/000879/files/1125_ruby_14123.zip,2004-01-05,ShiftJIS,JIS X 0208,0,http://www.aozora.gr.jp/cards/000879/files/1125_14253.html,2004-01-05,ShiftJIS,JIS X 0208,0
003828,三つの指環,みっつのゆびわ,みつつのゆひわ,,,,,NDC K913,新字旧仮名,なし,2007-11-20,2014-09-21,http://www.aozora.gr.jp/cards/000879/card3828.html,000879,芥川,竜之介,あくたがわ,りゅうのすけ,あくたかわ,りゆうのすけ,Akutagawa,Ryunosuke,著者,1892-03-01,1927-07-24,なし,芥川龍之介全集　第二十二巻,岩波書店,1997（平成9）年10月30日,1997（平成9）年10月30日,1997（平成9）年10月30日,,,,,,,,,,,,土屋隆,林幸雄,http://www.aozora.gr.jp/cards/000879/files/3828_ruby_28510.zip,2007-11-05,ShiftJIS,JIS X 0208,0,http://www.aozora.gr.jp/cards/000879/files/3828_28511.html,2007-11-05,ShiftJIS,JIS X 0208,0
003782,身のまはり,みのまわり,みのまわり,,,,,NDC 914,新字旧仮名,なし,2007-08-06,2014-09-21,http://www.aozora.gr.jp/cards/000879/card3782.html,000879,芥川,竜之介,あくたがわ,りゅうのすけ,あくたかわ,りゆうのすけ,Akutagawa,Ryunosuke,著者,1892-03-01,1927-07-24,なし,筑摩全集類聚　芥川龍之介全集第四巻,筑摩書房,1971（昭和46）年6月5日,1979（昭和54）年4月10日初版第11刷,,,,,,,,,,,,,土屋隆,松永正敏,http://www.aozora.gr.jp/cards/000879/files/3782_ruby_27263.zip,2007-06-27,ShiftJIS,JIS X 0208,0,http://www.aozora.gr.jp/cards/000879/files/3782_27351.html,2007-06-27,ShiftJIS,JIS X 0208,0
000103,妙な話,みょうなはなし,みようなはなし,,,,「現代」1921（大正10）年1月,NDC 913,新字新仮名,なし,1998-12-19,2014-09-17,http://www.aozora.gr.jp/cards/000879/card103.html,000879,芥川,竜之介,あくたがわ,りゅうのすけ,あくたかわ,りゆうのすけ,Akutagawa,Ryunosuke,著者,1892-03-01,1927-07-24,なし,芥川龍之介全集4,ちくま文庫、筑摩書房,1987（昭和62）年1月27日,1993（平成5）年12月25日第6刷,1996（平成8）年7月15日第8刷,筑摩全集類聚版芥川龍之介全集,筑摩書房,1971（昭和46）年3月～1971（昭和46）年11月,,,,,,,,,j.utiyama,かとうかおり,http://www.aozora.gr.jp/cards/000879/files/103_ruby_948.zip,2004-03-15,ShiftJIS,JIS X 0208,3,http://www.aozora.gr.jp/cards/000879/files/103_15250.html,2004-03-15,ShiftJIS,JIS X 0208,0
000102,貉,むじな,むしな,,,,「読売新聞」1917（大正6）年3月,NDC 913,新字新仮名,なし,1998-11-07,2014-09-17,http://www.aozora.gr.jp/cards/000879/card102.html,000879,芥川,竜之介,あくたがわ,りゅうのすけ,あくたかわ,りゆうのすけ,Akutagawa,Ryunosuke,著者,1892-03-01,1927-07-24,なし,芥川龍之介全集1,ちくま文庫、筑摩書房,1986（昭和61）年9月24日,1995（平成7）年10月5日第13刷,,筑摩全集類聚版芥川龍之介全集,筑摩書房,1971（昭和46）年3月～11月,,,,,,,,,j.utiyama,もりみつじゅんじ,http://www.aozora.gr.jp/cards/000879/files/102_ruby_724.zip,2004-01-31,ShiftJIS,JIS X 0208,2,http://www.aozora.gr.jp/cards/000879/files/102_14482.html,2004-01-31,ShiftJIS,JIS X 0208,0
003792,無題,むだい,むたい,,,,,NDC 916,新字旧仮名,なし,2007-08-06,2014-09-21,http://www.aozora.gr.jp/cards/000879/card3792.html,000879,芥川,竜之介,あくたがわ,りゅうのすけ,あくたかわ,りゆうのすけ,Akutagawa,Ryunosuke,著者,1892-03-01,1927-07-24,なし,筑摩全集類聚　芥川龍之介全集第四巻,筑摩書房,1971（昭和46）年6月5日,1979（昭和54）年4月10日初版第11刷,,,,,,,,,,,,,土屋隆,松永正敏,http://www.aozora.gr.jp/cards/000879/files/3792_ruby_27264.zip,2007-06-27,ShiftJIS,JIS X 0208,0,http://www.aozora.gr.jp/cards/000879/files/3792_27352.html,2007-06-27,ShiftJIS,JIS X 0208,0
000097,Mensura Zoili,メンスラ　ゾイリ,めんすらそいり,,,,「新思潮」1917（大正6）年1月,NDC 913,新字新仮名,なし,1998-11-11,2014-09-17,http://www.aozora.gr.jp/cards/000879/card97.html,000879,芥川,竜之介,あくたがわ,りゅうのすけ,あくたかわ,りゆうのすけ,Akutagawa,Ryunosuke,著者,1892-03-01,1927-07-24,なし,芥川龍之介全集1,ちくま文庫、筑摩書房,1986（昭和61）年9月24日,1995（平成7）年10月5日第13刷,,筑摩全集類聚版芥川龍之介全集,筑摩書房,1971（昭和46）年3月～1971（昭和46）年11月,,,,,,,,,j.utiyama,もりみつじゅんじ,http://www.aozora.gr.jp/cards/000879/files/97_ruby_757.zip,2004-03-15,ShiftJIS,JIS X 0208,2,http://www.aozora.gr.jp/cards/000879/files/97_15251.html,2004-03-15,ShiftJIS,JIS X 0208,0
000101,毛利先生,もうりせんせい,もうりせんせい,,,,「新潮」1919（大正8）年1月,NDC 913,新字新仮名,なし,1998-12-07,2014-09-17,http://www.aozora.gr.jp/cards/000879/card101.html,000879,芥川,竜之介,あくたがわ,りゅうのすけ,あくたかわ,りゆうのすけ,Akutagawa,Ryunosuke,著者,1892-03-01,1927-07-24,なし,芥川龍之介全集2,ちくま文庫、筑摩書房,1986（昭和61）年10月28日,1996（平成8）7月15日第11刷,1996（平成8）7月15日第11刷,筑摩全集類聚版芥川龍之介全集,筑摩書房,1971（昭和46）年3月～1971（昭和46）年11月,,,,,,,,,j.utiyama,かとうかおり,http://www.aozora.gr.jp/cards/000879/files/101_ruby_857.zip,2004-03-15,ShiftJIS,JIS X 0208,3,http://www.aozora.gr.jp/cards/000879/files/101_15252.html,2004-03-15,ShiftJIS,JIS X 0208,0
000100,桃太郎,ももたろう,ももたろう,,,,「サンデー毎日　夏期特別号」1924（大正13）年7月,NDC 913,新字新仮名,なし,1999-01-08,2014-09-17,http://www.aozora.gr.jp/cards/000879/card100.html,000879,芥川,竜之介,あくたがわ,りゅうのすけ,あくたかわ,りゆうのすけ,Akutagawa,Ryunosuke,著者,1892-03-01,1927-07-24,なし,芥川龍之介全集5,ちくま文庫、筑摩書房,1987（昭和62）年2月24日,1995（平成7）年4月10日第6刷,1996（平成8）年7月15日第7刷,筑摩全集類聚版芥川龍之介全集,筑摩書房,1971（昭和46）年3月～1971（昭和46）年11月,,,,,,,,,j.utiyama,かとうかおり,http://www.aozora.gr.jp/cards/000879/files/100_ruby_1154.zip,2012-09-21,ShiftJIS,JIS X 0208,3,http://www.aozora.gr.jp/cards/000879/files/100_15253.html,2012-09-21,ShiftJIS,JIS X 0208,1
043390,森先生,もりせんせい,もりせんせい,,,,,NDC 914,新字新仮名,なし,2007-03-10,2014-09-21,http://www.aozora.gr.jp/cards/000879/card43390.html,000879,芥川,竜之介,あくたがわ,りゅうのすけ,あくたかわ,りゆうのすけ,Akutagawa,Ryunosuke,著者,1892-03-01,1927-07-24,なし,大川の水・追憶・本所両国　現代日本のエッセイ,講談社文芸文庫、講談社,1995（平成7）年1月10日,1995（平成7）年1月10日第1刷,1995（平成7）年1月10日第1刷,芥川龍之介全集第1～9、12巻,岩波書店,1977（昭和52）年7、9～12月、1978（昭和53）年1～4、7月,,,,,,,,,向井樹里,砂場清隆,http://www.aozora.gr.jp/cards/000879/files/43390_txt_25738.zip,2007-02-12,ShiftJIS,JIS X 0208,0,http://www.aozora.gr.jp/cards/000879/files/43390_26110.html,2007-02-12,ShiftJIS,JIS X 0208,0
001133,文部省の仮名遣改定案について,もんぶしょうのかなづかいかいていあんについて,もんふしようのかなつかいかいていあんについて,,,,「改造」1925（大正14）年3月,NDC 811,新字旧仮名,なし,2002-10-08,2014-09-17,http://www.aozora.gr.jp/cards/000879/card1133.html,000879,芥川,竜之介,あくたがわ,りゅうのすけ,あくたかわ,りゆうのすけ,Akutagawa,Ryunosuke,著者,1892-03-01,1927-07-24,なし,芥川龍之介全集　第十二巻,岩波書店,1996（平成8）年10月8日発行,1996（平成8）年10月8日発行,,,,,,,,,,,,,もりみつじゅんじ,松永正敏,http://www.aozora.gr.jp/cards/000879/files/1133_ruby_5515.zip,2002-09-20,ShiftJIS,JIS X 0208,1,http://www.aozora.gr.jp/cards/000879/files/1133_6771.html,2002-09-20,ShiftJIS,JIS X 0208,0
003743,野人生計事,やじんせいけいごと,やしんせいけいこと,,,,,NDC 914,新字旧仮名,なし,2007-08-09,2014-09-21,http://www.aozora.gr.jp/cards/000879/card3743.html,000879,芥川,竜之介,あくたがわ,りゅうのすけ,あくたかわ,りゆうのすけ,Akutagawa,Ryunosuke,著者,1892-03-01,1927-07-24,なし,筑摩全集類聚　芥川龍之介全集第四巻,筑摩書房,1971（昭和46）年6月5日,1979（昭和54）年4月10日初版第11刷,,,,,,,,,,,,,土屋隆,松永正敏,http://www.aozora.gr.jp/cards/000879/files/3743_ruby_27275.zip,2007-06-27,ShiftJIS,JIS X 0208,0,http://www.aozora.gr.jp/cards/000879/files/3743_27363.html,2007-06-27,ShiftJIS,JIS X 0208,0
000182,保吉の手帳から,やすきちのてちょうから,やすきちのてちようから,,,,「改造」1923（大正12）年5月,NDC 913,新字新仮名,なし,1999-01-10,2014-09-17,http://www.aozora.gr.jp/cards/000879/card182.html,000879,芥川,竜之介,あくたがわ,りゅうのすけ,あくたかわ,りゆうのすけ,Akutagawa,Ryunosuke,著者,1892-03-01,1927-07-24,なし,芥川龍之介全集5,ちくま文庫、筑摩書房,1987（昭和62）年2月24日,1995（平成7）年4月10日第6刷,1996（平成8）年7月15日第7刷,筑摩全集類聚版芥川龍之介全集,筑摩書房,1971（昭和46）年3月～1971（昭和46）年11月,,,,,,,,,j.utiyama,かとうかおり,http://www.aozora.gr.jp/cards/000879/files/182_ruby_1184.zip,2004-03-15,ShiftJIS,JIS X 0208,2,http://www.aozora.gr.jp/cards/000879/files/182_15254.html,2004-03-15,ShiftJIS,JIS X 0208,0
000179,藪の中,やぶのなか,やふのなか,,,,「新潮」1922（大正11）年1月,NDC 913,新字新仮名,なし,1997-11-10,2014-09-17,http://www.aozora.gr.jp/cards/000879/card179.html,000879,芥川,竜之介,あくたがわ,りゅうのすけ,あくたかわ,りゆうのすけ,Akutagawa,Ryunosuke,著者,1892-03-01,1927-07-24,なし,芥川龍之介全集4,ちくま文庫、筑摩書房,1987（昭和62）年1月27日,1996（平成8）年7月15日第8刷,1996（平成8）年7月15日第8刷,筑摩全集類聚版芥川龍之介全集,筑摩書房,1971（昭和46）年3月～1971（昭和46）年11月,,,,,,,,,野口英司、平山誠,もりみつじゅんじ,http://www.aozora.gr.jp/cards/000879/files/179_ruby_168.zip,2011-05-22,ShiftJIS,JIS X 0208,3,http://www.aozora.gr.jp/cards/000879/files/179_15255.html,2011-05-22,ShiftJIS,JIS X 0208,1
024454,藪の中,やぶのなか,やふのなか,,,,「新潮」1922（大正11）年1月1日,NDC 913,旧字旧仮名,なし,2012-03-25,2014-09-16,http://www.aozora.gr.jp/cards/000879/card24454.html,000879,芥川,竜之介,あくたがわ,りゅうのすけ,あくたかわ,りゆうのすけ,Akutagawa,Ryunosuke,著者,1892-03-01,1927-07-24,なし,現代日本文學全集　第三〇篇　芥川龍之介集,改造社,1928（昭和3）年1月9日,1928（昭和3）年1月9日,1928（昭和3）年1月9日　,,,,,,,,,,,,高柳典子,岡山勝美,http://www.aozora.gr.jp/cards/000879/files/24454_ruby_46815.zip,2012-03-25,ShiftJIS,JIS X 0208,1,http://www.aozora.gr.jp/cards/000879/files/24454_47036.html,2012-03-25,ShiftJIS,JIS X 0208,1
000180,山鴫,やましぎ,やましき,,,,「中央公論」1921（大正10）年1月,NDC 913,新字旧仮名,なし,1999-01-19,2014-09-17,http://www.aozora.gr.jp/cards/000879/card180.html,000879,芥川,竜之介,あくたがわ,りゅうのすけ,あくたかわ,りゆうのすけ,Akutagawa,Ryunosuke,著者,1892-03-01,1927-07-24,なし,現代日本文學大系　43　芥川龍之介集,筑摩書房,1968（昭和43）年8月25日,1968（昭和43）年8月25日初版第1刷,,,,,,,,,,,,,j.utiyama,かとうかおり,http://www.aozora.gr.jp/cards/000879/files/180_ruby_1300.zip,2014-05-30,ShiftJIS,JIS X 0208,1,http://www.aozora.gr.jp/cards/000879/files/180_15273.html,2014-05-30,ShiftJIS,JIS X 0208,1
004628,槍ヶ岳紀行,やりがたけきこう,やりかたけきこう,,,,「改造」1920（大正9）年7月,NDC 915,新字旧仮名,なし,2003-03-24,2014-09-17,http://www.aozora.gr.jp/cards/000879/card4628.html,000879,芥川,竜之介,あくたがわ,りゅうのすけ,あくたかわ,りゆうのすけ,Akutagawa,Ryunosuke,著者,1892-03-01,1927-07-24,なし,現代日本紀行文学全集　中部日本編,ほるぷ出版,1976（昭和51）年8月1日,1976（昭和51）年8月1日,,,,,,,,,,,,,林幸雄,砂場清隆,http://www.aozora.gr.jp/cards/000879/files/4628_ruby_8225.zip,2012-03-22,ShiftJIS,JIS X 0208,1,http://www.aozora.gr.jp/cards/000879/files/4628_9312.html,2012-03-22,ShiftJIS,JIS X 0208,1
000181,槍が岳に登った記,やりがたけにのぼったき,やりかたけにのほつたき,,,,「芥川龍之介全集　別冊」岩波書店、1929（昭和4）年2月,NDC 915,新字新仮名,なし,1999-01-11,2014-09-17,http://www.aozora.gr.jp/cards/000879/card181.html,000879,芥川,竜之介,あくたがわ,りゅうのすけ,あくたかわ,りゆうのすけ,Akutagawa,Ryunosuke,著者,1892-03-01,1927-07-24,なし,羅生門・鼻・芋粥,角川文庫、角川書店,1950（昭和25）年10月20日,1985（昭和60）年11月10日改版38版,1985（昭和60）年11月10日改版38版,,,,,,,,,,,,j.utiyama,かとうかおり,http://www.aozora.gr.jp/cards/000879/files/181_ruby_1203.zip,2004-03-15,ShiftJIS,JIS X 0208,2,http://www.aozora.gr.jp/cards/000879/files/181_15256.html,2004-03-15,ShiftJIS,JIS X 0208,0
001127,悠々荘,ゆうゆうそう,ゆうゆうそう,,,,「サンデー毎日」1927（昭和2）年1月,NDC 913,新字新仮名,なし,2005-03-05,2014-09-18,http://www.aozora.gr.jp/cards/000879/card1127.html,000879,芥川,竜之介,あくたがわ,りゅうのすけ,あくたかわ,りゆうのすけ,Akutagawa,Ryunosuke,著者,1892-03-01,1927-07-24,なし,芥川龍之介全集6,ちくま文庫、筑摩書房,1987（昭和62）年3月24日,1987（昭和62）年3月24日第1刷,2001（平成13）年11月20日第10刷,筑摩全集類聚版芥川龍之介全集,筑摩書房,1971（昭和46）年3月～1971（昭和46）年11月,,,,,,,,,j.utiyama,小林繁雄,http://www.aozora.gr.jp/cards/000879/files/1127_ruby_17637.zip,2005-01-27,ShiftJIS,JIS X 0208,0,http://www.aozora.gr.jp/cards/000879/files/1127_17681.html,2005-01-27,ShiftJIS,JIS X 0208,0
000188,誘惑,ゆうわく,ゆうわく,,,,「改造　第九卷第四号」1927（昭和2）年4月1日,NDC 913,新字新仮名,なし,1999-01-26,2016-02-25,http://www.aozora.gr.jp/cards/000879/card188.html,000879,芥川,竜之介,あくたがわ,りゅうのすけ,あくたかわ,りゆうのすけ,Akutagawa,Ryunosuke,著者,1892-03-01,1927-07-24,なし,昭和文学全集　第1巻,小学館,1987（昭和62）年5月1日,1987（昭和62）年5月1日初版第1刷,,芥川龍之介全集　第八卷,岩波書店,1978（昭和53）年3月22日,,,,,,,,,j.utiyama,かとうかおり,http://www.aozora.gr.jp/cards/000879/files/188_ruby_1365.zip,2016-02-25,ShiftJIS,JIS X 0208,3,http://www.aozora.gr.jp/cards/000879/files/188_15281.html,2016-02-25,ShiftJIS,JIS X 0208,1
003817,雪,ゆき,ゆき,,,,,NDC 913,新字旧仮名,なし,2007-08-06,2014-09-21,http://www.aozora.gr.jp/cards/000879/card3817.html,000879,芥川,竜之介,あくたがわ,りゅうのすけ,あくたかわ,りゆうのすけ,Akutagawa,Ryunosuke,著者,1892-03-01,1927-07-24,なし,筑摩全集類聚　芥川龍之介全集第四巻,筑摩書房,1971（昭和46）年6月5日,1979（昭和54）年4月10日初版第11刷,,,,,,,,,,,,,土屋隆,松永正敏,http://www.aozora.gr.jp/cards/000879/files/3817_ruby_27265.zip,2007-06-27,ShiftJIS,JIS X 0208,0,http://www.aozora.gr.jp/cards/000879/files/3817_27353.html,2007-06-27,ShiftJIS,JIS X 0208,0
000186,夢,ゆめ,ゆめ,,,,「婦人公論」1926（大正15）年11月,NDC 913,新字新仮名,なし,1999-03-01,2014-09-17,http://www.aozora.gr.jp/cards/000879/card186.html,000879,芥川,竜之介,あくたがわ,りゅうのすけ,あくたかわ,りゆうのすけ,Akutagawa,Ryunosuke,著者,1892-03-01,1927-07-24,なし,芥川龍之介全集6,ちくま文庫、筑摩書房,1987（昭和62）年3月24日,1993（平成5）年2月25日第6刷,,筑摩全集類聚版芥川龍之介全集,筑摩書房,1971（昭和46）年3月～1971（昭和46）年11月,,,,,,,,,j.utiyama,もりみつじゅんじ,http://www.aozora.gr.jp/cards/000879/files/186_ruby_1585.zip,2004-03-15,ShiftJIS,JIS X 0208,2,http://www.aozora.gr.jp/cards/000879/files/186_15257.html,2004-03-15,ShiftJIS,JIS X 0208,0
004308,夢,ゆめ,ゆめ,,,,,NDC 914,新字旧仮名,なし,2002-01-26,2014-09-17,http://www.aozora.gr.jp/cards/000879/card4308.html,000879,芥川,竜之介,あくたがわ,りゅうのすけ,あくたかわ,りゆうのすけ,Akutagawa,Ryunosuke,著者,1892-03-01,1927-07-24,なし,芥川龍之介全集　第十三巻,岩波書店,1996（平成8）年11月8日,,,,,,,,,,,,,,もりみつじゅんじ,林幸雄,http://www.aozora.gr.jp/cards/000879/files/4308_ruby_6117.zip,2004-03-17,ShiftJIS,JIS X 0208,1,http://www.aozora.gr.jp/cards/000879/files/4308_15284.html,2004-03-17,ShiftJIS,JIS X 0208,0
000187,百合,ゆり,ゆり,,,,「新潮」1922（大正11）年10月,NDC 913,新字新仮名,なし,1999-01-08,2014-09-17,http://www.aozora.gr.jp/cards/000879/card187.html,000879,芥川,竜之介,あくたがわ,りゅうのすけ,あくたかわ,りゆうのすけ,Akutagawa,Ryunosuke,著者,1892-03-01,1927-07-24,なし,芥川龍之介全集5,ちくま文庫、筑摩書房,1987（昭和62）年2月24日,1995（平成7）年4月10日第6刷,1996（平成8）年7月15日第7刷,筑摩全集類聚版芥川龍之介全集,筑摩書房,1971（昭和46）年3月～1971（昭和46）年11月,,,,,,,,,j.utiyama,かとうかおり,http://www.aozora.gr.jp/cards/000879/files/187_ruby_1150.zip,2004-03-15,ShiftJIS,JIS X 0208,2,http://www.aozora.gr.jp/cards/000879/files/187_15258.html,2004-03-15,ShiftJIS,JIS X 0208,0
000184,妖婆,ようば,ようは,,,,「中央公論」1919（大正8）年9、10月,NDC 913,新字新仮名,なし,1998-12-08,2014-09-17,http://www.aozora.gr.jp/cards/000879/card184.html,000879,芥川,竜之介,あくたがわ,りゅうのすけ,あくたかわ,りゆうのすけ,Akutagawa,Ryunosuke,著者,1892-03-01,1927-07-24,なし,芥川龍之介全集3,ちくま文庫、筑摩書房,1986（昭和61）年12月1日,1996（平成8）年4月1日第8刷,1997（平成9）年4月15日第9刷,筑摩全集類聚版芥川龍之介全集,筑摩書房,1971（昭和46）年3月～1971（昭和46）年11月,,,,,,,,,j.utiyama,かとうかおり,http://www.aozora.gr.jp/cards/000879/files/184_ruby_897.zip,2004-03-15,ShiftJIS,JIS X 0208,4,http://www.aozora.gr.jp/cards/000879/files/184_15259.html,2004-03-15,ShiftJIS,JIS X 0208,0
001135,横須賀小景,よこすかしょうけい,よこすかしようけい,,,,「驢馬」1926（大正15）年5月,NDC 914,新字旧仮名,なし,2002-01-26,2014-09-17,http://www.aozora.gr.jp/cards/000879/card1135.html,000879,芥川,竜之介,あくたがわ,りゅうのすけ,あくたかわ,りゆうのすけ,Akutagawa,Ryunosuke,著者,1892-03-01,1927-07-24,なし,芥川龍之介全集　第十三巻,岩波書店,1996（平成8）年11月8日,1996（平成8）年11月8日,,,,,,,,,,,,,もりみつじゅんじ,林幸雄,http://www.aozora.gr.jp/cards/000879/files/1135_ruby_6120.zip,2004-03-18,ShiftJIS,JIS X 0208,1,http://www.aozora.gr.jp/cards/000879/files/1135_15288.html,2004-03-18,ShiftJIS,JIS X 0208,0
000183,世之助の話,よのすけのはなし,よのすけのはなし,,,,「新小説」1918（大正7）年4月,NDC 913,新字旧仮名,なし,1998-10-11,2014-09-17,http://www.aozora.gr.jp/cards/000879/card183.html,000879,芥川,竜之介,あくたがわ,りゅうのすけ,あくたかわ,りゆうのすけ,Akutagawa,Ryunosuke,著者,1892-03-01,1927-07-24,なし,現代日本文学大系　43　芥川龍之介集,筑摩書房,1968（昭和43）年8月25日,1968（昭和43）年8月25日初版第1刷,,,,,,,,,,,,,j.utiyama,柳沢成雄,http://www.aozora.gr.jp/cards/000879/files/183_ruby_619.zip,2012-03-20,ShiftJIS,JIS X 0208,3,http://www.aozora.gr.jp/cards/000879/files/183_15274.html,2012-03-20,ShiftJIS,JIS X 0208,1
003757,世の中と女,よのなかとおんな,よのなかとおんな,,,,,NDC 914,新字旧仮名,なし,2007-08-06,2014-09-21,http://www.aozora.gr.jp/cards/000879/card3757.html,000879,芥川,竜之介,あくたがわ,りゅうのすけ,あくたかわ,りゆうのすけ,Akutagawa,Ryunosuke,著者,1892-03-01,1927-07-24,なし,筑摩全集類聚　芥川龍之介全集第四巻,筑摩書房,1971（昭和46）年6月5日,1979（昭和54）年4月10日初版第11刷,,,,,,,,,,,,,土屋隆,松永正敏,http://www.aozora.gr.jp/cards/000879/files/3757_ruby_27266.zip,2007-06-27,ShiftJIS,JIS X 0208,0,http://www.aozora.gr.jp/cards/000879/files/3757_27354.html,2007-06-27,ShiftJIS,JIS X 0208,0
000128,羅生門,らしょうもん,らしようもん,,,,「帝国文学」1915（大正4）年11月,NDC 913,旧字旧仮名,なし,1999-06-09,2014-09-17,http://www.aozora.gr.jp/cards/000879/card128.html,000879,芥川,竜之介,あくたがわ,りゅうのすけ,あくたかわ,りゆうのすけ,Akutagawa,Ryunosuke,著者,1892-03-01,1927-07-24,なし,新選　名著復刻全集　近代文学館　芥川龍之介著　羅生門　阿蘭陀書房版,ほるぷ出版,1976（昭和51）年4月1日,,,,,,,,,,,,,,j.utiyama,野口英司、もりみつじゅんじ,http://www.aozora.gr.jp/cards/000879/files/128_ruby_2046.zip,2010-11-04,ShiftJIS,JIS X 0208,3,http://www.aozora.gr.jp/cards/000879/files/128_15261.html,2010-11-04,ShiftJIS,JIS X 0208,1
000127,羅生門,らしょうもん,らしようもん,,,,「帝国文学」1915（大正4）年11月,NDC 913,新字新仮名,なし,1997-10-29,2014-09-17,http://www.aozora.gr.jp/cards/000879/card127.html,000879,芥川,竜之介,あくたがわ,りゅうのすけ,あくたかわ,りゆうのすけ,Akutagawa,Ryunosuke,著者,1892-03-01,1927-07-24,なし,芥川龍之介全集1,ちくま文庫、筑摩書房,1986（昭和61）年9月24日,1997（平成9）年4月15日第14刷,,筑摩全集類聚版芥川龍之介全集,筑摩書房,1971（昭和46）年3月～1971（昭和46）年11月,,,,,,,,,野口英司、平山誠,もりみつじゅんじ,http://www.aozora.gr.jp/cards/000879/files/127_ruby_150.zip,2010-11-04,ShiftJIS,JIS X 0208,3,http://www.aozora.gr.jp/cards/000879/files/127_15260.html,2010-11-04,ShiftJIS,JIS X 0208,1
000022,羅生門の後に,らしょうもんのあとに,らしようもんのあとに,,,,「時事新報」1917（大正6）年5月5日,NDC 914,新字新仮名,なし,1998-12-28,2014-09-17,http://www.aozora.gr.jp/cards/000879/card22.html,000879,芥川,竜之介,あくたがわ,りゅうのすけ,あくたかわ,りゆうのすけ,Akutagawa,Ryunosuke,著者,1892-03-01,1927-07-24,なし,日本の文学　33　羅生門,ほるぷ出版,1984（昭和59）年8月1日,1986（昭和61）年12月1日初版第3刷,,羅生門,阿蘭陀書房,大正6年5月発行,,,,,,,,,j.utiyama,もりみつじゅんじ,http://www.aozora.gr.jp/cards/000879/files/22_ruby_983.zip,2004-03-17,ShiftJIS,JIS X 0208,2,http://www.aozora.gr.jp/cards/000879/files/22_15282.html,2004-03-17,ShiftJIS,JIS X 0208,0
003768,リチャード・バートン訳「一千一夜物語」に就いて,リチャード・バートンやく「いっせんいちやものがたり」について,りちやあとはあとんやくいつせんいちやものかたりについて,,,,,NDC 914 929,新字旧仮名,なし,2007-08-09,2014-09-21,http://www.aozora.gr.jp/cards/000879/card3768.html,000879,芥川,竜之介,あくたがわ,りゅうのすけ,あくたかわ,りゆうのすけ,Akutagawa,Ryunosuke,著者,1892-03-01,1927-07-24,なし,筑摩全集類聚　芥川龍之介全集第四巻,筑摩書房,1971（昭和46）年6月5日,1979（昭和54）年4月10日初版第11刷,,,,,,,,,,,,,土屋隆,松永正敏,http://www.aozora.gr.jp/cards/000879/files/3768_ruby_27276.zip,2007-06-27,ShiftJIS,JIS X 0208,0,http://www.aozora.gr.jp/cards/000879/files/3768_27364.html,2007-06-27,ShiftJIS,JIS X 0208,0
000134,竜,りゅう,りゆう,,,,「中央公論」1919（大正8）年5月,NDC 913,新字新仮名,なし,1998-12-08,2014-09-17,http://www.aozora.gr.jp/cards/000879/card134.html,000879,芥川,竜之介,あくたがわ,りゅうのすけ,あくたかわ,りゆうのすけ,Akutagawa,Ryunosuke,著者,1892-03-01,1927-07-24,なし,芥川龍之介全集3,ちくま文庫、筑摩書房,1986（昭和61）年12月1日,1996（平成8）年4月1日第8刷,1997（平成9）年4月15日第9刷,筑摩全集類聚版芥川龍之介全集,筑摩書房,1971（昭和46）年3月～1971（昭和46）年11月,,,,,,,,,j.utiyama,かとうかおり,http://www.aozora.gr.jp/cards/000879/files/134_ruby_893.zip,2004-03-15,ShiftJIS,JIS X 0208,3,http://www.aozora.gr.jp/cards/000879/files/134_15262.html,2004-03-15,ShiftJIS,JIS X 0208,0
000133,るしへる,るしへる,るしへる,,,,「雄弁」1918（大正7）年11月,NDC 913,新字新仮名,なし,1998-12-07,2014-09-17,http://www.aozora.gr.jp/cards/000879/card133.html,000879,芥川,竜之介,あくたがわ,りゅうのすけ,あくたかわ,りゆうのすけ,Akutagawa,Ryunosuke,著者,1892-03-01,1927-07-24,なし,芥川龍之介全集2,ちくま文庫、筑摩書房,1986（昭和61）年10月28日,1996（平成8）7月15日第11刷,1996（平成8）7月15日第11刷,筑摩全集類聚版芥川龍之介全集,筑摩書房,1971（昭和46）年3月～11月,,,,,,,,,j.utiyama,かとうかおり,http://www.aozora.gr.jp/cards/000879/files/133_ruby_861.zip,2010-11-04,ShiftJIS,JIS X 0208,4,http://www.aozora.gr.jp/cards/000879/files/133_14546.html,2010-11-04,ShiftJIS,JIS X 0208,2
004279,恋愛と夫婦愛とを混同しては不可ぬ,れんあいとめおとあいとをこんどうしてはならぬ,れんあいとめおとあいとをこんとうしてはならぬ,,,,,NDC 914,新字旧仮名,なし,2002-10-05,2014-09-17,http://www.aozora.gr.jp/cards/000879/card4279.html,000879,芥川,竜之介,あくたがわ,りゅうのすけ,あくたかわ,りゆうのすけ,Akutagawa,Ryunosuke,著者,1892-03-01,1927-07-24,なし,芥川龍之介全集　第十一巻,岩波書店,1996（平成8）年9月9日発行,1996（平成8）年9月9日発行,,,,,,,,,,,,,もりみつじゅんじ,綾小路毅,http://www.aozora.gr.jp/cards/000879/files/4279_ruby_5491.zip,2002-09-29,ShiftJIS,JIS X 0208,1,http://www.aozora.gr.jp/cards/000879/files/4279_6943.html,2002-09-29,ShiftJIS,JIS X 0208,0
000131,老年,ろうねん,ろうねん,,,,「新思潮」1914（大正3）年5月,NDC 913,新字新仮名,なし,1998-02-21,2014-09-17,http://www.aozora.gr.jp/cards/000879/card131.html,000879,芥川,竜之介,あくたがわ,りゅうのすけ,あくたかわ,りゆうのすけ,Akutagawa,Ryunosuke,著者,1892-03-01,1927-07-24,なし,芥川龍之介全集1,ちくま文庫、筑摩書房,1986（昭和61）年9月24日,1997（平成9）年4月15日第14刷,,筑摩全集類聚版芥川龍之介全集,筑摩書房,1971（昭和46）年3月～1971（昭和46）年11月,,,,,,,,,野口英司,野口英司,http://www.aozora.gr.jp/cards/000879/files/131_ruby_241.zip,2004-03-15,ShiftJIS,JIS X 0208,2,http://www.aozora.gr.jp/cards/000879/files/131_15263.html,2004-03-15,ShiftJIS,JIS X 0208,0
003819,臘梅,ろうばい,ろうはい,,,,,NDC 914,新字旧仮名,なし,2007-08-06,2014-09-21,http://www.aozora.gr.jp/cards/000879/card3819.html,000879,芥川,竜之介,あくたがわ,りゅうのすけ,あくたかわ,りゆうのすけ,Akutagawa,Ryunosuke,著者,1892-03-01,1927-07-24,なし,筑摩全集類聚　芥川龍之介全集第四巻,筑摩書房,1971（昭和46）年6月5日,1979（昭和54）年4月10日初版第11刷,,,,,,,,,,,,,土屋隆,松永正敏,http://www.aozora.gr.jp/cards/000879/files/3819_ruby_27267.zip,2007-06-27,ShiftJIS,JIS X 0208,0,http://www.aozora.gr.jp/cards/000879/files/3819_27355.html,2007-06-27,ShiftJIS,JIS X 0208,0
000130,六の宮の姫君,ろくのみやのひめぎみ,ろくのみやのひめきみ,,,,「表現」1922（大正11）年8月,NDC 913,新字旧仮名,なし,1998-12-02,2014-09-17,http://www.aozora.gr.jp/cards/000879/card130.html,000879,芥川,竜之介,あくたがわ,りゅうのすけ,あくたかわ,りゆうのすけ,Akutagawa,Ryunosuke,著者,1892-03-01,1927-07-24,なし,現代日本文学大系　43　芥川龍之介集,筑摩書房,1968（昭和43）年8月25日,1968（昭和43）年8月25日初版第1刷,,,,,,,,,,,,,j.utiyama,林めぐみ,http://www.aozora.gr.jp/cards/000879/files/130_ruby_825.zip,2004-03-16,ShiftJIS,JIS X 0208,2,http://www.aozora.gr.jp/cards/000879/files/130_15275.html,2004-03-16,ShiftJIS,JIS X 0208,0
000132,路上,ろじょう,ろしよう,,,,「大阪毎日新聞」1919（大正8）年6月30日～8月8日,NDC 913,新字新仮名,なし,1999-03-01,2014-09-17,http://www.aozora.gr.jp/cards/000879/card132.html,000879,芥川,竜之介,あくたがわ,りゅうのすけ,あくたかわ,りゆうのすけ,Akutagawa,Ryunosuke,著者,1892-03-01,1927-07-24,なし,芥川龍之介全集3,ちくま文庫、筑摩書房,1986（昭和61）年12月1日,1996（平成8）年4月1日第8刷,1997（平成9）年4月15日第9刷,筑摩全集類聚版芥川龍之介全集,筑摩書房,1971（昭和46）年3月～1971（昭和46）年11月,,,,,,,,,j.utiyama,かとうかおり,http://www.aozora.gr.jp/cards/000879/files/132_ruby_1577.zip,2004-03-15,ShiftJIS,JIS X 0208,2,http://www.aozora.gr.jp/cards/000879/files/132_15264.html,2004-03-15,ShiftJIS,JIS X 0208,0
000094,LOS CAPRICHOS,ロス　カプリチョス,ろすかふりちよす,,,,「人間」1922（大正11）年1月,NDC 913,新字旧仮名,なし,1999-01-26,2014-09-17,http://www.aozora.gr.jp/cards/000879/card94.html,000879,芥川,竜之介,あくたがわ,りゅうのすけ,あくたかわ,りゆうのすけ,Akutagawa,Ryunosuke,著者,1892-03-01,1927-07-24,なし,芥川龍之介作品集第三巻,昭和出版社,1965（昭和40）年12月20日,1965（昭和40）年12月20日,,,,,,,,,,,,,j.utiyama,かとうかおり,http://www.aozora.gr.jp/cards/000879/files/94_ruby_1357.zip,2004-03-06,ShiftJIS,JIS X 0208,2,http://www.aozora.gr.jp/cards/000879/files/94_15098.html,2004-03-06,ShiftJIS,JIS X 0208,0
024455,露訳短篇集の序,ろやくたんぺんしゅうのじょ,ろやくたんへんしゆうのしよ,,,,,NDC 914,旧字旧仮名,なし,2003-07-24,2014-09-17,http://www.aozora.gr.jp/cards/000879/card24455.html,000879,芥川,竜之介,あくたがわ,りゅうのすけ,あくたかわ,りゆうのすけ,Akutagawa,Ryunosuke,著者,1892-03-01,1927-07-24,なし,芥川龍之介全集　第九巻,岩波書店,1978（昭和53）4月20日,1983（昭和58）年1月20日第2刷,,,,,,,,,,,,,高柳典子,多羅尾伴内,http://www.aozora.gr.jp/cards/000879/files/24455_ruby_11238.zip,2003-06-29,ShiftJIS,JIS X 0208,0,http://www.aozora.gr.jp/cards/000879/files/24455_11250.html,2003-06-29,ShiftJIS,JIS X 0208,0
003812,わが散文詩,わがさんぶんし,わかさんふんし,,,,,NDC 914,新字旧仮名,なし,2007-08-06,2014-09-21,http://www.aozora.gr.jp/cards/000879/card3812.html,000879,芥川,竜之介,あくたがわ,りゅうのすけ,あくたかわ,りゆうのすけ,Akutagawa,Ryunosuke,著者,1892-03-01,1927-07-24,なし,筑摩全集類聚　芥川龍之介全集第四巻,筑摩書房,1971（昭和46）年6月5日,1979（昭和54）年4月10日初版第11刷,,,,,,,,,,,,,土屋隆,松永正敏,http://www.aozora.gr.jp/cards/000879/files/3812_ruby_27268.zip,2007-06-27,ShiftJIS,JIS X 0208,0,http://www.aozora.gr.jp/cards/000879/files/3812_27356.html,2007-06-27,ShiftJIS,JIS X 0208,0
003771,わが俳諧修業,わがはいかいしゅぎょう,わかはいかいしゆきよう,,,,,NDC 901 914,新字旧仮名,なし,2007-05-24,2014-09-21,http://www.aozora.gr.jp/cards/000879/card3771.html,000879,芥川,竜之介,あくたがわ,りゅうのすけ,あくたかわ,りゆうのすけ,Akutagawa,Ryunosuke,著者,1892-03-01,1927-07-24,なし,筑摩全集類聚　芥川龍之介全集第四巻,筑摩書房,1971（昭和46）年6月5日,1979（昭和54）年4月10日初版第11刷,1977（昭和52）年9月30日初版第10刷　,,,,,,,,,,,,土屋隆,浅原庸子,http://www.aozora.gr.jp/cards/000879/files/3771_ruby_26528.zip,2007-04-13,ShiftJIS,JIS X 0208,0,http://www.aozora.gr.jp/cards/000879/files/3771_26611.html,2007-04-13,ShiftJIS,JIS X 0208,0
003798,わが家の古玩,わがやのこがん,わかやのこかん,,,,,NDC 914,新字旧仮名,なし,2007-08-09,2014-09-21,http://www.aozora.gr.jp/cards/000879/card3798.html,000879,芥川,竜之介,あくたがわ,りゅうのすけ,あくたかわ,りゆうのすけ,Akutagawa,Ryunosuke,著者,1892-03-01,1927-07-24,なし,筑摩全集類聚　芥川龍之介全集第四巻,筑摩書房,1971（昭和46）年6月5日,1979（昭和54）年4月10日初版第11刷,,,,,,,,,,,,,土屋隆,松永正敏,http://www.aozora.gr.jp/cards/000879/files/3798_ruby_27269.zip,2007-06-27,ShiftJIS,JIS X 0208,0,http://www.aozora.gr.jp/cards/000879/files/3798_27357.html,2007-06-27,ShiftJIS,JIS X 0208,0
003806,忘れられぬ印象,わすれられぬいんしょう,わすれられぬいんしよう,,,,,NDC 914,新字旧仮名,なし,2007-08-09,2014-09-21,http://www.aozora.gr.jp/cards/000879/card3806.html,000879,芥川,竜之介,あくたがわ,りゅうのすけ,あくたかわ,りゆうのすけ,Akutagawa,Ryunosuke,著者,1892-03-01,1927-07-24,なし,筑摩全集類聚　芥川龍之介全集第四巻,筑摩書房,1971（昭和46）年6月5日,1979（昭和54）年4月10日初版第11刷,,,,,,,,,,,,,土屋隆,松永正敏,http://www.aozora.gr.jp/cards/000879/files/3806_ruby_27270.zip,2007-06-27,ShiftJIS,JIS X 0208,0,http://www.aozora.gr.jp/cards/000879/files/3806_27358.html,2007-06-27,ShiftJIS,JIS X 0208,0
004871,私の好きなロマンス中の女性,わたしのすきなロマンスちゅうのじょせい,わたしのすきなろまんすちゆうのしよせい,,,,「婦人画報　第170号」1920（大正9）年4月1日,NDC 916,新字旧仮名,なし,2006-03-27,2014-09-18,http://www.aozora.gr.jp/cards/000879/card4871.html,000879,芥川,竜之介,あくたがわ,りゅうのすけ,あくたかわ,りゆうのすけ,Akutagawa,Ryunosuke,著者,1892-03-01,1927-07-24,なし,芥川龍之介全集　第一巻,岩波書店,1996（平成8）年4月8日,1996（平成8）年4月8日,1996（平成8）年4月8日,婦人画報　第170号,　,1920（大正9）年4月1日,,,,,,,,,砂場清隆,高柳典子,http://www.aozora.gr.jp/cards/000879/files/4871_txt_20865.zip,2006-02-21,ShiftJIS,JIS X 0208,0,http://www.aozora.gr.jp/cards/000879/files/4871_21840.html,2006-02-21,ShiftJIS,JIS X 0208,0
002259,海潮音,かいちょうおん,かいちようおん,,,,,NDC 908 911 931 941 951 959 971,新字旧仮名,なし,1999-07-01,2014-09-16,http://www.aozora.gr.jp/cards/000235/card2259.html,000235,上田,敏,うえだ,びん,うえた,ひん,Ueda,Bin,著者,1874-10-30,1916-07-09,なし,海潮音　上田敏訳詩集,新潮文庫、新潮社,1952（昭和27）年11月28日、1968（昭和43）年1月15日20刷改版,1977（昭和52）年6月30日第35刷,1988（昭和63）年10月5日第48刷,,,,,,,,,,,,山口美佐,Juki,http://www.aozora.gr.jp/cards/000235/files/2259_ruby_2139.zip,2011-01-22,ShiftJIS,JIS X 0208,5,http://www.aozora.gr.jp/cards/000235/files/2259_34474.html,2011-01-22,ShiftJIS,JIS X 0208,1
051172,海潮音,かいちょうおん,かいちようおん,,,,,NDC 908 911 931 941 951 959 971,旧字旧仮名,なし,2011-02-20,2014-09-16,http://www.aozora.gr.jp/cards/000235/card51172.html,000235,上田,敏,うえだ,びん,うえた,ひん,Ueda,Bin,著者,1874-10-30,1916-07-09,なし,上田敏全訳詩集,岩波書店,1962（昭和37）年12月16日,1979（昭和54）年10月10日第19刷,1990（平成2）年 5月15日第27刷,,,,,,,,,,,,阿部哲也,川山隆,http://www.aozora.gr.jp/cards/000235/files/51172_ruby_41560.zip,2011-02-20,ShiftJIS,JIS X 0208,0,http://www.aozora.gr.jp/cards/000235/files/51172_42028.html,2011-02-20,ShiftJIS,JIS X 0208,0
055232,さかほがひ,さかほがい,さかほかい,,,,,NDC 911,旧字旧仮名,なし,2013-04-01,2014-09-16,http://www.aozora.gr.jp/cards/000235/card55232.html,000235,上田,敏,うえだ,びん,うえた,ひん,Ueda,Bin,著者,1874-10-30,1916-07-09,なし,上田敏詩集,玄文社詩歌部,1923（大正12）年1月10日,1923（大正12）年1月10日,1923（大正12）年1月10日,,,,,,,,,,,,川山隆,岡村和彦,http://www.aozora.gr.jp/cards/000235/files/55232_ruby_49358.zip,2013-01-22,ShiftJIS,JIS X 0208,0,http://www.aozora.gr.jp/cards/000235/files/55232_50054.html,2013-01-22,ShiftJIS,JIS X 0208,0
013202,『新訳源氏物語』初版の序,『しんやくげんじものがたり』しょはんのじょ,しんやくけんしものかたりしよはんのしよ,,,,,NDC 914,新字新仮名,なし,2005-03-17,2014-09-18,http://www.aozora.gr.jp/cards/000235/card13202.html,000235,上田,敏,うえだ,びん,うえた,ひん,Ueda,Bin,著者,1874-10-30,1916-07-09,なし,源氏物語上巻　日本文学全集1,河出書房新社,1965（昭和40）年6月3日,1971（昭和46）年7月15日24版,,,,,,,,,,,,,めいこ,もりみつじゅんじ,http://www.aozora.gr.jp/cards/000235/files/13202_ruby_9290.zip,2005-02-19,ShiftJIS,JIS X 0208,0,http://www.aozora.gr.jp/cards/000235/files/13202_17874.html,2005-02-19,ShiftJIS,JIS X 0208,0
002412,月,つき,つき,,,,,NDC 914,新字旧仮名,なし,2006-11-10,2014-09-18,http://www.aozora.gr.jp/cards/000235/card2412.html,000235,上田,敏,うえだ,びん,うえた,ひん,Ueda,Bin,著者,1874-10-30,1916-07-09,なし,日本の名随筆58　月,作品社,1987（昭和62）年8月25日,1987（昭和62）年8月25日第1刷,1999（平成11）年4月30日第10刷,定本　上田敏全集　第六巻,教育出版センター,1980（昭和55）年5月,,,,,,,,,土屋隆,門田裕志,http://www.aozora.gr.jp/cards/000235/files/2412_txt_24156.zip,2006-09-21,ShiftJIS,JIS X 0208,0,http://www.aozora.gr.jp/cards/000235/files/2412_24396.html,2006-09-21,ShiftJIS,JIS X 0208,0
051173,牧羊神,ぼくようしん,ほくようしん,,,,「牧羊神」金尾文淵堂、1920（大正9）年10月5日,NDC 908 911 951,旧字旧仮名,なし,2011-02-20,2014-09-21,http://www.aozora.gr.jp/cards/000235/card51173.html,000235,上田,敏,うえだ,びん,うえた,ひん,Ueda,Bin,著者,1874-10-30,1916-07-09,なし,明治文學全集　31　上田敏集,筑摩書房,1966（昭和41）年4月10日,1983（昭和58）年10月1日初版第4刷,1983（昭和58）年10月1日初版第4刷,牧羊神,金尾文淵堂,1920（大正9）年10月5日,,,,,,,,,阿部哲也,川山隆,http://www.aozora.gr.jp/cards/000235/files/51173_ruby_41630.zip,2011-01-09,ShiftJIS,JIS X 0208,0,http://www.aozora.gr.jp/cards/000235/files/51173_42027.html,2011-01-09,ShiftJIS,JIS X 0208,0
055233,まちむすめ,まちむすめ,まちむすめ,,,,,NDC 911,旧字旧仮名,なし,2013-04-01,2014-09-16,http://www.aozora.gr.jp/cards/000235/card55233.html,000235,上田,敏,うえだ,びん,うえた,ひん,Ueda,Bin,著者,1874-10-30,1916-07-09,なし,上田敏詩集,玄文社詩歌部,1923（大正12）年1月10日,1923（大正12）年1月10日,1923（大正12）年1月10日　,,,,,,,,,,,,川山隆,岡村和彦,http://www.aozora.gr.jp/cards/000235/files/55233_ruby_49359.zip,2013-01-22,ShiftJIS,JIS X 0208,0,http://www.aozora.gr.jp/cards/000235/files/55233_50055.html,2013-01-22,ShiftJIS,JIS X 0208,0
057105,赤いカブトムシ,あかいカブトムシ,あかいかふとむし,,,,「たのしい三年生」講談社、1958（昭和33）年4月～1959（昭和34）年3月,NDC K913,新字新仮名,なし,2016-09-30,2016-09-06,http://www.aozora.gr.jp/cards/001779/card57105.html,001779,江戸川,乱歩,えどがわ,らんぽ,えとかわ,らんほ,Edogawa,Ranpo,著者,1894-10-21,1965-07-28,なし,新宝島,江戸川乱歩推理文庫、講談社,1988（昭和63）年11月8日,1988（昭和63）年11月8日第1版,1988（昭和63）年11月8日第1版,,,,,,,,,,,,sogo,岡村和彦,http://www.aozora.gr.jp/cards/001779/files/57105_ruby_59617.zip,2016-06-10,ShiftJIS,JIS X 0208,0,http://www.aozora.gr.jp/cards/001779/files/57105_59659.html,2016-06-10,ShiftJIS,JIS X 0208,0
057181,赤い部屋,あかいへや,あかいへや,,,,「新青年」博文館、1925（大正14）年4月,NDC 913,新字新仮名,なし,2016-08-28,2016-06-10,http://www.aozora.gr.jp/cards/001779/card57181.html,001779,江戸川,乱歩,えどがわ,らんぽ,えとかわ,らんほ,Edogawa,Ranpo,著者,1894-10-21,1965-07-28,なし,江戸川乱歩全集　第1巻　屋根裏の散歩者,光文社文庫、光文社,2004（平成16）年7月20日,2012（平成24）年8月15日7刷,2004（平成16）年7月20日初版1刷,江戸川乱歩全集　第七巻,平凡社,1931（昭和6）年12月,,,,,,,,,門田裕志,岡村和彦,http://www.aozora.gr.jp/cards/001779/files/57181_ruby_59529.zip,2016-06-10,ShiftJIS,JIS X 0208,0,http://www.aozora.gr.jp/cards/001779/files/57181_59566.html,2016-06-10,ShiftJIS,JIS X 0208,0
057240,悪魔の紋章,あくまのもんしょう,あくまのもんしよう,,,,「日の出」新潮社、1937（昭和12）年10月～1938（昭和13）年10月,NDC 913,新字新仮名,なし,2017-03-31,2017-01-12,http://www.aozora.gr.jp/cards/001779/card57240.html,001779,江戸川,乱歩,えどがわ,らんぽ,えとかわ,らんほ,Edogawa,Ranpo,著者,1894-10-21,1965-07-28,なし,江戸川乱歩全集　第12巻　悪魔の紋章,光文社文庫、光文社,2003（平成15）年12月20日,2003（平成15）年12月20日初版1刷,2003（平成15）年12月20日初版1刷,江戸川乱歩選集　第二巻,新潮社,1938（昭和13）年10月,,,,,,,,,門田裕志,北川松生,http://www.aozora.gr.jp/cards/001779/files/57240_ruby_60876.zip,2017-01-12,ShiftJIS,JIS X 0208,0,http://www.aozora.gr.jp/cards/001779/files/57240_60918.html,2017-01-12,ShiftJIS,JIS X 0208,0
057182,一枚の切符,いちまいのきっぷ,いちまいのきつふ,,,,「新青年」博文館、1923（大正12）年7月,NDC 913,新字新仮名,なし,2016-10-31,2016-09-09,http://www.aozora.gr.jp/cards/001779/card57182.html,001779,江戸川,乱歩,えどがわ,らんぽ,えとかわ,らんほ,Edogawa,Ranpo,著者,1894-10-21,1965-07-28,なし,江戸川乱歩全集　第1巻　屋根裏の散歩者,光文社文庫、光文社,2004（平成16）年7月20日,2012（平成24）年8月15日7刷,2004（平成16）年7月20日初版1刷,江戸川乱歩全集　第二巻,平凡社,1931（昭和6）年10月,,,,,,,,,門田裕志,岡村和彦,http://www.aozora.gr.jp/cards/001779/files/57182_ruby_60006.zip,2016-09-09,ShiftJIS,JIS X 0208,0,http://www.aozora.gr.jp/cards/001779/files/57182_60051.html,2016-09-09,ShiftJIS,JIS X 0208,0
056674,宇宙怪人,うちゅうかいじん,うちゆうかいしん,,,,「少年」光文社、1953（昭和28）年1月号～12月号,NDC K913,新字新仮名,なし,2017-06-16,2017-04-03,http://www.aozora.gr.jp/cards/001779/card56674.html,001779,江戸川,乱歩,えどがわ,らんぽ,えとかわ,らんほ,Edogawa,Ranpo,著者,1894-10-21,1965-07-28,なし,怪奇四十面相／宇宙怪人,江戸川乱歩推理文庫、講談社,1988（昭和63）年1月8日,1988（昭和63）年1月8日第1刷,1988（昭和63）年1月8日第1刷,,,,,,,,,,,,sogo,大久保ゆう,http://www.aozora.gr.jp/cards/001779/files/56674_ruby_61552.zip,2017-04-03,ShiftJIS,JIS X 0208,0,http://www.aozora.gr.jp/cards/001779/files/56674_61591.html,2017-04-03,ShiftJIS,JIS X 0208,0
056678,黄金豹,おうごんひょう,おうこんひよう,,,,「少年クラブ」大日本雄辯會講談社、1956（昭和31）年1月号～12月号,NDC K913,新字新仮名,なし,2017-08-10,2017-07-23,http://www.aozora.gr.jp/cards/001779/card56678.html,001779,江戸川,乱歩,えどがわ,らんぽ,えとかわ,らんほ,Edogawa,Ranpo,著者,1894-10-21,1965-07-28,なし,黄金豹／妖人ゴング,江戸川乱歩推理文庫、講談社,1988（昭和63）年4月8日,1988（昭和63）年4月8日第1刷,1988（昭和63）年4月8日第1刷,,,,,,,,,,,,sogo,茅宮君子,http://www.aozora.gr.jp/cards/001779/files/56678_ruby_62113.zip,2017-07-23,ShiftJIS,JIS X 0208,0,http://www.aozora.gr.jp/cards/001779/files/56678_62114.html,2017-07-23,ShiftJIS,JIS X 0208,0
056645,押絵と旅する男,おしえとたびするおとこ,おしえとたひするおとこ,,,,「新青年」博文館、1929（昭和4）年6月,NDC 913,新字新仮名,なし,2016-02-01,2016-01-01,http://www.aozora.gr.jp/cards/001779/card56645.html,001779,江戸川,乱歩,えどがわ,らんぽ,えとかわ,らんほ,Edogawa,Ranpo,著者,1894-10-21,1965-07-28,なし,江戸川乱歩全集　第5巻　押絵と旅する男,光文社文庫、光文社,2005（平成17）年1月20日,2005（平成17）年1月20日初版1刷,2013（平成25）年5月5日3刷,江戸川乱歩全集　第三巻,平凡社,1932（昭和7）年1月,,,,,,,,,砂場清隆,門田裕志,http://www.aozora.gr.jp/cards/001779/files/56645_ruby_58194.zip,2016-01-01,ShiftJIS,JIS X 0208,0,http://www.aozora.gr.jp/cards/001779/files/56645_58203.html,2016-01-01,ShiftJIS,JIS X 0208,0
057504,お勢登場,おせいとうじょう,おせいとうしよう,,,,「大衆文藝」1926（大正15）年7月,NDC 913,新字新仮名,なし,2017-09-01,2017-08-25,http://www.aozora.gr.jp/cards/001779/card57504.html,001779,江戸川,乱歩,えどがわ,らんぽ,えとかわ,らんほ,Edogawa,Ranpo,著者,1894-10-21,1965-07-28,なし,江戸川乱歩全集　第3巻　陰獣,光文社文庫、光文社,2005（平成17）年11月20日,2005（平成17）年11月20日初版1刷,2009（平成21）年7月20日2刷,創作探偵小説集第四巻　湖畔亭事件,春陽堂,1926（大正15）年9月,,,,,,,,,金城学院大学　電子書籍制作,門田裕志,http://www.aozora.gr.jp/cards/001779/files/57504_ruby_62502.zip,2017-08-25,ShiftJIS,JIS X 0208,0,http://www.aozora.gr.jp/cards/001779/files/57504_62544.html,2017-08-25,ShiftJIS,JIS X 0208,0
057183,恐ろしき錯誤,おそろしきさくご,おそろしきさくこ,,,,「新青年」博文館、1923（大正12）年11月,NDC 913,新字新仮名,なし,2016-10-31,2016-09-09,http://www.aozora.gr.jp/cards/001779/card57183.html,001779,江戸川,乱歩,えどがわ,らんぽ,えとかわ,らんほ,Edogawa,Ranpo,著者,1894-10-21,1965-07-28,なし,江戸川乱歩全集　第1巻　屋根裏の散歩者,光文社文庫、光文社,2004（平成16）年7月20日,2012（平成24）年8月15日7刷,2004（平成16）年7月20日初版1刷,江戸川乱歩全集　第八巻,平凡社,1931（昭和6）年5月,,,,,,,,,門田裕志,岡村和彦,http://www.aozora.gr.jp/cards/001779/files/57183_ruby_60007.zip,2016-09-09,ShiftJIS,JIS X 0208,0,http://www.aozora.gr.jp/cards/001779/files/57183_60052.html,2016-09-09,ShiftJIS,JIS X 0208,0
057505,踊る一寸法師,おどるいっすんぼうし,おとるいつすんほうし,,,,「新青年」博文館、1926（大正15）年1月,NDC 913,新字新仮名,なし,2017-04-29,2017-04-18,http://www.aozora.gr.jp/cards/001779/card57505.html,001779,江戸川,乱歩,えどがわ,らんぽ,えとかわ,らんほ,Edogawa,Ranpo,著者,1894-10-21,1965-07-28,なし,江戸川乱歩全集　第3巻　陰獣,光文社文庫、光文社,2005（平成17）年11月20日,2005（平成17）年11月20日初版1刷,2009（平成21）年7月20日2刷,創作探偵小説集第二巻　屋根裏の散歩者,春陽堂,1926（大正15）年1月,,,,,,,,,金城学院大学　電子書籍制作,門田裕志,http://www.aozora.gr.jp/cards/001779/files/57505_ruby_61213.zip,2017-04-04,ShiftJIS,JIS X 0208,0,http://www.aozora.gr.jp/cards/001779/files/57505_61256.html,2017-04-04,ShiftJIS,JIS X 0208,0
056673,怪奇四十面相,かいきよんじゅうめんそう,かいきよんしゆうめんそう,,,,「少年」光文社、1952（昭和27）年1月号～12月号,NDC K913,新字新仮名,なし,2016-05-13,2016-03-04,http://www.aozora.gr.jp/cards/001779/card56673.html,001779,江戸川,乱歩,えどがわ,らんぽ,えとかわ,らんほ,Edogawa,Ranpo,著者,1894-10-21,1965-07-28,なし,怪奇四十面相／宇宙怪人,江戸川乱歩推理文庫、講談社,1988（昭和63）年1月8日,1988（昭和63）年1月8日第1刷,1988（昭和63）年1月8日第1刷,,,,,,,,,,,,sogo,岡山勝美,http://www.aozora.gr.jp/cards/001779/files/56673_ruby_58784.zip,2016-03-04,ShiftJIS,JIS X 0208,0,http://www.aozora.gr.jp/cards/001779/files/56673_58827.html,2016-03-04,ShiftJIS,JIS X 0208,0
057225,怪人と少年探偵,かいじんとしょうねんたんてい,かいしんとしようねんたんてい,,,,「こども家の光」家の光協会、1960（昭和35）年9月～1961（昭和36）年9月,NDC K913,新字新仮名,なし,2016-06-30,2016-03-04,http://www.aozora.gr.jp/cards/001779/card57225.html,001779,江戸川,乱歩,えどがわ,らんぽ,えとかわ,らんほ,Edogawa,Ranpo,著者,1894-10-21,1965-07-28,なし,江戸川乱歩全集　第23巻　怪人と少年探偵,光文社文庫、光文社,2005（平成17）年7月20日,2005（平成17）年7月20日初版1刷,2005（平成17）年7月20日初版1刷,こども家の光,家の光協会,1960（昭和35）年9月～1961（昭和36）年9月,,,,,,,,,sogo,北川松生,http://www.aozora.gr.jp/cards/001779/files/57225_ruby_58894.zip,2016-03-04,ShiftJIS,JIS X 0208,0,http://www.aozora.gr.jp/cards/001779/files/57225_58936.html,2016-03-04,ShiftJIS,JIS X 0208,0
057228,怪人二十面相,かいじんにじゅうめんそう,かいしんにしゆうめんそう,,,,「少年倶楽部」大日本雄辯會講談社、1936（昭和11）年1月号～12月号,NDC K913,新字新仮名,なし,2016-04-04,2016-04-04,http://www.aozora.gr.jp/cards/001779/card57228.html,001779,江戸川,乱歩,えどがわ,らんぽ,えとかわ,らんほ,Edogawa,Ranpo,著者,1894-10-21,1965-07-28,なし,怪人二十面相／少年探偵団,江戸川乱歩推理文庫、講談社,1987（昭和62）年9月25日,1987（昭和62）年9月25日第1刷,1987（昭和62）年9月25日第1刷,,,,,,,,,,,,sogo,大久保ゆう,http://www.aozora.gr.jp/cards/001779/files/57228_ruby_58697.zip,2016-03-04,ShiftJIS,JIS X 0208,0,http://www.aozora.gr.jp/cards/001779/files/57228_58735.html,2016-03-04,ShiftJIS,JIS X 0208,0
057227,かいじん二十めんそう,かいじんにじゅうめんそう,かいしんにしゆうめんそう,,,,「たのしい二年生」講談社、1959（昭和34）年10月～1960（昭和35）年3月,NDC K913,新字新仮名,なし,2016-05-31,2016-03-04,http://www.aozora.gr.jp/cards/001779/card57227.html,001779,江戸川,乱歩,えどがわ,らんぽ,えとかわ,らんほ,Edogawa,Ranpo,著者,1894-10-21,1965-07-28,なし,江戸川乱歩全集　第21巻　ふしぎな人,光文社文庫、光文社,2005（平成17）年3月20日,2005（平成17）年3月20日初版1刷,2005（平成17）年3月20日初版1刷,たのしい二年生,講談社,1959（昭和34）年10月～1960（昭和35）年3月,,,,,,,,,sogo,北川松生,http://www.aozora.gr.jp/cards/001779/files/57227_ruby_58809.zip,2016-03-04,ShiftJIS,JIS X 0208,0,http://www.aozora.gr.jp/cards/001779/files/57227_58852.html,2016-03-04,ShiftJIS,JIS X 0208,0
057226,かいじん二十めんそう,かいじんにじゅうめんそう,かいしんにしゆうめんそう,,,,「たのしい一年生」講談社、1959（昭和34）年11月～1960（昭和35）年3月<br>「たのしい二年生」講談社、1960（昭和35）年4月～1960（昭和35）年12月,NDC K913,新字新仮名,なし,2016-06-09,2016-03-04,http://www.aozora.gr.jp/cards/001779/card57226.html,001779,江戸川,乱歩,えどがわ,らんぽ,えとかわ,らんほ,Edogawa,Ranpo,著者,1894-10-21,1965-07-28,なし,江戸川乱歩全集　第21巻　ふしぎな人,光文社文庫、光文社,2005（平成17）年3月20日,2005（平成17）年3月20日初版1刷,2005（平成17）年3月20日初版1刷,たのしい一年生,講談社,1959（昭和34）年11月～1960（昭和35）年3月,,,,,,たのしい二年生,講談社,1960（昭和35）年4月～1960（昭和35）年12月,sogo,北川松生,http://www.aozora.gr.jp/cards/001779/files/57226_ruby_58864.zip,2016-03-04,ShiftJIS,JIS X 0208,0,http://www.aozora.gr.jp/cards/001779/files/57226_58906.html,2016-03-04,ShiftJIS,JIS X 0208,0
056677,海底の魔術師,かいていのまじゅつし,かいていのましゆつし,,,,「少年」1955（昭和30）年1月号～12月号,NDC K913,新字新仮名,なし,2016-12-24,2016-09-09,http://www.aozora.gr.jp/cards/001779/card56677.html,001779,江戸川,乱歩,えどがわ,らんぽ,えとかわ,らんほ,Edogawa,Ranpo,著者,1894-10-21,1965-07-28,なし,鉄塔の怪人／海底の魔術師,江戸川乱歩推理文庫、講談社,1988（昭和63）年2月8日,1988（昭和63）年2月8日第1刷,1988（昭和63）年2月8日第1刷,,,,,,,,,,,,sogo,大久保ゆう,http://www.aozora.gr.jp/cards/001779/files/56677_ruby_60183.zip,2016-09-09,ShiftJIS,JIS X 0208,0,http://www.aozora.gr.jp/cards/001779/files/56677_60227.html,2016-09-09,ShiftJIS,JIS X 0208,0
057343,鏡地獄,かがみじごく,かかみしこく,,,,「大衆文芸」1926（大正15）年10月,NDC 913,新字新仮名,なし,2016-10-10,2016-09-09,http://www.aozora.gr.jp/cards/001779/card57343.html,001779,江戸川,乱歩,えどがわ,らんぽ,えとかわ,らんほ,Edogawa,Ranpo,著者,1894-10-21,1965-07-28,なし,江戸川乱歩傑作選,新潮文庫、新潮社,1960（昭和35）年12月24日,2013（平成25）年6月10日99刷,2012（平成24）年6月10日98刷,,,,,,,,,,,,isizuka,岡村和彦,http://www.aozora.gr.jp/cards/001779/files/57343_ruby_59977.zip,2016-09-09,ShiftJIS,JIS X 0208,0,http://www.aozora.gr.jp/cards/001779/files/57343_60022.html,2016-09-09,ShiftJIS,JIS X 0208,0
057506,火星の運河,かせいのうんが,かせいのうんか,,,,「新青年」博文館、1926（大正15）年4月,NDC 913,新字新仮名,なし,2017-04-29,2017-03-11,http://www.aozora.gr.jp/cards/001779/card57506.html,001779,江戸川,乱歩,えどがわ,らんぽ,えとかわ,らんほ,Edogawa,Ranpo,著者,1894-10-21,1965-07-28,なし,江戸川乱歩全集　第3巻　陰獣,光文社文庫、光文社,2005（平成17）年11月20日,2005（平成17）年11月20日初版1刷,2009（平成21）年7月20日2刷,創作探偵小説集第四巻　湖畔亭事件,春陽堂,1926（大正15）年9月,,,,,,,,,金城学院大学　電子書籍制作,門田裕志,http://www.aozora.gr.jp/cards/001779/files/57506_ruby_61212.zip,2017-03-11,ShiftJIS,JIS X 0208,0,http://www.aozora.gr.jp/cards/001779/files/57506_61255.html,2017-03-11,ShiftJIS,JIS X 0208,0
057185,黒手組,くろてぐみ,くろてくみ,,,,「新青年」博文館、1925（大正14）年3月,NDC 913,新字新仮名,なし,2016-11-10,2016-11-12,http://www.aozora.gr.jp/cards/001779/card57185.html,001779,江戸川,乱歩,えどがわ,らんぽ,えとかわ,らんほ,Edogawa,Ranpo,著者,1894-10-21,1965-07-28,なし,江戸川乱歩全集　第1巻　屋根裏の散歩者,光文社文庫、光文社,2004（平成16）年7月20日,2012（平成24）年8月15日7刷,2004（平成16）年7月20日初版1刷,江戸川乱歩全集　第四巻,平凡社,1931（昭和6）年8月,,,,,,,,,門田裕志,岡村和彦,http://www.aozora.gr.jp/cards/001779/files/57185_ruby_60071.zip,2016-11-10,ShiftJIS,JIS X 0208,1,http://www.aozora.gr.jp/cards/001779/files/57185_60117.html,2016-11-10,ShiftJIS,JIS X 0208,1
057405,黒蜥蜴,くろとかげ,くろとかけ,,,,「日の出　第三巻第一号―第十二号」1934（昭和9）年1月号～12月号,NDC 913,新字新仮名,なし,2016-10-21,2016-09-21,http://www.aozora.gr.jp/cards/001779/card57405.html,001779,江戸川,乱歩,えどがわ,らんぽ,えとかわ,らんほ,Edogawa,Ranpo,著者,1894-10-21,1965-07-28,なし,黒蜥蜴,江戸川乱歩推理文庫、講談社,1987（昭和62）年9月25日,1987（昭和62）年9月25日第1刷,1987（昭和62）年9月25日第1刷,,,,,,,,,,,,sogo,大久保ゆう,http://www.aozora.gr.jp/cards/001779/files/57405_ruby_59991.zip,2016-09-21,ShiftJIS,JIS X 0208,0,http://www.aozora.gr.jp/cards/001779/files/57405_60036.html,2016-09-21,ShiftJIS,JIS X 0208,0
057508,五階の窓,ごかいのまど,こかいのまと,01 合作の一（発端）,01 がっさくのいち（ほったん）,,「新青年」博文館、1926（大正15）年5月,NDC 913,新字新仮名,なし,2017-09-01,2017-08-25,http://www.aozora.gr.jp/cards/001779/card57508.html,001779,江戸川,乱歩,えどがわ,らんぽ,えとかわ,らんほ,Edogawa,Ranpo,著者,1894-10-21,1965-07-28,なし,江戸川乱歩全集　第3巻　陰獣,光文社文庫、光文社,2005（平成17）年11月20日,2005（平成17）年11月20日初版1刷,2009（平成21）年7月20日2刷,江戸川乱歩全集　第六巻,平凡社,1931（昭和6）年11月,,,,,,,,,金城学院大学　電子書籍制作,門田裕志,http://www.aozora.gr.jp/cards/001779/files/57508_ruby_62501.zip,2017-08-25,ShiftJIS,JIS X 0208,0,http://www.aozora.gr.jp/cards/001779/files/57508_62543.html,2017-08-25,ShiftJIS,JIS X 0208,0
058039,湖畔亭事件,こはんていじけん,こはんていしけん,,,,「サンデー毎日」大阪毎日新聞社、1926（大正15）年1月3日～5月2日,NDC 913,新字新仮名,なし,2017-06-03,2017-05-17,http://www.aozora.gr.jp/cards/001779/card58039.html,001779,江戸川,乱歩,えどがわ,らんぽ,えとかわ,らんほ,Edogawa,Ranpo,著者,1894-10-21,1965-07-28,なし,江戸川乱歩全集　第2巻　パノラマ島綺譚,光文社文庫、光文社,2004（平成16）年8月20日,2004（平成16）年8月20日初版1刷,2004（平成16）年8月20日初版1刷,創作探偵小説集第四巻『湖畔亭事件』,春陽堂,1926（大正15）年9月,,,,,,,,,nami,北川松生,http://www.aozora.gr.jp/cards/001779/files/58039_ruby_61534.zip,2017-05-14,ShiftJIS,JIS X 0208,0,http://www.aozora.gr.jp/cards/001779/files/58039_61573.html,2017-05-14,ShiftJIS,JIS X 0208,0
056680,サーカスの怪人,サーカスのかいじん,さあかすのかいしん,,,,「少年クラブ」大日本雄辯會講談社、1957（昭和32）年1月号～12月号,,新字新仮名,なし,2017-10-13,2017-09-24,http://www.aozora.gr.jp/cards/001779/card56680.html,001779,江戸川,乱歩,えどがわ,らんぽ,えとかわ,らんほ,Edogawa,Ranpo,著者,1894-10-21,1965-07-28,なし,魔法人形／サーカスの怪人,江戸川乱歩推理文庫、講談社,1988（昭和63）年5月6日,1988（昭和63）年5月6日第1刷,1988（昭和63）年5月6日第1刷,,,,,,,,,,,,sogo,茅宮君子,http://www.aozora.gr.jp/cards/001779/files/56680_ruby_62768.zip,2017-09-24,ShiftJIS,JIS X 0208,0,http://www.aozora.gr.jp/cards/001779/files/56680_62855.html,2017-09-24,ShiftJIS,JIS X 0208,0
056669,少年探偵団,しょうねんたんていだん,しようねんたんていたん,,,,「少年倶楽部」大日本雄辯會講談社、1937（昭和12）年1月号～12月号,NDC K913,新字新仮名,なし,2016-04-23,2016-03-04,http://www.aozora.gr.jp/cards/001779/card56669.html,001779,江戸川,乱歩,えどがわ,らんぽ,えとかわ,らんほ,Edogawa,Ranpo,著者,1894-10-21,1965-07-28,なし,怪人二十面相／少年探偵団,江戸川乱歩推理文庫、講談社,1987（昭和62）年9月25日,1987（昭和62）年9月25日第1刷,1987（昭和62）年9月25日第1刷,,,,,,,,,,,,sogo,大久保ゆう,http://www.aozora.gr.jp/cards/001779/files/56669_ruby_58718.zip,2016-03-04,ShiftJIS,JIS X 0208,0,http://www.aozora.gr.jp/cards/001779/files/56669_58756.html,2016-03-04,ShiftJIS,JIS X 0208,0
056646,心理試験,しんりしけん,しんりしけん,,,,「新青年」博文館、1925（大正14）年2月,NDC 913,新字新仮名,なし,2016-03-06,2016-01-01,http://www.aozora.gr.jp/cards/001779/card56646.html,001779,江戸川,乱歩,えどがわ,らんぽ,えとかわ,らんほ,Edogawa,Ranpo,著者,1894-10-21,1965-07-28,なし,江戸川乱歩全集　第1巻　屋根裏の散歩者,光文社文庫、光文社,2004（平成16）年7月20日,2004（平成16）年7月20日初版1刷,2004（平成16）年7月20日初版1刷,江戸川乱歩全集　第八巻,平凡社,1931（昭和6）年5月,,,,,,,,,砂場清隆,湖山ルル,http://www.aozora.gr.jp/cards/001779/files/56646_ruby_58227.zip,2016-01-01,ShiftJIS,JIS X 0208,0,http://www.aozora.gr.jp/cards/001779/files/56646_58241.html,2016-01-01,ShiftJIS,JIS X 0208,0
054836,随筆銭形平次,ずいひつぜにがたへいじ,すいひつせにかたへいし,19 探偵小説このごろ,19 たんていしょうせつこのごろ,,「毎日グラフ」1950（昭和25）年4月10日,NDC 914,新字新仮名,なし,2016-02-02,2016-01-01,http://www.aozora.gr.jp/cards/001670/card54836.html,001779,江戸川,乱歩,えどがわ,らんぽ,えとかわ,らんほ,Edogawa,Ranpo,著者,1894-10-21,1965-07-28,なし,野村胡堂探偵小説全集,作品社,2007（平成19）年4月15日,2007（平成19）年4月15日第1刷,2007（平成19）年4月15日第1刷,毎日グラフ, ,1950（昭和25）年4月10日,,,,,,,,,ばっちゃん,阿部哲也,http://www.aozora.gr.jp/cards/001670/files/54836_ruby_58195.zip,2016-01-01,ShiftJIS,JIS X 0208,0,http://www.aozora.gr.jp/cards/001670/files/54836_58204.html,2016-01-01,ShiftJIS,JIS X 0208,0
056671,青銅の魔人,せいどうのまじん,せいとうのましん,,,,「少年」光文社、1949（昭和24）年1月号～12月号,NDC K913,新字新仮名,なし,2016-09-14,2016-09-02,http://www.aozora.gr.jp/cards/001779/card56671.html,001779,江戸川,乱歩,えどがわ,らんぽ,えとかわ,らんほ,Edogawa,Ranpo,著者,1894-10-21,1965-07-28,なし,妖怪博士／青銅の魔人,江戸川乱歩推理文庫、講談社,1987（昭和62）年11月6日,1987（昭和62）年11月6日第1刷,1987（昭和62）年11月6日第1刷,,,,,,,,,,,,sogo,岡村和彦,http://www.aozora.gr.jp/cards/001779/files/56671_ruby_59594.zip,2016-09-02,ShiftJIS,JIS X 0208,0,http://www.aozora.gr.jp/cards/001779/files/56671_59636.html,2016-09-02,ShiftJIS,JIS X 0208,0
057186,接吻,せっぷん,せつふん,,,,「映画と探偵」映画と探偵社、1925（大正14）年12月,NDC 913,新字新仮名,なし,2016-12-08,2016-09-09,http://www.aozora.gr.jp/cards/001779/card57186.html,001779,江戸川,乱歩,えどがわ,らんぽ,えとかわ,らんほ,Edogawa,Ranpo,著者,1894-10-21,1965-07-28,なし,江戸川乱歩全集　第1巻　屋根裏の散歩者,光文社文庫、光文社,2004（平成16）年7月20日,2012（平成24）年8月15日7刷,2004（平成16）年7月20日初版1刷,江戸川乱歩全集　第十巻,平凡社,1931（昭和6）年9月,,,,,,,,,門田裕志,A.K.,http://www.aozora.gr.jp/cards/001779/files/57186_ruby_60160.zip,2016-09-09,ShiftJIS,JIS X 0208,0,http://www.aozora.gr.jp/cards/001779/files/57186_60204.html,2016-09-09,ShiftJIS,JIS X 0208,0
057187,双生児,そうせいじ,そうせいし,――ある死刑囚が教誨師にうちあけた話――,――あるしけいしゅうがきょうかいしにうちあけたはなし――,,「新青年」博文館、1924（大正13）年10月,NDC 913,新字新仮名,なし,2016-12-08,2016-09-09,http://www.aozora.gr.jp/cards/001779/card57187.html,001779,江戸川,乱歩,えどがわ,らんぽ,えとかわ,らんほ,Edogawa,Ranpo,著者,1894-10-21,1965-07-28,なし,江戸川乱歩全集　第1巻　屋根裏の散歩者,光文社文庫、光文社,2004（平成16）年7月20日,2012（平成24）年8月15日7刷,2004（平成16）年7月20日初版1刷,江戸川乱歩全集　第九巻,平凡社,1932（昭和7）年3月,,,,,,,,,門田裕志,A.K.,http://www.aozora.gr.jp/cards/001779/files/57187_ruby_60161.zip,2016-09-09,ShiftJIS,JIS X 0208,0,http://www.aozora.gr.jp/cards/001779/files/57187_60205.html,2016-09-09,ShiftJIS,JIS X 0208,0
057188,算盤が恋を語る話,そろばんがこいをかたるはなし,そろはんかこいをかたるはなし,,,,「写真報知」報知新聞社、1925（大正14）年3月15日,NDC 913,新字新仮名,なし,2016-07-28,2016-06-10,http://www.aozora.gr.jp/cards/001779/card57188.html,001779,江戸川,乱歩,えどがわ,らんぽ,えとかわ,らんほ,Edogawa,Ranpo,著者,1894-10-21,1965-07-28,なし,江戸川乱歩全集　第1巻　屋根裏の散歩者,光文社文庫、光文社,2004（平成16）年7月20日,2012（平成24）年8月15日7刷,2004（平成16）年7月20日初版1刷,江戸川乱歩全集　第十巻,平凡社,1931（昭和6）年9月,,,,,,,,,門田裕志,A.K.,http://www.aozora.gr.jp/cards/001779/files/57188_ruby_59453.zip,2016-06-10,ShiftJIS,JIS X 0208,0,http://www.aozora.gr.jp/cards/001779/files/57188_59493.html,2016-06-10,ShiftJIS,JIS X 0208,0
057502,探偵小説の「謎」,たんていしょうせつのなぞ,たんていしようせつのなそ,,,,１　奇矯な着想「オール読物」文藝春秋、1954（昭和29）年10月号<br>２　意外な犯人「週刊朝日　推理小説特集号」朝日新聞社、1955（昭和30）年10月10日<br>３　兇器としての氷「犯罪学雑誌」日本犯罪学会、1952（昭和27）年3月復刊号<br>４　異様な兇器「読切小説集」テラス社、1953（昭和28）年11月増刊<br>６　隠し方のトリック「探偵倶楽部」共栄社、1953（昭和28）年8月号<br>７　プロバビリティーの犯罪「犯罪学雑誌」日本犯罪学会、1954（昭和29）年2月号<br>８　顔のない死体「探偵倶楽部」共栄社、1952（昭和27）年5月号<br>９　変身願望「探偵倶楽部」共栄社、1953（昭和28）年2月特大号<br>10　異様な犯罪動機「宝石」岩谷書店、1950（昭和25）年8―11月号<br>11　探偵小説に現われた犯罪心理「文化人の科学」、1947（昭和22）年3月号<br>12　暗号記法の種類「宝石」、1953（昭和28）年9・10月号「類別トリック集成」の一部<br>13　魔術と探偵小説「新青年」、1946（昭和21）年10月号<br>14　明治の指紋小説「宝石」、1950（昭和25）年12月号<br>15　原始法医学書と探偵小説「自警」、1951（昭和26）年9月号<br>16　スリルの説「ぷろふいる」、1935（昭和10）年12月号<br>「類別トリック集成」目次「続幻影城」早川書房、1954（昭和29）年6月,NDC 901,新字新仮名,なし,2017-07-28,2017-07-17,http://www.aozora.gr.jp/cards/001779/card57502.html,001779,江戸川,乱歩,えどがわ,らんぽ,えとかわ,らんほ,Edogawa,Ranpo,著者,1894-10-21,1965-07-28,なし,新版　探偵小説の「謎」,現代教養文庫、社会思想社,1956（昭和31）年6月25日,1999（平成11）年4月30日新版第1刷,1999（平成11）年4月30日新版第1刷,,,,,,,,,,,,華猫,まつもこ,http://www.aozora.gr.jp/cards/001779/files/57502_ruby_62060.zip,2017-06-22,ShiftJIS,JIS X 0208,0,http://www.aozora.gr.jp/cards/001779/files/57502_62061.html,2017-06-22,ShiftJIS,JIS X 0208,0
056650,Ｄ坂の殺人事件,ディーざかのさつじんじけん,ていいさかのさつしんしけん,,,,「新青年」博文館、1925（大正14）年1月増刊,NDC 913,新字新仮名,なし,2016-02-21,2016-01-01,http://www.aozora.gr.jp/cards/001779/card56650.html,001779,江戸川,乱歩,えどがわ,らんぽ,えとかわ,らんほ,Edogawa,Ranpo,著者,1894-10-21,1965-07-28,なし,江戸川乱歩全集　第1巻　屋根裏の散歩者,光文社文庫、光文社,2004（平成16）年7月20日,2004（平成16）年7月20日初版1刷,2004（平成16）年7月20日初版1刷,江戸川乱歩全集　第三巻,平凡社,1932（昭和7）年1月,,,,,,,,,砂場清隆,湖山ルル,http://www.aozora.gr.jp/cards/001779/files/56650_ruby_58200.zip,2016-01-01,ShiftJIS,JIS X 0208,0,http://www.aozora.gr.jp/cards/001779/files/56650_58209.html,2016-01-01,ShiftJIS,JIS X 0208,0
057108,鉄人Ｑ,てつじんキュー,てつしんきゆう,,,,「小学四年生」講談社、1958（昭和33）年4月号～1959（昭和34）年3月号<br>「小学五年生」講談社、1959（昭和34）年4月号～1960（昭和35）年3月号,NDC K913,新字新仮名,なし,2017-03-16,2017-03-06,http://www.aozora.gr.jp/cards/001779/card57108.html,001779,江戸川,乱歩,えどがわ,らんぽ,えとかわ,らんほ,Edogawa,Ranpo,著者,1894-10-21,1965-07-28,なし,塔上の奇術師／鉄人Ｑ,江戸川乱歩推理文庫、講談社,1988（昭和63）年7月8日,1988（昭和63）年7月8日第1刷,1988（昭和63）年7月8日第1刷,,,,,,,,,,,,sogo,大久保ゆう,http://www.aozora.gr.jp/cards/001779/files/57108_ruby_60855.zip,2017-03-06,ShiftJIS,JIS X 0208,0,http://www.aozora.gr.jp/cards/001779/files/57108_60897.html,2017-03-06,ShiftJIS,JIS X 0208,0
056675,鉄塔の怪人,てっとうのかいじん,てつとうのかいしん,,,,「少年」光文社、1954（昭和29）年1月号～12月号,NDC K913,新字新仮名,なし,2016-11-22,2016-09-09,http://www.aozora.gr.jp/cards/001779/card56675.html,001779,江戸川,乱歩,えどがわ,らんぽ,えとかわ,らんほ,Edogawa,Ranpo,著者,1894-10-21,1965-07-28,なし,鉄塔の怪人／海底の魔術師,江戸川乱歩推理文庫、講談社,1988（昭和63）年2月8日,1988（昭和63）年2月8日第1刷,1988（昭和63）年2月8日第1刷,,,,,,,,,,,,sogo,大久保ゆう,http://www.aozora.gr.jp/cards/001779/files/56675_ruby_60091.zip,2016-09-09,ShiftJIS,JIS X 0208,0,http://www.aozora.gr.jp/cards/001779/files/56675_60137.html,2016-09-09,ShiftJIS,JIS X 0208,0
057109,塔上の奇術師,とうじょうのきじゅつし,とうしようのきしゆつし,,,,「少女クラブ」講談社、1958（昭和33）年1月号～12月号,NDC K913,新字新仮名,なし,2017-02-15,2017-02-06,http://www.aozora.gr.jp/cards/001779/card57109.html,001779,江戸川,乱歩,えどがわ,らんぽ,えとかわ,らんほ,Edogawa,Ranpo,著者,1894-10-21,1965-07-28,なし,塔上の奇術師／鉄人Ｑ,江戸川乱歩推理文庫、講談社,1988（昭和63）年7月8日,1988（昭和63）年7月8日第1刷,1988（昭和63）年7月8日第1刷,,,,,,,,,,,,sogo,大久保ゆう,http://www.aozora.gr.jp/cards/001779/files/57109_ruby_60781.zip,2017-02-06,ShiftJIS,JIS X 0208,0,http://www.aozora.gr.jp/cards/001779/files/57109_60816.html,2017-02-06,ShiftJIS,JIS X 0208,0
057229,透明怪人,とうめいかいじん,とうめいかいしん,,,,「少年」光文社、1951（昭和26）年1月号～12月号,NDC K913,新字新仮名,なし,2017-05-14,2017-03-11,http://www.aozora.gr.jp/cards/001779/card57229.html,001779,江戸川,乱歩,えどがわ,らんぽ,えとかわ,らんほ,Edogawa,Ranpo,著者,1894-10-21,1965-07-28,なし,虎の牙／透明怪人,江戸川乱歩推理文庫、講談社,1987（昭和62）年12月8日,1987（昭和62）年12月8日第1刷,1987（昭和62）年12月8日第1刷,,,,,,,,,,,,sogo,大久保ゆう,http://www.aozora.gr.jp/cards/001779/files/57229_ruby_61307.zip,2017-03-11,ShiftJIS,JIS X 0208,0,http://www.aozora.gr.jp/cards/001779/files/57229_61350.html,2017-03-11,ShiftJIS,JIS X 0208,0
056672,虎の牙,とらのきば,とらのきは,,,,「少年」光文社、1950（昭和25）年1月号～12月号,NDC K913,新字新仮名,なし,2017-04-14,2017-03-11,http://www.aozora.gr.jp/cards/001779/card56672.html,001779,江戸川,乱歩,えどがわ,らんぽ,えとかわ,らんほ,Edogawa,Ranpo,著者,1894-10-21,1965-07-28,なし,虎の牙／透明怪人,江戸川乱歩推理文庫、講談社,1987（昭和62）年12月8日,1987（昭和62）年12月8日第1刷,1987（昭和62）年12月8日第1刷,,,,,,,,,,,,sogo,大久保ゆう,http://www.aozora.gr.jp/cards/001779/files/56672_ruby_61189.zip,2017-03-11,ShiftJIS,JIS X 0208,0,http://www.aozora.gr.jp/cards/001779/files/56672_61232.html,2017-03-11,ShiftJIS,JIS X 0208,0
056647,二銭銅貨,にせんどうか,にせんとうか,,,,「新青年」博文館、1923（大正12）年4月,NDC 913,新字新仮名,なし,2016-01-01,2016-01-01,http://www.aozora.gr.jp/cards/001779/card56647.html,001779,江戸川,乱歩,えどがわ,らんぽ,えとかわ,らんほ,Edogawa,Ranpo,著者,1894-10-21,1965-07-28,なし,江戸川乱歩全集　第1巻　屋根裏の散歩者,光文社文庫、光文社,2004（平成16）年7月20日,2004（平成16）年7月20日初版1刷,2004（平成16）年7月20日初版1刷,江戸川乱歩全集　第一巻,平凡社,1931（昭和6）年6月,,,,,,,,,砂場清隆,湖山ルル,http://www.aozora.gr.jp/cards/001779/files/56647_ruby_58166.zip,2016-01-01,ShiftJIS,JIS X 0208,0,http://www.aozora.gr.jp/cards/001779/files/56647_58167.html,2016-01-01,ShiftJIS,JIS X 0208,0
057190,日記帳,にっきちょう,につきちよう,,,,「写真報知」報知新聞社、1925（大正14）年3月5日,NDC 914,新字新仮名,なし,2016-03-19,2016-01-01,http://www.aozora.gr.jp/cards/001779/card57190.html,001779,江戸川,乱歩,えどがわ,らんぽ,えとかわ,らんほ,Edogawa,Ranpo,著者,1894-10-21,1965-07-28,なし,江戸川乱歩全集　第1巻　屋根裏の散歩者,光文社文庫、光文社,2004（平成16）年7月20日,2012（平成24）年8月15日7刷,2004（平成16）年7月20日初版1刷,江戸川乱歩全集　第九巻,平凡社,1932（昭和7）年3月,,,,,,,,,門田裕志,Juki,http://www.aozora.gr.jp/cards/001779/files/57190_ruby_58233.zip,2016-01-01,ShiftJIS,JIS X 0208,0,http://www.aozora.gr.jp/cards/001779/files/57190_58247.html,2016-01-01,ShiftJIS,JIS X 0208,0
057191,二癈人,にはいじん,にはいしん,,,,「新青年」博文館、1924（大正13）年6月,NDC 913,新字新仮名,なし,2017-10-07,2017-09-24,http://www.aozora.gr.jp/cards/001779/card57191.html,001779,江戸川,乱歩,えどがわ,らんぽ,えとかわ,らんほ,Edogawa,Ranpo,著者,1894-10-21,1965-07-28,なし,江戸川乱歩全集　第1巻　屋根裏の散歩者,光文社文庫、光文社,2004（平成16）年7月20日,2012（平成24）年8月15日7刷,2007（平成19）年1月30日5刷,江戸川乱歩全集　第二巻,平凡社,1931（昭和6）年10月,,,,,,,,,門田裕志,江村秀之,http://www.aozora.gr.jp/cards/001779/files/57191_ruby_62759.zip,2017-09-24,ShiftJIS,JIS X 0208,0,http://www.aozora.gr.jp/cards/001779/files/57191_62846.html,2017-09-24,ShiftJIS,JIS X 0208,0
056648,人間椅子,にんげんいす,にんけんいす,,,,「苦楽」プラトン社、1925（大正14）年10月号,NDC 913,新字新仮名,なし,2016-02-09,2016-11-12,http://www.aozora.gr.jp/cards/001779/card56648.html,001779,江戸川,乱歩,えどがわ,らんぽ,えとかわ,らんほ,Edogawa,Ranpo,著者,1894-10-21,1965-07-28,なし,江戸川乱歩全集　第1巻　屋根裏の散歩者,光文社文庫、光文社,2004（平成16）年7月20日,2004（平成16）年7月20日初版1刷,2004（平成16）年7月20日初版1刷,江戸川乱歩全集　第一巻,平凡社,1931（昭和6）年7月,,,,,,,,,砂場清隆,湖山ルル,http://www.aozora.gr.jp/cards/001779/files/56648_ruby_58198.zip,2016-11-12,ShiftJIS,JIS X 0208,1,http://www.aozora.gr.jp/cards/001779/files/56648_58207.html,2016-11-12,ShiftJIS,JIS X 0208,1
056676,灰色の巨人,はいいろのきょじん,はいいろのきよしん,,,,「少年クラブ」大日本雄辯會講談社、1955（昭和30）年1月号～12月号,NDC K913,新字新仮名,なし,2017-07-13,2017-07-31,http://www.aozora.gr.jp/cards/001779/card56676.html,001779,江戸川,乱歩,えどがわ,らんぽ,えとかわ,らんほ,Edogawa,Ranpo,著者,1894-10-21,1965-07-28,なし,灰色の巨人／魔法博士,江戸川乱歩推理文庫、講談社,1988（昭和63）年3月8日,1988（昭和63）年3月8日第1刷,1988（昭和63）年3月8日第1刷,,,,,,,,,,,,sogo,茅宮君子,http://www.aozora.gr.jp/cards/001779/files/56676_ruby_61995.zip,2017-07-31,ShiftJIS,JIS X 0208,1,http://www.aozora.gr.jp/cards/001779/files/56676_61994.html,2017-07-31,ShiftJIS,JIS X 0208,1
057192,白昼夢,はくちゅうむ,はくちゆうむ,,,,「新青年」博文館、1925（大正14）年7月号,NDC 913,新字新仮名,なし,2016-08-31,2016-06-10,http://www.aozora.gr.jp/cards/001779/card57192.html,001779,江戸川,乱歩,えどがわ,らんぽ,えとかわ,らんほ,Edogawa,Ranpo,著者,1894-10-21,1965-07-28,なし,江戸川乱歩全集　第1巻　屋根裏の散歩者,光文社文庫、光文社,2004（平成16）年7月20日,2012（平成24）年8月15日7刷,2004（平成16）年7月20日初版1刷,江戸川乱歩全集　第五巻,平凡社,1931（昭和6）年7月,,,,,,,,,門田裕志,A.K.,http://www.aozora.gr.jp/cards/001779/files/57192_ruby_59533.zip,2016-06-10,ShiftJIS,JIS X 0208,0,http://www.aozora.gr.jp/cards/001779/files/57192_59570.html,2016-06-10,ShiftJIS,JIS X 0208,0
056651,パノラマ島綺譚,パノラマとうきだん,はのらまとうきたん,,,,「新青年」博文館、1926（大正15）年10月～1927（昭和2）年4月,NDC 913,新字新仮名,なし,2016-04-30,2016-05-08,http://www.aozora.gr.jp/cards/001779/card56651.html,001779,江戸川,乱歩,えどがわ,らんぽ,えとかわ,らんほ,Edogawa,Ranpo,著者,1894-10-21,1965-07-28,なし,江戸川乱歩全集　第2巻　パノラマ島綺譚,光文社文庫、光文社,2004（平成16）年8月20日,2004（平成16）年8月20日初版1刷,2015（平成27）年8月15日第6刷,創作探偵小説集第七巻,春陽堂,1927（昭和2）年3月20日,,,,,,,,,砂場清隆,まつもこ,http://www.aozora.gr.jp/cards/001779/files/56651_ruby_58728.zip,2016-05-08,ShiftJIS,JIS X 0208,1,http://www.aozora.gr.jp/cards/001779/files/56651_58766.html,2016-05-08,ShiftJIS,JIS X 0208,1
057414,一人の芭蕉の問題,ひとりのばしょうのもんだい,ひとりのはしようのもんたい,,,,「ロック　第2巻第2号」筑波書林、1947（昭和22）年2月号,NDC 914,旧字旧仮名,なし,2016-10-10,2016-10-10,http://www.aozora.gr.jp/cards/001779/card57414.html,001779,江戸川,乱歩,えどがわ,らんぽ,えとかわ,らんほ,Edogawa,Ranpo,著者,1894-10-21,1965-07-28,なし,日本推理作家協会賞受賞作全集　7　幻影城,双葉文庫、双葉社,1995（平成7）年5月15日,1995（平成7）年5月15日第1刷,1995（平成7）年5月15日第1刷,幻影城,岩谷書店,1954（昭和29）年7月,,,,,,,,,第二回シャッカソンメンバー乱歩班,sogo,http://www.aozora.gr.jp/cards/001779/files/57414_txt_59976.zip,2016-09-09,ShiftJIS,JIS X 0208,0,http://www.aozora.gr.jp/cards/001779/files/57414_60021.html,2016-09-09,ShiftJIS,JIS X 0208,0
057193,一人二役,ひとりふたやく,ひとりふたやく,,,,「新小説」春陽堂、1925（大正14）年9月,NDC 913,新字新仮名,なし,2016-08-31,2016-06-28,http://www.aozora.gr.jp/cards/001779/card57193.html,001779,江戸川,乱歩,えどがわ,らんぽ,えとかわ,らんほ,Edogawa,Ranpo,著者,1894-10-21,1965-07-28,なし,江戸川乱歩全集　第1巻　屋根裏の散歩者,光文社文庫、光文社,2004（平成16）年7月20日,2012（平成24）年8月15日7刷,2004（平成16）年7月20日初版1刷,江戸川乱歩全集　第六巻,平凡社,1931（昭和6）年11月,,,,,,,,,門田裕志,A.K.,http://www.aozora.gr.jp/cards/001779/files/57193_ruby_59534.zip,2016-06-28,ShiftJIS,JIS X 0208,0,http://www.aozora.gr.jp/cards/001779/files/57193_59571.html,2016-06-28,ShiftJIS,JIS X 0208,0
057194,百面相役者,ひゃくめんそうやくしゃ,ひやくめんそうやくしや,,,,「写真報知」報知新聞社、1925（大正14）年7月15日、25日,NDC 913,新字新仮名,なし,2016-11-10,2016-09-09,http://www.aozora.gr.jp/cards/001779/card57194.html,001779,江戸川,乱歩,えどがわ,らんぽ,えとかわ,らんほ,Edogawa,Ranpo,著者,1894-10-21,1965-07-28,なし,江戸川乱歩全集　第1巻　屋根裏の散歩者,光文社文庫、光文社,2004（平成16）年7月20日,2012（平成24）年8月15日7刷,2004（平成16）年7月20日初版1刷,江戸川乱歩全集　第二巻,平凡社,1931（昭和6）年10月,,,,,,,,,門田裕志,岡村和彦,http://www.aozora.gr.jp/cards/001779/files/57194_ruby_60070.zip,2016-09-09,ShiftJIS,JIS X 0208,0,http://www.aozora.gr.jp/cards/001779/files/57194_60116.html,2016-09-09,ShiftJIS,JIS X 0208,0
057230,ふしぎな人,ふしぎなひと,ふしきなひと,,,,「たのしい二年生」大日本雄弁会講談社／講談社、1958（昭和33）年8月～1959（昭和34）年3月<br>「たのしい三年生」講談社、1959（昭和34）年4月～12月,NDC K913,新字新仮名,なし,2016-07-16,2016-06-10,http://www.aozora.gr.jp/cards/001779/card57230.html,001779,江戸川,乱歩,えどがわ,らんぽ,えとかわ,らんほ,Edogawa,Ranpo,著者,1894-10-21,1965-07-28,なし,江戸川乱歩全集　第21巻　ふしぎな人,光文社文庫、光文社,2005（平成17）年3月20日,2005（平成17）年3月20日初版1刷,2005（平成17）年3月20日初版1刷,たのしい三年生,講談社,1959（昭和34）年4月～12月,,,,,,たのしい二年生,大日本雄弁会講談社／講談社,1958（昭和33）年8月～1959（昭和34）年3月,sogo,北川松生,http://www.aozora.gr.jp/cards/001779/files/57230_ruby_59440.zip,2016-06-10,ShiftJIS,JIS X 0208,0,http://www.aozora.gr.jp/cards/001779/files/57230_59480.html,2016-06-10,ShiftJIS,JIS X 0208,0
056679,魔法博士,まほうはかせ,まほうはかせ,,,,「少年」1956（昭和31）年1月号～12月号,NDC K913,新字新仮名,なし,2017-09-15,2017-08-25,http://www.aozora.gr.jp/cards/001779/card56679.html,001779,江戸川,乱歩,えどがわ,らんぽ,えとかわ,らんほ,Edogawa,Ranpo,著者,1894-10-21,1965-07-28,なし,灰色の巨人／魔法博士,江戸川乱歩推理文庫、講談社,1988（昭和63）年3月8日,1988（昭和63）年3月8日第1刷,1988（昭和63）年3月8日第1刷,,,,,,,,,,,,sogo,茅宮君子,http://www.aozora.gr.jp/cards/001779/files/56679_ruby_62520.zip,2017-08-25,ShiftJIS,JIS X 0208,0,http://www.aozora.gr.jp/cards/001779/files/56679_62562.html,2017-08-25,ShiftJIS,JIS X 0208,0
057165,まほうやしき,まほうやしき,まほうやしき,,,,「たのしい三年生」講談社、1957（昭和32）年1月号～3月号,NDC K913,新字新仮名,なし,2017-01-15,2016-12-09,http://www.aozora.gr.jp/cards/001779/card57165.html,001779,江戸川,乱歩,えどがわ,らんぽ,えとかわ,らんほ,Edogawa,Ranpo,著者,1894-10-21,1965-07-28,なし,文庫の雑誌／ぼくらの推理冒険物語　少年探偵王　本格推理マガジン,光文社文庫、光文社,2002（平成14）年4月20日,2002（平成14）年4月20日初版1刷,2002（平成14）年4月20日初版1刷,,,,,,,,,,,,sogo,みきた,http://www.aozora.gr.jp/cards/001779/files/57165_ruby_60437.zip,2016-12-09,ShiftJIS,JIS X 0208,0,http://www.aozora.gr.jp/cards/001779/files/57165_60481.html,2016-12-09,ShiftJIS,JIS X 0208,0
057195,夢遊病者の死,むゆうびょうしゃのし,むゆうひようしやのし,,,,「苦楽」プラトン社、1925（大正14）年7月,NDC 913,新字新仮名,なし,2017-10-07,2017-09-24,http://www.aozora.gr.jp/cards/001779/card57195.html,001779,江戸川,乱歩,えどがわ,らんぽ,えとかわ,らんほ,Edogawa,Ranpo,著者,1894-10-21,1965-07-28,なし,江戸川乱歩全集　第1巻　屋根裏の散歩者,光文社文庫、光文社,2004（平成16）年7月20日,2012（平成24）年8月15日7刷,2007（平成19）年1月30日5刷,江戸川乱歩全集　第一巻,平凡社,1931（昭和6）年6月,,,,,,,,,門田裕志,江村秀之,http://www.aozora.gr.jp/cards/001779/files/57195_ruby_62758.zip,2017-09-24,ShiftJIS,JIS X 0208,0,http://www.aozora.gr.jp/cards/001779/files/57195_62845.html,2017-09-24,ShiftJIS,JIS X 0208,0
056649,屋根裏の散歩者,やねうらのさんぽしゃ,やねうらのさんほしや,,,,「新青年」博文館、1925（大正14）年8月増刊,NDC 913,新字新仮名,なし,2016-07-28,2016-06-10,http://www.aozora.gr.jp/cards/001779/card56649.html,001779,江戸川,乱歩,えどがわ,らんぽ,えとかわ,らんほ,Edogawa,Ranpo,著者,1894-10-21,1965-07-28,なし,江戸川乱歩全集　第1巻　屋根裏の散歩者,光文社文庫、光文社,2004（平成16）年7月20日,2004（平成16）年7月20日初版1刷,2004（平成16）年7月20日初版1刷,江戸川乱歩全集　第二巻,平凡社,1931（昭和6）年10月,,,,,,,,,砂場清隆,岡村和彦,http://www.aozora.gr.jp/cards/001779/files/56649_ruby_59454.zip,2016-06-10,ShiftJIS,JIS X 0208,0,http://www.aozora.gr.jp/cards/001779/files/56649_59494.html,2016-06-10,ShiftJIS,JIS X 0208,0
057196,幽霊,ゆうれい,ゆうれい,,,,「新青年」博文館、1925（大正14）年5月,NDC 913,新字新仮名,なし,2016-08-28,2016-06-10,http://www.aozora.gr.jp/cards/001779/card57196.html,001779,江戸川,乱歩,えどがわ,らんぽ,えとかわ,らんほ,Edogawa,Ranpo,著者,1894-10-21,1965-07-28,なし,江戸川乱歩全集　第1巻　屋根裏の散歩者,光文社文庫、光文社,2004（平成16）年7月20日,2012（平成24）年8月15日7刷,2004（平成16）年7月20日初版1刷,江戸川乱歩全集　第一巻,平凡社,1931（昭和6）年6月,,,,,,,,,門田裕志,岡村和彦,http://www.aozora.gr.jp/cards/001779/files/57196_ruby_59530.zip,2016-06-10,ShiftJIS,JIS X 0208,0,http://www.aozora.gr.jp/cards/001779/files/57196_59567.html,2016-06-10,ShiftJIS,JIS X 0208,0
057197,指環,ゆびわ,ゆひわ,,,,「新青年」博文館、1925（大正14）年7月,NDC 913,新字新仮名,なし,2016-04-16,2016-03-04,http://www.aozora.gr.jp/cards/001779/card57197.html,001779,江戸川,乱歩,えどがわ,らんぽ,えとかわ,らんほ,Edogawa,Ranpo,著者,1894-10-21,1965-07-28,なし,江戸川乱歩全集　第1巻　屋根裏の散歩者,光文社文庫、光文社,2004（平成16）年7月20日,2012（平成24）年8月15日7刷,2004（平成16）年7月20日初版1刷,江戸川乱歩全集　第九巻,平凡社,1932（昭和7）年3月,,,,,,,,,門田裕志,A.K.,http://www.aozora.gr.jp/cards/001779/files/57197_ruby_58710.zip,2016-03-04,ShiftJIS,JIS X 0208,0,http://www.aozora.gr.jp/cards/001779/files/57197_58748.html,2016-03-04,ShiftJIS,JIS X 0208,0
056670,妖怪博士,ようかいはかせ,ようかいはかせ,,,,「少年倶楽部」大日本雄辯會講談社、1938（昭和13）年1月号～12月号,NDC K913,新字新仮名,なし,2016-08-14,2016-06-29,http://www.aozora.gr.jp/cards/001779/card56670.html,001779,江戸川,乱歩,えどがわ,らんぽ,えとかわ,らんほ,Edogawa,Ranpo,著者,1894-10-21,1965-07-28,なし,妖怪博士／青銅の魔人,江戸川乱歩推理文庫、講談社,1987（昭和62）年11月6日,1987（昭和62）年11月6日第1刷,1987（昭和62）年11月6日第1刷,,,,,,,,,,,,sogo,岡村和彦,http://www.aozora.gr.jp/cards/001779/files/56670_ruby_59514.zip,2016-06-29,ShiftJIS,JIS X 0208,0,http://www.aozora.gr.jp/cards/001779/files/56670_59551.html,2016-06-29,ShiftJIS,JIS X 0208,0
042926,葬られたる秘密,ほうむられたるひみつ,ほうむられたるひみつ,,,A DEAD SECRET,,NDC 933,新字新仮名,なし,2004-04-02,2014-09-18,http://www.aozora.gr.jp/cards/000258/card42926.html,000258,小泉,八雲,こいずみ,やくも,こいすみ,やくも,Koizumi,Yakumo,著者,1850-06-27,1904-09-26,なし,小泉八雲全集第八卷家庭版,第一書房,1937（昭和12）年1月15日,1937（昭和12）年1月15日,,,,,,,,,,,,,京都大学電子テクスト研究会入力班,京都大学電子テクスト研究会校正班,http://www.aozora.gr.jp/cards/000258/files/42926_ruby_14899.zip,2004-03-21,ShiftJIS,JIS X 0208,0,http://www.aozora.gr.jp/cards/000258/files/42926_15331.html,2004-03-21,ShiftJIS,JIS X 0208,0
042927,耳無芳一の話,みみなしほういちのはなし,みみなしほういちのはなし,,,THE STORY OF MIMI-NASHI-HOICHI,,NDC 933,新字新仮名,なし,2004-04-02,2014-09-18,http://www.aozora.gr.jp/cards/000258/card42927.html,000258,小泉,八雲,こいずみ,やくも,こいすみ,やくも,Koizumi,Yakumo,著者,1850-06-27,1904-09-26,なし,小泉八雲全集第八卷家庭版,第一書房,1937（昭和12）年1月15日,1937（昭和12）年1月15日,,,,,,,,,,,,,京都大学電子テクスト研究会入力班,京都大学電子テクスト研究会校正班,http://www.aozora.gr.jp/cards/000258/files/42927_ruby_15422.zip,2004-03-29,ShiftJIS,JIS X 0208,0,http://www.aozora.gr.jp/cards/000258/files/42927_15424.html,2004-03-29,ShiftJIS,JIS X 0208,0
042928,貉,むじな,むしな,,,MUJINA,,NDC 933,新字新仮名,なし,2004-04-02,2014-09-18,http://www.aozora.gr.jp/cards/000258/card42928.html,000258,小泉,八雲,こいずみ,やくも,こいすみ,やくも,Koizumi,Yakumo,著者,1850-06-27,1904-09-26,なし,小泉八雲全集第八卷家庭版,第一書房,1937（昭和12）年1月15日,1937（昭和12）年1月15日,,,,,,,,,,,,,京都大学電子テクスト研究会入力班,京都大学電子テクスト研究会校正班,http://www.aozora.gr.jp/cards/000258/files/42928_ruby_14900.zip,2004-03-21,ShiftJIS,JIS X 0208,0,http://www.aozora.gr.jp/cards/000258/files/42928_15332.html,2004-03-21,ShiftJIS,JIS X 0208,0
050326,雪女,ゆきおんな,ゆきおんな,,,YUKI-ONNA,,NDC 933,新字新仮名,なし,2009-08-24,2014-09-21,http://www.aozora.gr.jp/cards/000258/card50326.html,000258,小泉,八雲,こいずみ,やくも,こいすみ,やくも,Koizumi,Yakumo,著者,1850-06-27,1904-09-26,なし,小泉八雲全集第八卷　家庭版,第一書房 ,1937（昭和12）年1月15日,1937（昭和12）年1月15日,,,,,,,,,,,,,京都大学電子テクスト研究会入力班,京都大学電子テクスト研究会校正班,http://www.aozora.gr.jp/cards/000258/files/50326_txt_35450.zip,2009-08-04,ShiftJIS,JIS X 0208,0,http://www.aozora.gr.jp/cards/000258/files/50326_35772.html,2009-08-04,ShiftJIS,JIS X 0208,0
050327,ろくろ首,ろくろくび,ろくろくひ,,,ROKURO-KUBI,,NDC 933,新字新仮名,なし,2009-08-24,2014-09-21,http://www.aozora.gr.jp/cards/000258/card50327.html,000258,小泉,八雲,こいずみ,やくも,こいすみ,やくも,Koizumi,Yakumo,著者,1850-06-27,1904-09-26,なし,小泉八雲全集第八卷　家庭版,第一書房 ,1937（昭和12）年1月15日,1937（昭和12）年1月15日,,,,,,,,,,,,,京都大学電子テクスト研究会入力班,京都大学電子テクスト研究会校正班,http://www.aozora.gr.jp/cards/000258/files/50327_ruby_35451.zip,2009-08-04,ShiftJIS,JIS X 0208,0,http://www.aozora.gr.jp/cards/000258/files/50327_35773.html,2009-08-04,ShiftJIS,JIS X 0208,0
000236,ア、秋,ア、あき,ああき,,,,「若草」1939（昭和14）年10月,NDC 914,新字新仮名,なし,1999-10-20,2014-09-17,http://www.aozora.gr.jp/cards/000035/card236.html,000035,太宰,治,だざい,おさむ,たさい,おさむ,Dazai,Osamu,著者,1909-06-19,1948-06-13,なし,太宰治全集3,ちくま文庫、筑摩書房,1988（昭和63）年10月25日,,,筑摩全集類聚版太宰治全集,筑摩書房,1975（昭和50）年6月～1976（昭和51）年6月刊行,,,,,,,,,柴田卓治,小林繁雄,http://www.aozora.gr.jp/cards/000035/files/236_ruby_19995.zip,2005-10-23,ShiftJIS,JIS X 0208,1,http://www.aozora.gr.jp/cards/000035/files/236_19996.html,2005-10-23,ShiftJIS,JIS X 0208,0
001572,I can speak,アイ　キャン　スピーク,あいきやんすひいく,,,,「若草」1939（昭和14）年2月号,NDC 913,新字新仮名,なし,2005-11-11,2016-02-01,http://www.aozora.gr.jp/cards/000035/card1572.html,000035,太宰,治,だざい,おさむ,たさい,おさむ,Dazai,Osamu,著者,1909-06-19,1948-06-13,なし,新樹の言葉,新潮文庫、新潮社,1982（昭和57）年7月25日,1982（昭和57）年7月25日,1982（昭和57）年7月25日,,,,,,,,,,,,土屋隆,鈴木厚司,http://www.aozora.gr.jp/cards/000035/files/1572_ruby_19823.zip,2016-02-01,ShiftJIS,JIS X 0208,1,http://www.aozora.gr.jp/cards/000035/files/1572_19910.html,2005-10-16,ShiftJIS,JIS X 0208,0
001578,愛と美について,あいとびについて,あいとひについて,,,,「愛と美について」竹村書房、1939（昭和14）年5月,NDC 913,新字新仮名,なし,2001-11-01,2016-02-01,http://www.aozora.gr.jp/cards/000035/card1578.html,000035,太宰,治,だざい,おさむ,たさい,おさむ,Dazai,Osamu,著者,1909-06-19,1948-06-13,なし,新樹の言葉,新潮文庫、新潮社,1982（昭和57）年7月25日,1992（平成4）年11月15日17刷,,,,,,,,,,,,,田中久太郎,鈴木厚司,http://www.aozora.gr.jp/cards/000035/files/1578_ruby_5242.zip,2016-02-01,ShiftJIS,JIS X 0208,2,http://www.aozora.gr.jp/cards/000035/files/1578_44923.html,2016-02-01,ShiftJIS,JIS X 0208,1
046597,青森,あおもり,あおもり,,,,,NDC 914,新字新仮名,なし,2006-12-28,2014-09-18,http://www.aozora.gr.jp/cards/000035/card46597.html,000035,太宰,治,だざい,おさむ,たさい,おさむ,Dazai,Osamu,著者,1909-06-19,1948-06-13,なし,もの思う葦,新潮文庫、新潮社,1980（昭和55）年9月25日,1998（平成10）年10月15日39刷,2002（平成14）年5月30日42刷改版,,,,,,,,,,,,蒋龍,土屋隆,http://www.aozora.gr.jp/cards/000035/files/46597_ruby_24666.zip,2006-11-15,ShiftJIS,JIS X 0208,0,http://www.aozora.gr.jp/cards/000035/files/46597_24917.html,2006-11-15,ShiftJIS,JIS X 0208,0
004357,青森,あおもり,あおもり,,,,,NDC 914,新字旧仮名,なし,2002-12-11,2014-09-17,http://www.aozora.gr.jp/cards/000035/card4357.html,000035,太宰,治,だざい,おさむ,たさい,おさむ,Dazai,Osamu,著者,1909-06-19,1948-06-13,なし,太宰治全集 10,筑摩書房,1990（平成2）年12月25日,1990（平成2）年12月25日初版第1刷,,,,,,,,,,,,,砂場清隆,林幸雄,http://www.aozora.gr.jp/cards/000035/files/4357_ruby_7910.zip,2002-12-03,ShiftJIS,JIS X 0208,0,http://www.aozora.gr.jp/cards/000035/files/4357_7911.html,2002-12-03,ShiftJIS,JIS X 0208,0
001562,朝,あさ,あさ,,,,「新思潮」1947（昭和22）年7月号,NDC 913,新字新仮名,なし,2004-03-04,2014-09-18,http://www.aozora.gr.jp/cards/000035/card1562.html,000035,太宰,治,だざい,おさむ,たさい,おさむ,Dazai,Osamu,著者,1909-06-19,1948-06-13,なし,グッド・バイ,新潮文庫、新潮社,1972（昭和47）年7月30日,1999（平成11）年6月10日56刷,1990（平成2）年6月20日40刷,,,,,,,,,,,,蒋龍,鈴木厚司,http://www.aozora.gr.jp/cards/000035/files/1562_ruby_14574.zip,2004-02-19,ShiftJIS,JIS X 0208,0,http://www.aozora.gr.jp/cards/000035/files/1562_14860.html,2004-02-19,ShiftJIS,JIS X 0208,0
000240,あさましきもの,あさましきもの,あさましきもの,,,,,NDC 913,新字新仮名,なし,1999-08-20,2014-09-17,http://www.aozora.gr.jp/cards/000035/card240.html,000035,太宰,治,だざい,おさむ,たさい,おさむ,Dazai,Osamu,著者,1909-06-19,1948-06-13,なし,太宰治全集2,ちくま文庫、筑摩書房,1988（昭和63）年9月27日,1988（昭和63）年9月27日第1刷,,筑摩全集類聚版太宰治全集,筑摩書房,1975（昭和50）年6月～1976（昭和51）年6月,,,,,,,,,柴田卓治,小林繁雄,http://www.aozora.gr.jp/cards/000035/files/240_ruby_2332.zip,2004-03-04,ShiftJIS,JIS X 0208,1,http://www.aozora.gr.jp/cards/000035/files/240_15059.html,2004-03-04,ShiftJIS,JIS X 0208,0
042360,新しい形の個人主義,あたらしいかたちのこじんしゅぎ,あたらしいかたちのこしんしゆき,,,,,NDC 914,新字新仮名,なし,2009-04-10,2014-09-21,http://www.aozora.gr.jp/cards/000035/card42360.html,000035,太宰,治,だざい,おさむ,たさい,おさむ,Dazai,Osamu,著者,1909-06-19,1948-06-13,なし,もの思う葦,新潮文庫、新潮社,1980（昭和55）年9月25日,1998（平成10）年10月15日39刷, 1997（平成9）年7月30日36刷,,,,,,,,,,,,蒋龍,土屋隆,http://www.aozora.gr.jp/cards/000035/files/42360_ruby_34276.zip,2009-04-07,ShiftJIS,JIS X 0208,0,http://www.aozora.gr.jp/cards/000035/files/42360_34747.html,2009-04-07,ShiftJIS,JIS X 0208,0
000239,兄たち,あにたち,あにたち,,,,「婦人画報」1940（昭和15）年1月,NDC 913,新字新仮名,なし,1999-11-10,2014-09-17,http://www.aozora.gr.jp/cards/000035/card239.html,000035,太宰,治,だざい,おさむ,たさい,おさむ,Dazai,Osamu,著者,1909-06-19,1948-06-13,なし,太宰治全集3,ちくま文庫、筑摩書房,1988（昭和63）年10月25日,,,筑摩全集類聚版太宰治全集,筑摩書房,1975（昭和50）年6月～1976（昭和51）年6月刊行,,,,,,,,,柴田卓治,小林繁雄,http://www.aozora.gr.jp/cards/000035/files/239_ruby_20002.zip,2005-10-25,ShiftJIS,JIS X 0208,1,http://www.aozora.gr.jp/cards/000035/files/239_20003.html,2005-10-25,ShiftJIS,JIS X 0208,0
058054,雨の玉川心中,あめのたまがわしんじゅう,あめのたまかわしんしゆう,02 遺書,02 いしょ,,,NDC 289 916,新字新仮名,なし,2017-06-13,2017-06-23,http://www.aozora.gr.jp/cards/000035/card58054.html,000035,太宰,治,だざい,おさむ,たさい,おさむ,Dazai,Osamu,著者,1909-06-19,1948-06-13,なし,雨の玉川心中,真善美研究所,1977（昭和52）年6月13日,1977（昭和52）年6月13日初版,1977（昭和52）年9月1日11版,,,,,,,,,,,,江村秀之,酒井和郎,http://www.aozora.gr.jp/cards/000035/files/58054_txt_61548.zip,2017-04-03,ShiftJIS,JIS X 0208,0,http://www.aozora.gr.jp/cards/000035/files/58054_61587.html,2017-04-03,ShiftJIS,JIS X 0208,0
042356,或る忠告,あるちゅうこく,あるちゆうこく,,,,,NDC 913,新字新仮名,なし,2004-07-08,2014-09-18,http://www.aozora.gr.jp/cards/000035/card42356.html,000035,太宰,治,だざい,おさむ,たさい,おさむ,Dazai,Osamu,著者,1909-06-19,1948-06-13,なし,もの思う葦,新潮文庫、新潮社,1980（昭和55）年9月25日,1998（平成10）年10月15日39刷,1980（昭和55）年11月15日3刷,,,,,,,,,,,,蒋龍,今井忠夫,http://www.aozora.gr.jp/cards/000035/files/42356_ruby_15854.zip,2004-06-16,ShiftJIS,JIS X 0208,0,http://www.aozora.gr.jp/cards/000035/files/42356_15870.html,2004-06-16,ShiftJIS,JIS X 0208,0
000238,老ハイデルベルヒ,アルトハイデルベルヒ,あるとはいてるへるひ,,,,「婦人画報」1940（昭和15）年3月,NDC 913,新字新仮名,なし,1999-12-20,2014-09-17,http://www.aozora.gr.jp/cards/000035/card238.html,000035,太宰,治,だざい,おさむ,たさい,おさむ,Dazai,Osamu,著者,1909-06-19,1948-06-13,なし,太宰治全集3,ちくま文庫、筑摩書房,1988（昭和63）年10月25日,,,筑摩全集類聚版太宰治全集,筑摩書房,1975（昭和50）年6月～1976（昭和51）年6月刊行,,,,,,,,,柴田卓治,小林繁雄,http://www.aozora.gr.jp/cards/000035/files/238_ruby_20004.zip,2005-10-25,ShiftJIS,JIS X 0208,1,http://www.aozora.gr.jp/cards/000035/files/238_20005.html,2005-10-25,ShiftJIS,JIS X 0208,0
054179,『老ハイデルベルヒ』序,『アルトハイデルベルヒ』じょ,あるとはいてるへるひしよ,,,,「老ハイデルベルヒ」竹村書房、1942（昭和17）年5月20日,NDC 914,旧字旧仮名,なし,2012-02-11,2014-09-16,http://www.aozora.gr.jp/cards/000035/card54179.html,000035,太宰,治,だざい,おさむ,たさい,おさむ,Dazai,Osamu,著者,1909-06-19,1948-06-13,なし,太宰治全集11,筑摩書房,1999（平成11）年3月25日,1999（平成11）年3月25日初版第1刷,2001（平成13）年11月10日初版第2刷,,,,,,,,,,,,小林繁雄,阿部哲也,http://www.aozora.gr.jp/cards/000035/files/54179_ruby_45788.zip,2012-01-07,ShiftJIS,JIS X 0208,0,http://www.aozora.gr.jp/cards/000035/files/54179_46724.html,2012-01-07,ShiftJIS,JIS X 0208,0
001592,一日の労苦,いちにちのろうく,いちにちのろうく,,,,「新潮　第三十五年第三号」1938（昭和13）年3月1日,NDC 914,新字新仮名,なし,2005-04-24,2016-07-12,http://www.aozora.gr.jp/cards/000035/card1592.html,000035,太宰,治,だざい,おさむ,たさい,おさむ,Dazai,Osamu,著者,1909-06-19,1948-06-13,なし,太宰治全集10,ちくま文庫、筑摩書房,1989（平成元）年6月27日,1989（平成元）年6月27日第1刷,1996（平成8）年7月15日第3刷,筑摩全集類聚版太宰治全集第十巻,筑摩書房,1977（昭和52）年2月25日,,,,,,,,,土屋隆,noriko saito,http://www.aozora.gr.jp/cards/000035/files/1592_ruby_17960.zip,2016-07-12,ShiftJIS,JIS X 0208,1,http://www.aozora.gr.jp/cards/000035/files/1592_18113.html,2016-07-12,ShiftJIS,JIS X 0208,1
001598,一問一答,いちもんいっとう,いちもんいつとう,,,,「芸術新聞　第五百六十一号」1942（昭和17）年4月11日,NDC 913,新字新仮名,なし,2005-04-22,2016-07-12,http://www.aozora.gr.jp/cards/000035/card1598.html,000035,太宰,治,だざい,おさむ,たさい,おさむ,Dazai,Osamu,著者,1909-06-19,1948-06-13,なし,太宰治全集10,ちくま文庫、筑摩書房,1989（平成元）年6月27日,1989（平成元）年6月27日第1刷,1996（平成8）年7月15日第3刷,筑摩全集類聚版太宰治全集第十巻,筑摩書房,1977（昭和52）年2月25日,,,,,,,,,土屋隆,noriko saito,http://www.aozora.gr.jp/cards/000035/files/1598_ruby_18022.zip,2016-07-12,ShiftJIS,JIS X 0208,1,http://www.aozora.gr.jp/cards/000035/files/1598_18102.html,2016-07-12,ShiftJIS,JIS X 0208,1
000273,一灯,いっとう,いつとう,,,,「文芸世紀」1940（昭和15）年11月,NDC 913,新字新仮名,なし,2000-04-27,2014-09-17,http://www.aozora.gr.jp/cards/000035/card273.html,000035,太宰,治,だざい,おさむ,たさい,おさむ,Dazai,Osamu,著者,1909-06-19,1948-06-13,なし,太宰治全集3,ちくま文庫、筑摩書房,1988（昭和63）年10月25日,,1998（平成10）年6月15日第2刷,筑摩全集類聚版太宰治全集,筑摩書房,1975（昭和50）年6月～1976（昭和51）年6月刊行,,,,,,,,,柴田卓治,渥美浩子,http://www.aozora.gr.jp/cards/000035/files/273_ruby_20006.zip,2005-10-25,ShiftJIS,JIS X 0208,1,http://www.aozora.gr.jp/cards/000035/files/273_20007.html,2005-10-25,ShiftJIS,JIS X 0208,0
001593,一歩前進二歩退却,いっぽぜんしんにほたいきゃく,いつほせんしんにほたいきやく,,,,「文筆」1938（昭和13）年8月1日,NDC 914,新字新仮名,なし,2005-04-22,2016-07-12,http://www.aozora.gr.jp/cards/000035/card1593.html,000035,太宰,治,だざい,おさむ,たさい,おさむ,Dazai,Osamu,著者,1909-06-19,1948-06-13,なし,太宰治全集10,ちくま文庫、筑摩書房,1989（平成元）年6月27日,1989（平成元）年6月27日第1刷,1996（平成8）年7月15日第3刷,筑摩全集類聚版太宰治全集第十巻,筑摩書房,1977（昭和52）年2月25日,,,,,,,,,土屋隆,noriko saito,http://www.aozora.gr.jp/cards/000035/files/1593_ruby_18017.zip,2016-07-12,ShiftJIS,JIS X 0208,1,http://www.aozora.gr.jp/cards/000035/files/1593_18101.html,2016-07-12,ShiftJIS,JIS X 0208,1
042362,田舎者,いなかもの,いなかもの,,,,,NDC 914,新字新仮名,なし,2009-04-10,2014-09-21,http://www.aozora.gr.jp/cards/000035/card42362.html,000035,太宰,治,だざい,おさむ,たさい,おさむ,Dazai,Osamu,著者,1909-06-19,1948-06-13,なし,もの思う葦,新潮文庫、新潮社,1980（昭和55）年9月25日,1998（平成10）年10月15日39刷,1997（平成9）年7月30日36刷,,,,,,,,,,,,蒋龍,土屋隆,http://www.aozora.gr.jp/cards/000035/files/42362_txt_34277.zip,2009-04-07,ShiftJIS,JIS X 0208,0,http://www.aozora.gr.jp/cards/000035/files/42362_34746.html,2009-04-07,ShiftJIS,JIS X 0208,0
042359,『井伏鱒二選集』後記,『いぶせますじせんしゅう』こうき,いふせますしせんしゆうこうき,,,,,NDC 914,新字新仮名,なし,2004-07-12,2014-09-18,http://www.aozora.gr.jp/cards/000035/card42359.html,000035,太宰,治,だざい,おさむ,たさい,おさむ,Dazai,Osamu,著者,1909-06-19,1948-06-13,なし,もの思う葦,新潮文庫、新潮社,1980（昭和55）年9月25日,1998（平成10）年10月15日39刷,1980（昭和55）年11月15日3刷,,,,,,,,,,,,蒋龍,今井忠夫,http://www.aozora.gr.jp/cards/000035/files/42359_ruby_15855.zip,2004-06-16,ShiftJIS,JIS X 0208,0,http://www.aozora.gr.jp/cards/000035/files/42359_15871.html,2004-06-16,ShiftJIS,JIS X 0208,0
000272,陰火,いんか,いんか,,,,「文藝雑誌　第一巻第四号」1936（昭和11）年4月1日,NDC 913,旧字旧仮名,なし,1999-07-12,2016-02-23,http://www.aozora.gr.jp/cards/000035/card272.html,000035,太宰,治,だざい,おさむ,たさい,おさむ,Dazai,Osamu,著者,1909-06-19,1948-06-13,なし,太宰治全集2,筑摩書房,1998（平成10）年5月25日,1998（平成10）年5月25日初版第1刷,,晩年,第一小説集叢書、砂子屋書房,1936（昭和11）年6月25日,,,,,,,,,赤木孝之,湯地光弘,http://www.aozora.gr.jp/cards/000035/files/272_ruby_2189.zip,2016-02-23,ShiftJIS,JIS X 0208,3,http://www.aozora.gr.jp/cards/000035/files/272_15101.html,2016-02-23,ShiftJIS,JIS X 0208,2
002253,ヴィヨンの妻,ヴィヨンのつま,ういよんのつま,,,,,NDC 913,新字新仮名,なし,1999-01-01,2014-09-17,http://www.aozora.gr.jp/cards/000035/card2253.html,000035,太宰,治,だざい,おさむ,たさい,おさむ,Dazai,Osamu,著者,1909-06-19,1948-06-13,なし,ヴィヨンの妻,新潮文庫、新潮社,1950（昭和25）年12月20日、1985（昭和60）年10月30日63刷改版,,1992（平成4）年9月5日第79刷,,,,,,,,,,,,細渕紀子,小浜真由美,http://www.aozora.gr.jp/cards/000035/files/2253_ruby_1031.zip,2011-05-22,ShiftJIS,JIS X 0208,5,http://www.aozora.gr.jp/cards/000035/files/2253_14908.html,2011-05-22,ShiftJIS,JIS X 0208,1
002254,嘘,うそ,うそ,,,,,NDC 913,新字新仮名,なし,2000-02-01,2014-09-17,http://www.aozora.gr.jp/cards/000035/card2254.html,000035,太宰,治,だざい,おさむ,たさい,おさむ,Dazai,Osamu,著者,1909-06-19,1948-06-13,なし,太宰治全集8,ちくま文庫、筑摩書房,1989（平成元）年4月25日,,,筑摩全集類聚版太宰治全集,筑摩書房,1975（昭和50）年6月～1976（昭和51）年6月刊行,,,,,,,,,柴田卓治,もりみつじゅんじ,http://www.aozora.gr.jp/cards/000035/files/2254_ruby_20133.zip,2005-11-01,ShiftJIS,JIS X 0208,1,http://www.aozora.gr.jp/cards/000035/files/2254_20134.html,2005-11-01,ShiftJIS,JIS X 0208,0
002255,右大臣実朝,うだいじんさねとも,うたいしんさねとも,,,,,NDC 913,新字旧仮名,なし,1999-01-05,2014-09-17,http://www.aozora.gr.jp/cards/000035/card2255.html,000035,太宰,治,だざい,おさむ,たさい,おさむ,Dazai,Osamu,著者,1909-06-19,1948-06-13,なし,太宰治全集第五巻,筑摩書房,1990（平成2）年2月27日,1990（平成2）年2月27日初版第1刷,,,,,,,,,,,,,八巻美恵,,http://www.aozora.gr.jp/cards/000035/files/2255_ruby_5624.zip,2014-06-27,ShiftJIS,JIS X 0208,5,http://www.aozora.gr.jp/cards/000035/files/2255_15060.html,2014-06-27,ShiftJIS,JIS X 0208,5
042354,鬱屈禍,うっくつか,うつくつか,,,,,NDC 914,新字新仮名,なし,2004-07-10,2014-09-18,http://www.aozora.gr.jp/cards/000035/card42354.html,000035,太宰,治,だざい,おさむ,たさい,おさむ,Dazai,Osamu,著者,1909-06-19,1948-06-13,なし,もの思う葦,新潮文庫、新潮社,1980（昭和55）年9月25日,1998（平成10）年10月15日39刷,1980（昭和55）年11月15日3刷,,,,,,,,,,,,蒋龍,今井忠夫,http://www.aozora.gr.jp/cards/000035/files/42354_ruby_15856.zip,2004-06-16,ShiftJIS,JIS X 0208,0,http://www.aozora.gr.jp/cards/000035/files/42354_15872.html,2004-06-16,ShiftJIS,JIS X 0208,0
002256,姥捨,うばすて,うはすて,,,,,NDC 913,新字新仮名,なし,1999-09-06,2014-09-17,http://www.aozora.gr.jp/cards/000035/card2256.html,000035,太宰,治,だざい,おさむ,たさい,おさむ,Dazai,Osamu,著者,1909-06-19,1948-06-13,なし,太宰治全集2,ちくま文庫、筑摩書房,1988（昭和63）年9月27日,,,筑摩全集類聚版太宰治全集,筑摩書房,1975（昭和50）年6月～1976（昭和51）年6月刊行,,,,,,,,,柴田卓治,小林繁雄,http://www.aozora.gr.jp/cards/000035/files/2256_ruby_19984.zip,2005-10-22,ShiftJIS,JIS X 0208,1,http://www.aozora.gr.jp/cards/000035/files/2256_19985.html,2005-10-22,ShiftJIS,JIS X 0208,0
054169,『姥捨』あとがき,『うばすて』あとがき,うはすてあとかき,,,,「姥捨」ポリゴン書房、1947（昭和22）年6月10日,NDC 914,旧字旧仮名,なし,2012-02-11,2014-09-16,http://www.aozora.gr.jp/cards/000035/card54169.html,000035,太宰,治,だざい,おさむ,たさい,おさむ,Dazai,Osamu,著者,1909-06-19,1948-06-13,なし,太宰治全集11,筑摩書房,1999（平成11）年3月25日,1999（平成11）年3月25日初版第1刷,2001（平成13）年11月10日初版第2刷,,,,,,,,,,,,小林繁雄,阿部哲也,http://www.aozora.gr.jp/cards/000035/files/54169_txt_45792.zip,2012-01-07,ShiftJIS,JIS X 0208,0,http://www.aozora.gr.jp/cards/000035/files/54169_46725.html,2012-01-07,ShiftJIS,JIS X 0208,0
042363,海,うみ,うみ,,,,,NDC 914,新字新仮名,なし,2004-07-08,2014-09-18,http://www.aozora.gr.jp/cards/000035/card42363.html,000035,太宰,治,だざい,おさむ,たさい,おさむ,Dazai,Osamu,著者,1909-06-19,1948-06-13,なし,もの思う葦,新潮文庫、新潮社,1980（昭和55）年9月25日,1998（平成10）年10月15日39刷,1980（昭和55）年11月15日3刷,,,,,,,,,,,,蒋龍,今井忠夫,http://www.aozora.gr.jp/cards/000035/files/42363_ruby_15857.zip,2004-06-16,ShiftJIS,JIS X 0208,0,http://www.aozora.gr.jp/cards/000035/files/42363_15873.html,2004-06-16,ShiftJIS,JIS X 0208,0
043071,炎天汗談,えんてんかんだん,えんてんかんたん,,,,「芸術新聞」1942（昭和17）年8月,NDC 914,新字新仮名,なし,2005-02-12,2014-09-18,http://www.aozora.gr.jp/cards/000035/card43071.html,000035,太宰,治,だざい,おさむ,たさい,おさむ,Dazai,Osamu,著者,1909-06-19,1948-06-13,なし,道化の精神,大和出版,1969（昭和44）年2月28日,1992（平成4）年6月30日新装1刷,1992（平成4）年6月30日新装1刷,,,,,,,,,,,,青空文庫,土屋隆,http://www.aozora.gr.jp/cards/000035/files/43071_ruby_17318.zip,2011-01-31,ShiftJIS,JIS X 0208,1,http://www.aozora.gr.jp/cards/000035/files/43071_17526.html,2011-01-31,ShiftJIS,JIS X 0208,1
002257,黄金風景,おうごんふうけい,おうこんふうけい,,,,「国民新聞」1939（昭和14）年3月,NDC 913,新字新仮名,なし,1999-05-09,2014-09-17,http://www.aozora.gr.jp/cards/000035/card2257.html,000035,太宰,治,だざい,おさむ,たさい,おさむ,Dazai,Osamu,著者,1909-06-19,1948-06-13,なし,きりぎりす,新潮文庫、新潮社,1974（昭和49）年9月30日、1988（昭和63）年3月15日29刷改版,1996（平成8）年9月25日第46刷,,,,,,,,,,,,,深水英一郎、加藤るみ,加藤るみ,http://www.aozora.gr.jp/cards/000035/files/2257_ruby_1691.zip,2004-03-04,ShiftJIS,JIS X 0208,2,http://www.aozora.gr.jp/cards/000035/files/2257_15061.html,2004-03-04,ShiftJIS,JIS X 0208,0
000287,黄村先生言行録,おうそんせんせいげんこうろく,おうそんせんせいけんこうろく,,,,「文学界」1943（昭和18）年1月,NDC 913,新字新仮名,なし,2000-05-02,2014-09-17,http://www.aozora.gr.jp/cards/000035/card287.html,000035,太宰,治,だざい,おさむ,たさい,おさむ,Dazai,Osamu,著者,1909-06-19,1948-06-13,なし,太宰治全集5,ちくま文庫、筑摩書房,1989（昭和64）年1月31日,1989（昭和64）年1月31日第1刷,1998（平成10）年4月1日第2刷,筑摩全集類聚版太宰治全集,筑摩書房,1975（昭和50）年6月～1976（昭和51）年6月,,,,,,,,,柴田卓治,しず,http://www.aozora.gr.jp/cards/000035/files/287_ruby_3725.zip,2004-03-04,ShiftJIS,JIS X 0208,2,http://www.aozora.gr.jp/cards/000035/files/287_15062.html,2004-03-04,ShiftJIS,JIS X 0208,0
000308,桜桃,おうとう,おうとう,,,,「世界」1948（昭和23）年5月,NDC 913,新字新仮名,なし,1999-04-08,2014-09-17,http://www.aozora.gr.jp/cards/000035/card308.html,000035,太宰,治,だざい,おさむ,たさい,おさむ,Dazai,Osamu,著者,1909-06-19,1948-06-13,なし,人間失格・桜桃,角川文庫、角川書店,1989（平成元）年4月10日,,1990（平成2）年6月20日6版,,,,,,,,,,,,高橋美奈子,瀬戸さえ子,http://www.aozora.gr.jp/cards/000035/files/308_ruby_1623.zip,2004-02-23,ShiftJIS,JIS X 0208,2,http://www.aozora.gr.jp/cards/000035/files/308_14910.html,2004-02-23,ShiftJIS,JIS X 0208,0
042364,緒方氏を殺した者,おがたしをころしたもの,おかたしをころしたもの,,,,,NDC 914,新字新仮名,なし,2004-07-12,2014-09-18,http://www.aozora.gr.jp/cards/000035/card42364.html,000035,太宰,治,だざい,おさむ,たさい,おさむ,Dazai,Osamu,著者,1909-06-19,1948-06-13,なし,もの思う葦,新潮文庫、新潮社,1980（昭和55）年9月25日,1998（平成10）年10月15日39刷,1980（昭和55）年11月15日3刷,,,,,,,,,,,,蒋龍,今井忠夫,http://www.aozora.gr.jp/cards/000035/files/42364_ruby_15858.zip,2005-10-21,ShiftJIS,JIS X 0208,1,http://www.aozora.gr.jp/cards/000035/files/42364_15874.html,2005-10-21,ShiftJIS,JIS X 0208,1
000305,おさん,おさん,おさん,,,,「改造」1947（昭和22）年10月,NDC 913,新字新仮名,なし,2000-01-24,2014-09-17,http://www.aozora.gr.jp/cards/000035/card305.html,000035,太宰,治,だざい,おさむ,たさい,おさむ,Dazai,Osamu,著者,1909-06-19,1948-06-13,なし,太宰治全集9,ちくま文庫、筑摩書房,1989（平成元）年5月30日,1998（平成10）年6月15日第5刷,1998（平成10）年6月15日第5刷,筑摩全集類聚版太宰治全集,筑摩書房,1975（昭和50）年6月～1976（昭和51）年6月刊行,,,,,,,,,柴田卓治,かとうかおり,http://www.aozora.gr.jp/cards/000035/files/305_ruby_20173.zip,2005-11-05,ShiftJIS,JIS X 0208,1,http://www.aozora.gr.jp/cards/000035/files/305_20174.html,2005-11-05,ShiftJIS,JIS X 0208,0
000306,おしゃれ童子,おしゃれどうじ,おしやれとうし,,,,「婦人画報」1939（昭和14）年11月,NDC 913,新字新仮名,なし,1999-10-26,2014-09-17,http://www.aozora.gr.jp/cards/000035/card306.html,000035,太宰,治,だざい,おさむ,たさい,おさむ,Dazai,Osamu,著者,1909-06-19,1948-06-13,なし,太宰治全集3,ちくま文庫、筑摩書房,1988（昭和63）年10月25日,,,筑摩全集類聚版太宰治全集,筑摩書房,1975（昭和50）年6月～1976（昭和51）年6月刊行,,,,,,,,,柴田卓治,小林繁雄,http://www.aozora.gr.jp/cards/000035/files/306_ruby_20008.zip,2005-10-25,ShiftJIS,JIS X 0208,1,http://www.aozora.gr.jp/cards/000035/files/306_20009.html,2005-10-25,ShiftJIS,JIS X 0208,0
042365,織田君の死,おだくんのし,おたくんのし,,,,,NDC 916,新字新仮名,なし,2004-07-08,2014-09-18,http://www.aozora.gr.jp/cards/000035/card42365.html,000035,太宰,治,だざい,おさむ,たさい,おさむ,Dazai,Osamu,著者,1909-06-19,1948-06-13,なし,もの思う葦,新潮文庫、新潮社,1980（昭和55）年9月25日,1998（平成10）年10月15日39刷,1980（昭和55）年11月15日3刷,,,,,,,,,,,,蒋龍,今井忠夫,http://www.aozora.gr.jp/cards/000035/files/42365_ruby_15859.zip,2004-06-16,ShiftJIS,JIS X 0208,0,http://www.aozora.gr.jp/cards/000035/files/42365_15875.html,2004-06-16,ShiftJIS,JIS X 0208,0
052380,お伽草紙,おとぎぞうし,おときそうし,,,,「お伽草紙」1945（昭和20）年10月25日,NDC 913,旧字旧仮名,なし,2011-08-08,2014-09-16,http://www.aozora.gr.jp/cards/000035/card52380.html,000035,太宰,治,だざい,おさむ,たさい,おさむ,Dazai,Osamu,著者,1909-06-19,1948-06-13,なし,太宰治全集8,筑摩書房,1998（平成10）年11月25日,1998（平成10）年11月25日初版第1刷,2001（平成13）年6月20日初版第2刷,お伽草紙,筑摩書房,1946年（昭和21）年2月25日,,,,,,,,,大沢たかお,阿部哲也,http://www.aozora.gr.jp/cards/000035/files/52380_ruby_43513.zip,2011-07-17,ShiftJIS,JIS X 0208,0,http://www.aozora.gr.jp/cards/000035/files/52380_44331.html,2011-07-17,ShiftJIS,JIS X 0208,0
000307,お伽草紙,おとぎぞうし,おときそうし,,,,筑摩書房刊、1945（昭和20）年10月,NDC 913,新字旧仮名,なし,2000-01-13,2014-09-17,http://www.aozora.gr.jp/cards/000035/card307.html,000035,太宰,治,だざい,おさむ,たさい,おさむ,Dazai,Osamu,著者,1909-06-19,1948-06-13,なし,太宰治全集第七巻,筑摩書房,1990（平成2）年6月27日,1990（平成2）年6月27日初版第1刷,,,,,,,,,,,,,八巻美恵,高橋じゅんや,http://www.aozora.gr.jp/cards/000035/files/307_ruby_3042.zip,2004-02-23,ShiftJIS,JIS X 0208,4,http://www.aozora.gr.jp/cards/000035/files/307_14909.html,2004-02-23,ShiftJIS,JIS X 0208,0
001606,音について,おとについて,おとについて,,,,「早稲田大学新聞　第60号」早稲田大学新聞社、1937（昭和12）年1月20日,NDC 913,新字旧仮名,なし,2002-12-11,2014-09-17,http://www.aozora.gr.jp/cards/000035/card1606.html,000035,太宰,治,だざい,おさむ,たさい,おさむ,Dazai,Osamu,著者,1909-06-19,1948-06-13,なし,太宰治全集　10,筑摩書房,1990（平成2）年12月25日,1990（平成2）年12月25日初版第1刷,,,,,,,,,,,,,砂場清隆,林幸雄,http://www.aozora.gr.jp/cards/000035/files/1606_ruby_7912.zip,2002-12-03,ShiftJIS,JIS X 0208,0,http://www.aozora.gr.jp/cards/000035/files/1606_7913.html,2002-12-03,ShiftJIS,JIS X 0208,0
046598,音に就いて,おとについて,おとについて,,,,,NDC 914,新字新仮名,なし,2006-12-28,2014-09-18,http://www.aozora.gr.jp/cards/000035/card46598.html,000035,太宰,治,だざい,おさむ,たさい,おさむ,Dazai,Osamu,著者,1909-06-19,1948-06-13,なし,もの思う葦,新潮文庫、新潮社,1980（昭和55）年9月25日,1998（平成10）年10月15日39刷,2002（平成14）年5月30日42刷改版,,,,,,,,,,,,蒋龍,土屋隆,http://www.aozora.gr.jp/cards/000035/files/46598_ruby_24667.zip,2006-11-15,ShiftJIS,JIS X 0208,0,http://www.aozora.gr.jp/cards/000035/files/46598_24915.html,2006-11-15,ShiftJIS,JIS X 0208,0
052679,同じ星,おなじほし,おなしほし,,,,「鱒　第一巻第一号」1947（昭和22）年1月1日,NDC 914,旧字旧仮名,なし,2011-12-20,2014-09-16,http://www.aozora.gr.jp/cards/000035/card52679.html,000035,太宰,治,だざい,おさむ,たさい,おさむ,Dazai,Osamu,著者,1909-06-19,1948-06-13,なし,太宰治全集11,筑摩書房,1999（平成11）年3月25日,1999（平成11）年3月25日初版第1刷,2001（平成13）年11月10日初版第2刷,,,,,,,,,,,,小林繁雄,阿部哲也,http://www.aozora.gr.jp/cards/000035/files/52679_txt_45419.zip,2011-10-11,ShiftJIS,JIS X 0208,0,http://www.aozora.gr.jp/cards/000035/files/52679_45489.html,2011-10-11,ShiftJIS,JIS X 0208,0
001574,思ひ出,おもいで,おもいて,,,,一章「海豹　第一巻第二号」1933（昭和8）年4月1日<br>二章「海豹　第一巻第四号」1933（昭和8）年6月1日<br>三章「海豹　第一巻第五号」1933（昭和8）年7月1日,NDC 913,旧字旧仮名,なし,2004-04-22,2016-02-23,http://www.aozora.gr.jp/cards/000035/card1574.html,000035,太宰,治,だざい,おさむ,たさい,おさむ,Dazai,Osamu,著者,1909-06-19,1948-06-13,なし,太宰治全集2,筑摩書房,1998（平成10）年5月25日,1998（平成10）年5月25日初版第1刷,1998（平成10）年5月25日初版第1刷,晩年,第一小説集叢書、砂子屋書房,1936（昭和11）年6月25日,,,,,,,,,赤木孝之,小林繁雄,http://www.aozora.gr.jp/cards/000035/files/1574_ruby_15426.zip,2016-02-23,ShiftJIS,JIS X 0208,1,http://www.aozora.gr.jp/cards/000035/files/1574_15508.html,2016-02-23,ShiftJIS,JIS X 0208,1
054170,『思ひ出』序,『おもいで』じょ,おもいてしよ,,,,「思ひ出」人文書院、1940（昭和15）年6月1日,NDC 914,旧字旧仮名,なし,2012-02-11,2014-09-16,http://www.aozora.gr.jp/cards/000035/card54170.html,000035,太宰,治,だざい,おさむ,たさい,おさむ,Dazai,Osamu,著者,1909-06-19,1948-06-13,なし,太宰治全集11,筑摩書房,1999（平成11）年3月25日,1999（平成11）年3月25日初版第1刷,2001（平成13）年11月10日初版第2刷,,,,,,,,,,,,小林繁雄,阿部哲也,http://www.aozora.gr.jp/cards/000035/files/54170_txt_45783.zip,2012-01-07,ShiftJIS,JIS X 0208,0,http://www.aozora.gr.jp/cards/000035/files/54170_46726.html,2012-01-07,ShiftJIS,JIS X 0208,0
000309,親という二字,おやというにじ,おやというにし,,,,「新風」1946（昭和21）年1月,NDC 913,新字新仮名,なし,2000-03-21,2014-09-17,http://www.aozora.gr.jp/cards/000035/card309.html,000035,太宰,治,だざい,おさむ,たさい,おさむ,Dazai,Osamu,著者,1909-06-19,1948-06-13,なし,太宰治全集8,ちくま文庫、筑摩書房,1989（平成元）年4月25日,,1998（平成10）年1月20日第2刷,筑摩全集類聚版太宰治全集,筑摩書房,1975（昭和50）年6月～1976（昭和51）年6月刊行,,,,,,,,,柴田卓治,ゆうこ,http://www.aozora.gr.jp/cards/000035/files/309_ruby_20135.zip,2005-11-01,ShiftJIS,JIS X 0208,1,http://www.aozora.gr.jp/cards/000035/files/309_20136.html,2005-11-01,ShiftJIS,JIS X 0208,0
000304,女の決闘,おんなのけっとう,おんなのけつとう,,,,「月刊文章」1940（昭和15）年1～6月,NDC 913,新字新仮名,なし,1999-12-07,2014-09-17,http://www.aozora.gr.jp/cards/000035/card304.html,000035,太宰,治,だざい,おさむ,たさい,おさむ,Dazai,Osamu,著者,1909-06-19,1948-06-13,なし,太宰治全集3,ちくま文庫、筑摩書房,1988（昭和63）年10月25日,1988（昭和63）年10月25日第1刷,,筑摩全集類聚版太宰治全集,筑摩書房,1975（昭和50）年6月～1976（昭和51）年6月,,,,,,,,,柴田卓治,小林繁雄,http://www.aozora.gr.jp/cards/000035/files/304_ruby_2876.zip,2004-03-04,ShiftJIS,JIS X 0208,1,http://www.aozora.gr.jp/cards/000035/files/304_15063.html,2004-03-04,ShiftJIS,JIS X 0208,0
001603,かくめい,かくめい,かくめい,,,,「ろまねすく　第一巻第一号」1948（昭和23）年1月1日,NDC 914,新字新仮名,なし,2005-04-22,2016-07-12,http://www.aozora.gr.jp/cards/000035/card1603.html,000035,太宰,治,だざい,おさむ,たさい,おさむ,Dazai,Osamu,著者,1909-06-19,1948-06-13,なし,太宰治全集10,ちくま文庫、筑摩書房,1989（平成元）年6月27日,1989（平成元）年6月27日第1刷,1996（平成8）年7月15日第3刷,筑摩全集類聚版太宰治全集第十巻,筑摩書房,1977（昭和52）年2月25日,,,,,,,,,土屋隆,noriko saito,http://www.aozora.gr.jp/cards/000035/files/1603_txt_18024.zip,2016-07-12,ShiftJIS,JIS X 0208,1,http://www.aozora.gr.jp/cards/000035/files/1603_18103.html,2016-07-12,ShiftJIS,JIS X 0208,1
000277,駈込み訴え,かけこみうったえ,かけこみうつたえ,,,,「中央公論」1940（昭和15）年2月,NDC 913,新字新仮名,なし,1999-02-24,2014-09-17,http://www.aozora.gr.jp/cards/000035/card277.html,000035,太宰,治,だざい,おさむ,たさい,おさむ,Dazai,Osamu,著者,1909-06-19,1948-06-13,なし,走れメロス,新潮文庫、新潮社,1967（昭和42）年7月10日、1985（昭和60）年9月15日40刷改版,1988（昭和63）年10月10日48刷,,,,,,,,,,,,,文咲苺子,高橋真也,http://www.aozora.gr.jp/cards/000035/files/277_ruby_33097.zip,2008-10-05,ShiftJIS,JIS X 0208,2,http://www.aozora.gr.jp/cards/000035/files/277_33098.html,2008-10-05,ShiftJIS,JIS X 0208,0
043423,佳日,かじつ,かしつ,,,,「改造　第二十六巻第一号」改造社、1944（昭和19）年1月1日,NDC 913,新字新仮名,なし,2005-11-07,2014-09-18,http://www.aozora.gr.jp/cards/000035/card43423.html,000035,太宰,治,だざい,おさむ,たさい,おさむ,Dazai,Osamu,著者,1909-06-19,1948-06-13,なし,太宰治全集6,ちくま文庫、筑摩書房,1989（平成元）年2月28日,1989（昭和64）年2月28日第1刷,1996（平成8）年7月15日第2刷,,,,筑摩全集類聚版太宰治全集,筑摩書房,1975（昭和50）年6月～1976（昭和51）年6月,,,,,,増山一光,小林繁雄,http://www.aozora.gr.jp/cards/000035/files/43423_ruby_19750.zip,2005-10-08,ShiftJIS,JIS X 0208,0,http://www.aozora.gr.jp/cards/000035/files/43423_19791.html,2005-10-08,ShiftJIS,JIS X 0208,0
000281,花燭,かしょく,かしよく,,,,1939（昭和14）年5月,NDC 913,新字新仮名,なし,1999-09-29,2014-09-17,http://www.aozora.gr.jp/cards/000035/card281.html,000035,太宰,治,だざい,おさむ,たさい,おさむ,Dazai,Osamu,著者,1909-06-19,1948-06-13,なし,太宰治全集2,ちくま文庫、筑摩書房,1988（昭和63）年9月27日,,,筑摩全集類聚版太宰治全集,筑摩書房,1975（昭和50）年6月～1976（昭和51）年6月刊行,,,,,,,,,柴田卓治,小林繁雄,http://www.aozora.gr.jp/cards/000035/files/281_ruby_19986.zip,2005-10-22,ShiftJIS,JIS X 0208,1,http://www.aozora.gr.jp/cards/000035/files/281_19987.html,2005-10-22,ShiftJIS,JIS X 0208,0
001591,かすかな声,かすかなこえ,かすかなこえ,,,,「帝国大学新聞　第八百三十三号」1940（昭和15）年11月25日,NDC 914,新字新仮名,なし,2005-04-22,2016-07-12,http://www.aozora.gr.jp/cards/000035/card1591.html,000035,太宰,治,だざい,おさむ,たさい,おさむ,Dazai,Osamu,著者,1909-06-19,1948-06-13,なし,太宰治全集10,ちくま文庫、筑摩書房,1989（平成元）年6月27日,1989（平成元）年6月27日第1刷,1996（平成8）年7月15日第3刷,筑摩全集類聚版太宰治全集第十巻,筑摩書房,1977（昭和52）年2月25日,,,,,,,,,土屋隆,noriko saito,http://www.aozora.gr.jp/cards/000035/files/1591_ruby_18016.zip,2016-07-12,ShiftJIS,JIS X 0208,1,http://www.aozora.gr.jp/cards/000035/files/1591_18104.html,2016-07-12,ShiftJIS,JIS X 0208,1
000283,風の便り,かぜのたより,かせのたより,,,,1942（昭和17）年4月,NDC 913,新字新仮名,なし,2000-04-01,2014-09-17,http://www.aozora.gr.jp/cards/000035/card283.html,000035,太宰,治,だざい,おさむ,たさい,おさむ,Dazai,Osamu,著者,1909-06-19,1948-06-13,なし,太宰治全集4,ちくま文庫、筑摩書房,1988（昭和63）年12月1日,1988（昭和63）年12月1日第1刷,,筑摩全集類聚版太宰治全集,筑摩書房,1975（昭和50）年6月～1976（昭和51）年6月,,,,,,,,,柴田卓治,高橋真也,http://www.aozora.gr.jp/cards/000035/files/283_ruby_3579.zip,2004-03-04,ShiftJIS,JIS X 0208,1,http://www.aozora.gr.jp/cards/000035/files/283_15064.html,2004-03-04,ShiftJIS,JIS X 0208,0
054171,『風の便り』あとがき,『かぜのたより』あとがき,かせのたよりあとかき,,,,「風の便り」利根書房、1942（昭和17）年4月16日,NDC 914,旧字旧仮名,なし,2012-02-16,2014-09-16,http://www.aozora.gr.jp/cards/000035/card54171.html,000035,太宰,治,だざい,おさむ,たさい,おさむ,Dazai,Osamu,著者,1909-06-19,1948-06-13,なし,太宰治全集11,筑摩書房,1999（平成11）年3月25日,1999（平成11）年3月25日初版第1刷,2001（平成13）年11月10日初版第2刷,,,,,,,,,,,,小林繁雄,阿部哲也,http://www.aozora.gr.jp/cards/000035/files/54171_txt_45780.zip,2012-01-07,ShiftJIS,JIS X 0208,0,http://www.aozora.gr.jp/cards/000035/files/54171_46727.html,2012-01-07,ShiftJIS,JIS X 0208,0
000280,喝采,かっさい,かつさい,,,,「若草」1936（昭和11）年10月,NDC 913,新字新仮名,なし,1999-07-30,2014-09-17,http://www.aozora.gr.jp/cards/000035/card280.html,000035,太宰,治,だざい,おさむ,たさい,おさむ,Dazai,Osamu,著者,1909-06-19,1948-06-13,なし,太宰治全集2,ちくま文庫、筑摩書房,1988（昭和63）年9月27日,,,筑摩全集類聚版太宰治全集,筑摩書房,1975（昭和50）年6月～1976（昭和51）年6月刊行,,,,,,,,,柴田卓治,小林繁雄,http://www.aozora.gr.jp/cards/000035/files/280_ruby_19989.zip,2013-09-28,ShiftJIS,JIS X 0208,1,http://www.aozora.gr.jp/cards/000035/files/280_19990.html,2013-09-28,ShiftJIS,JIS X 0208,1
000282,家庭の幸福,かていのこうふく,かていのこうふく,,,,「中央公論」1948（昭和23）年8月号,NDC 913,新字新仮名,なし,1999-01-01,2014-09-17,http://www.aozora.gr.jp/cards/000035/card282.html,000035,太宰,治,だざい,おさむ,たさい,おさむ,Dazai,Osamu,著者,1909-06-19,1948-06-13,なし,ヴィヨンの妻,新潮文庫、新潮社,1950（昭和25）年12月20日、1985（昭和60）年10月30日63刷改版,1985（昭和60）年10月30日63刷改版,1992（平成4）年9月5日79刷,,,,,,,,,,,,細渕紀子,小浜真由美,http://www.aozora.gr.jp/cards/000035/files/282_ruby_1043.zip,2011-10-05,ShiftJIS,JIS X 0208,2,http://www.aozora.gr.jp/cards/000035/files/282_45418.html,2011-10-05,ShiftJIS,JIS X 0208,0
000276,貨幣,かへい,かへい,,,,「婦人朝日」1946（昭和21年）2月号,NDC 913,新字新仮名,なし,1999-01-01,2014-09-17,http://www.aozora.gr.jp/cards/000035/card276.html,000035,太宰,治,だざい,おさむ,たさい,おさむ,Dazai,Osamu,著者,1909-06-19,1948-06-13,なし,女生徒,角川文庫、角川書店,1954（昭和29）年10月20日、1968（昭和43）年2月5日改版44版,1994（平成6）年6月15日改版49版,1994（平成6）年6月15日改版49版,,,,,,,,,,,,SAME SIDE,細渕紀子,http://www.aozora.gr.jp/cards/000035/files/276_ruby_1040.zip,2011-10-06,ShiftJIS,JIS X 0208,2,http://www.aozora.gr.jp/cards/000035/files/276_45435.html,2011-10-06,ShiftJIS,JIS X 0208,0
000278,鴎,かもめ,かもめ,,,,「知性」1940（昭和15）年1月,NDC 913,新字新仮名,なし,1999-11-22,2014-09-17,http://www.aozora.gr.jp/cards/000035/card278.html,000035,太宰,治,だざい,おさむ,たさい,おさむ,Dazai,Osamu,著者,1909-06-19,1948-06-13,なし,太宰治全集3,ちくま文庫、筑摩書房,1988（昭和63）年10月25日,,,筑摩全集類聚版太宰治全集,筑摩書房,1975（昭和50）年6月～1976（昭和51）年6月,,,,,,,,,柴田卓治,小林繁雄,http://www.aozora.gr.jp/cards/000035/files/278_ruby_20015.zip,2012-08-27,ShiftJIS,JIS X 0208,2,http://www.aozora.gr.jp/cards/000035/files/278_20016.html,2012-08-27,ShiftJIS,JIS X 0208,1
000300,彼は昔の彼ならず,かれはむかしのかれならず,かれはむかしのかれならす,,,,「世紀」1934（昭和9）年10月,NDC 913,新字新仮名,なし,1999-09-12,2014-09-17,http://www.aozora.gr.jp/cards/000035/card300.html,000035,太宰,治,だざい,おさむ,たさい,おさむ,Dazai,Osamu,著者,1909-06-19,1948-06-13,なし,太宰治全集1,ちくま文庫、筑摩書房,1988（昭和63）年8月30日,,1998（平成10）年6月15日第5刷,筑摩全集類聚版太宰治全集,筑摩書房,1975（昭和50）年6月～1976（昭和51）年6月刊行,,,,,,,,,柴田卓治,丹羽倫子,http://www.aozora.gr.jp/cards/000035/files/300_ruby_19944.zip,2005-10-20,ShiftJIS,JIS X 0208,1,http://www.aozora.gr.jp/cards/000035/files/300_19945.html,2005-10-20,ShiftJIS,JIS X 0208,0
001607,川端康成へ,かわばたやすなりへ,かわはたやすなりへ,,,,,NDC 914,新字新仮名,なし,2003-11-22,2014-09-18,http://www.aozora.gr.jp/cards/000035/card1607.html,000035,太宰,治,だざい,おさむ,たさい,おさむ,Dazai,Osamu,著者,1909-06-19,1948-06-13,なし,もの思う葦,新潮文庫、新潮社,1980（昭和55）年9月25日,1998（平成10）年7月20日第38刷,1990（平成2）年12月20日25刷,,,,,,,,,,,,田中陽介,鈴木厚司,http://www.aozora.gr.jp/cards/000035/files/1607_ruby_13567.zip,2003-11-06,ShiftJIS,JIS X 0208,0,http://www.aozora.gr.jp/cards/000035/files/1607_13766.html,2003-11-06,ShiftJIS,JIS X 0208,0
000257,玩具,がんぐ,かんく,,,,「作品」1935（昭和10）年7月号,NDC 913,新字新仮名,なし,1999-08-01,2014-09-17,http://www.aozora.gr.jp/cards/000035/card257.html,000035,太宰,治,だざい,おさむ,たさい,おさむ,Dazai,Osamu,著者,1909-06-19,1948-06-13,なし,太宰治全集1,ちくま文庫、筑摩書房,1988（昭和63）年8月30日,,1998（平成10）年6月15日第5刷,筑摩全集類聚版太宰治全集,筑摩書房,1975（昭和50）年6月～1976（昭和51）年6月刊行,,,,,,,,,柴田卓治,鈴木伸吾,http://www.aozora.gr.jp/cards/000035/files/257_ruby_19946.zip,2005-10-20,ShiftJIS,JIS X 0208,1,http://www.aozora.gr.jp/cards/000035/files/257_19947.html,2005-10-20,ShiftJIS,JIS X 0208,0
054172,『玩具』あとがき,『がんぐ』あとがき,かんくあとかき,,,,「玩具」あづみ書房、1946（昭和21）年8月10日,NDC 914,旧字旧仮名,なし,2012-02-16,2014-09-16,http://www.aozora.gr.jp/cards/000035/card54172.html,000035,太宰,治,だざい,おさむ,たさい,おさむ,Dazai,Osamu,著者,1909-06-19,1948-06-13,なし,太宰治全集11,筑摩書房,1999（平成11）年3月25日,1999（平成11）年3月25日初版第1刷,2001（平成13）年11月10日初版第2刷,,,,,,,,,,,,小林繁雄,阿部哲也,http://www.aozora.gr.jp/cards/000035/files/54172_txt_45779.zip,2012-01-07,ShiftJIS,JIS X 0208,0,http://www.aozora.gr.jp/cards/000035/files/54172_46728.html,2012-01-07,ShiftJIS,JIS X 0208,0
001584,帰去来,ききょらい,ききよらい,,,,,NDC 913,新字新仮名,なし,2003-12-04,2014-09-18,http://www.aozora.gr.jp/cards/000035/card1584.html,000035,太宰,治,だざい,おさむ,たさい,おさむ,Dazai,Osamu,著者,1909-06-19,1948-06-13,なし,太宰治全集5,ちくま文庫、筑摩書房,1989（昭和64）年1月31日,1989（昭和64）年1月31日第1刷,1989（昭和64）年1月31日第1刷,筑摩全集類聚版太宰治全集,筑摩書房,1975（昭和50）年6月から1976（昭和51）年6月,,,,,,,,,柴田卓治,ふるかわゆか,http://www.aozora.gr.jp/cards/000035/files/1584_ruby_13914.zip,2003-11-24,ShiftJIS,JIS X 0208,0,http://www.aozora.gr.jp/cards/000035/files/1584_13915.html,2003-11-24,ShiftJIS,JIS X 0208,0
052460,義務,ぎむ,きむ,,,,「文學者　第二巻第四号」1940（昭和15）年4月1日,NDC 914,旧字旧仮名,なし,2011-12-20,2014-09-16,http://www.aozora.gr.jp/cards/000035/card52460.html,000035,太宰,治,だざい,おさむ,たさい,おさむ,Dazai,Osamu,著者,1909-06-19,1948-06-13,なし,太宰治全集11,筑摩書房,1999（平成11）年3月25日,1999（平成11）年3月25日初版第1刷,2001（平成13）年11月10日初版第2刷,,,,,,,,,,,,小林繁雄,阿部哲也,http://www.aozora.gr.jp/cards/000035/files/52460_ruby_45420.zip,2011-10-11,ShiftJIS,JIS X 0208,0,http://www.aozora.gr.jp/cards/000035/files/52460_45490.html,2011-10-11,ShiftJIS,JIS X 0208,0
000259,逆行,ぎゃっこう,きやつこう,,,,蝶蝶「文藝　第三巻第二号」1935（昭和10）年2月1日<br>決鬪「文藝　第三巻第二号」1935（昭和10）年2月1日<br>くろんぼ「文藝　第三巻第二号」1935（昭和10）年2月1日<br>盜賊「帝國大學新聞　第五百九十三号」1935（昭和10）年10月7日,NDC 913,旧字旧仮名,なし,1999-06-29,2016-02-23,http://www.aozora.gr.jp/cards/000035/card259.html,000035,太宰,治,だざい,おさむ,たさい,おさむ,Dazai,Osamu,著者,1909-06-19,1948-06-13,なし,太宰治全集2,筑摩書房,1998（平成10）年5月25日,1998（平成10）年5月25日初版第1刷,,晩年,第一小説集叢書、砂子屋書房,1936（昭和11）年6月25日,,,,,,,,,赤木孝之,湯地光弘,http://www.aozora.gr.jp/cards/000035/files/259_txt_5297.zip,2016-02-23,ShiftJIS,JIS X 0208,2,http://www.aozora.gr.jp/cards/000035/files/259_34637.html,2016-02-23,ShiftJIS,JIS X 0208,1
000260,逆行,ぎゃっこう,きやつこう,,,,蝶蝶、決闘、くろんぼ「文藝」1935（昭和10）年2月号、盗賊「帝國大学新聞」1935（昭和10）年10月7日,NDC 913,新字新仮名,なし,1999-12-17,2014-09-17,http://www.aozora.gr.jp/cards/000035/card260.html,000035,太宰,治,だざい,おさむ,たさい,おさむ,Dazai,Osamu,著者,1909-06-19,1948-06-13,なし,晩年,新潮文庫、新潮社,1947（昭和22）年12月10日、1985（昭和60）年10月5日70刷改版,1972（昭和47）年8月30日43刷,1999（平成11）年6月25日105刷,,,,,,,,,,,,村田拓哉,青木直子,http://www.aozora.gr.jp/cards/000035/files/260_ruby_34636.zip,2013-04-06,ShiftJIS,JIS X 0208,4,http://www.aozora.gr.jp/cards/000035/files/260_34634.html,2013-04-06,ShiftJIS,JIS X 0208,1
000291,饗応夫人,きょうおうふじん,きようおうふしん,,,,「光」1948（昭和23）年1月,NDC 913,新字新仮名,なし,2000-01-24,2014-09-17,http://www.aozora.gr.jp/cards/000035/card291.html,000035,太宰,治,だざい,おさむ,たさい,おさむ,Dazai,Osamu,著者,1909-06-19,1948-06-13,なし,太宰治全集9,ちくま文庫、筑摩書房,1989（平成元）年5月30日,,1998（平成10）年6月15日第5刷,筑摩全集類聚版太宰治全集,筑摩書房,1975（昭和50）年6月～1976（昭和51）年6月刊行,,,,,,,,,柴田卓治,かとうかおり,http://www.aozora.gr.jp/cards/000035/files/291_ruby_20175.zip,2005-11-05,ShiftJIS,JIS X 0208,1,http://www.aozora.gr.jp/cards/000035/files/291_20176.html,2005-11-05,ShiftJIS,JIS X 0208,0
000290,狂言の神,きょうげんのかみ,きようけんのかみ,,,,「東陽」1936（昭和11）年10月,NDC 913,新字新仮名,なし,1999-07-22,2014-09-17,http://www.aozora.gr.jp/cards/000035/card290.html,000035,太宰,治,だざい,おさむ,たさい,おさむ,Dazai,Osamu,著者,1909-06-19,1948-06-13,なし,太宰治全集1,ちくま文庫、筑摩書房,1988（昭和63）年8月30日,,1998（平成10）年6月15日第5刷,筑摩全集類聚版太宰治全集,筑摩書房,1975（昭和50）年6月～1976（昭和51）年6月刊行,,,,,,,,,柴田卓治,しず,http://www.aozora.gr.jp/cards/000035/files/290_ruby_19972.zip,2010-11-02,ShiftJIS,JIS X 0208,3,http://www.aozora.gr.jp/cards/000035/files/290_19973.html,2010-11-02,ShiftJIS,JIS X 0208,2
052680,郷愁,きょうしゅう,きようしゆう,,,,,NDC 914,旧字旧仮名,なし,2011-12-20,2014-09-16,http://www.aozora.gr.jp/cards/000035/card52680.html,000035,太宰,治,だざい,おさむ,たさい,おさむ,Dazai,Osamu,著者,1909-06-19,1948-06-13,なし,太宰治全集11,筑摩書房,1999（平成11）年3月25日,1999（平成11）年3月25日初版第1刷,2001（平成13）年11月10日初版第2刷,,,,,,,,,,,,小林繁雄,阿部哲也,http://www.aozora.gr.jp/cards/000035/files/52680_ruby_45421.zip,2011-12-28,ShiftJIS,JIS X 0208,1,http://www.aozora.gr.jp/cards/000035/files/52680_45491.html,2011-12-28,ShiftJIS,JIS X 0208,1
000289,虚構の春,きょこうのはる,きよこうのはる,,,,「文学界」1936（昭和11）年7月,NDC 913,新字新仮名,なし,1999-07-20,2014-09-17,http://www.aozora.gr.jp/cards/000035/card289.html,000035,太宰,治,だざい,おさむ,たさい,おさむ,Dazai,Osamu,著者,1909-06-19,1948-06-13,なし,太宰治全集1,ちくま文庫、筑摩書房,1988（昭和63）年8月30日,,,筑摩全集類聚版太宰治全集,筑摩書房,1975（昭和50）年6月～1976（昭和51）年6月刊行,,,,,,,,,柴田卓治,小林繁雄,http://www.aozora.gr.jp/cards/000035/files/289_ruby_19974.zip,2005-10-21,ShiftJIS,JIS X 0208,2,http://www.aozora.gr.jp/cards/000035/files/289_19975.html,2005-10-21,ShiftJIS,JIS X 0208,0
001563,魚服記,ぎょふくき,きよふくき,,,,「海豹」1933（昭和8）年3月号,NDC 913,新字新仮名,なし,2003-06-06,2014-09-17,http://www.aozora.gr.jp/cards/000035/card1563.html,000035,太宰,治,だざい,おさむ,たさい,おさむ,Dazai,Osamu,著者,1909-06-19,1948-06-13,なし,晩年,新潮文庫、新潮社,1947（昭和22）年12月10日、1985（昭和60）年10月5日70刷改版,1987（昭和62）年11月25日75刷,1990（平成2）年5月20日81刷,,,,,,,,,,,,中嶋壮一,鈴木厚司,http://www.aozora.gr.jp/cards/000035/files/1563_ruby_9706.zip,2013-04-06,ShiftJIS,JIS X 0208,1,http://www.aozora.gr.jp/cards/000035/files/1563_9723.html,2013-04-06,ShiftJIS,JIS X 0208,1
052344,魚服記に就て,ぎょふくきについて,きよふくきについて,,,,「海豹通信　第七便」1933（昭和8）年3月25日,NDC 914,旧字旧仮名,なし,2011-12-20,2014-09-16,http://www.aozora.gr.jp/cards/000035/card52344.html,000035,太宰,治,だざい,おさむ,たさい,おさむ,Dazai,Osamu,著者,1909-06-19,1948-06-13,なし,太宰治全集11,筑摩書房,1999（平成11）年3月25日,1999（平成11）年3月25日初版第1刷,2001（平成13）年11月10日初版第2刷,,,,,,,,,,,,小林繁雄,阿部哲也,http://www.aozora.gr.jp/cards/000035/files/52344_txt_45422.zip,2011-10-11,ShiftJIS,JIS X 0208,0,http://www.aozora.gr.jp/cards/000035/files/52344_45492.html,2011-10-11,ShiftJIS,JIS X 0208,0
001571,きりぎりす,きりぎりす,きりきりす,,,,「新潮」1940（昭和15）年11月号,NDC 913,新字新仮名,なし,2006-01-14,2014-09-18,http://www.aozora.gr.jp/cards/000035/card1571.html,000035,太宰,治,だざい,おさむ,たさい,おさむ,Dazai,Osamu,著者,1909-06-19,1948-06-13,なし,きりぎりす,新潮文庫、新潮社,1974（昭和49）年9月30日、1988（昭和63）年3月15日29刷改版,2001（平成13）年5月5日53刷,1986（昭和61）年3月15日25刷,,,,,,,,,,,,土屋隆,鈴木厚司,http://www.aozora.gr.jp/cards/000035/files/1571_ruby_20539.zip,2005-12-02,ShiftJIS,JIS X 0208,0,http://www.aozora.gr.jp/cards/000035/files/1571_20655.html,2005-12-02,ShiftJIS,JIS X 0208,0
000284,禁酒の心,きんしゅのこころ,きんしゆのこころ,,,,「現代文学」1943（昭和18）年1月,NDC 913,新字新仮名,なし,2000-05-02,2014-09-17,http://www.aozora.gr.jp/cards/000035/card284.html,000035,太宰,治,だざい,おさむ,たさい,おさむ,Dazai,Osamu,著者,1909-06-19,1948-06-13,なし,太宰治全集5,ちくま文庫、筑摩書房,1989（昭和64）年1月31日,,1998（平成10）年4月1日第2刷,筑摩全集類聚版太宰治全集,筑摩書房,1975（昭和50）年6月から1976（昭和51）年6月刊行,,,,,,,,,柴田卓治,しず,http://www.aozora.gr.jp/cards/000035/files/284_ruby_3719.zip,2009-03-02,ShiftJIS,JIS X 0208,1,http://www.aozora.gr.jp/cards/000035/files/284_34625.html,2009-03-02,ShiftJIS,JIS X 0208,0
052681,金銭の話,きんせんのはなし,きんせんのはなし,,,,「雜誌日本」1943（昭和18）年10月1日,NDC 914,旧字旧仮名,なし,2011-12-23,2014-09-16,http://www.aozora.gr.jp/cards/000035/card52681.html,000035,太宰,治,だざい,おさむ,たさい,おさむ,Dazai,Osamu,著者,1909-06-19,1948-06-13,なし,太宰治全集11,筑摩書房,1999（平成11）年3月25日,1999（平成11）年3月25日初版第1刷,2001（平成13）年11月10日初版第2刷,,,,,,,,,,,,小林繁雄,阿部哲也,http://www.aozora.gr.jp/cards/000035/files/52681_ruby_45423.zip,2011-10-11,ShiftJIS,JIS X 0208,0,http://www.aozora.gr.jp/cards/000035/files/52681_45493.html,2011-10-11,ShiftJIS,JIS X 0208,0
043311,九月十月十一月,くがつじゅうがつじゅういちがつ,くかつしゆうかつしゆういちかつ,,,,「國民新聞　第16898号～第16900号」1938（昭和13）年10月9日～11日,NDC 914,旧字旧仮名,なし,2005-02-05,2014-09-18,http://www.aozora.gr.jp/cards/000035/card43311.html,000035,太宰,治,だざい,おさむ,たさい,おさむ,Dazai,Osamu,著者,1909-06-19,1948-06-13,なし,太宰治全集11,筑摩書房,1999（平成11）年3月25日,1999（平成11）年3月25日初版第1刷,1999（平成11）年3月25日初版第1刷,,,,,,,,,,,,向井樹里,小林繁雄,http://www.aozora.gr.jp/cards/000035/files/43311_txt_17352.zip,2005-01-07,ShiftJIS,JIS X 0208,0,http://www.aozora.gr.jp/cards/000035/files/43311_17423.html,2005-01-07,ShiftJIS,JIS X 0208,0
000258,グッド・バイ,グッド・バイ,くつとはい,,,,「朝日評論」1948（昭和23）年7月,NDC 913,新字新仮名,なし,2000-01-23,2014-09-17,http://www.aozora.gr.jp/cards/000035/card258.html,000035,太宰,治,だざい,おさむ,たさい,おさむ,Dazai,Osamu,著者,1909-06-19,1948-06-13,なし,太宰治全集9,ちくま文庫、筑摩書房,1989（平成元）年5月30日,,1998（平成10）年6月15日第5刷,筑摩全集類聚版太宰治全集,筑摩書房,1975（昭和50）年6月～1976（昭和51）年6月刊行,,,,,,,,,柴田卓治,かとうかおり,http://www.aozora.gr.jp/cards/000035/files/258_ruby_20178.zip,2011-05-22,ShiftJIS,JIS X 0208,2,http://www.aozora.gr.jp/cards/000035/files/258_20179.html,2011-05-22,ShiftJIS,JIS X 0208,1
042357,「グッド・バイ」作者の言葉,「グッド・バイ」さくしゃのことば,くつとはいさくしやのことは,,,,,NDC 914,新字新仮名,なし,2009-04-10,2014-09-21,http://www.aozora.gr.jp/cards/000035/card42357.html,000035,太宰,治,だざい,おさむ,たさい,おさむ,Dazai,Osamu,著者,1909-06-19,1948-06-13,なし,もの思う葦,新潮文庫、新潮社,1980（昭和55）年9月25日,1998（平成10）年10月15日39刷,1997（平成9）年7月30日36刷,,,,,,,,,,,,蒋龍,土屋隆,http://www.aozora.gr.jp/cards/000035/files/42357_ruby_34278.zip,2009-04-07,ShiftJIS,JIS X 0208,0,http://www.aozora.gr.jp/cards/000035/files/42357_34757.html,2009-04-07,ShiftJIS,JIS X 0208,0
000288,苦悩の年鑑,くのうのねんかん,くのうのねんかん,,,,「新文芸」1946（昭和21）年3月,NDC 914,新字新仮名,なし,2000-04-07,2014-09-17,http://www.aozora.gr.jp/cards/000035/card288.html,000035,太宰,治,だざい,おさむ,たさい,おさむ,Dazai,Osamu,著者,1909-06-19,1948-06-13,なし,太宰治全集8,ちくま文庫、筑摩書房,1989（平成元）年4月25日,,1998（平成10）年1月20日第2刷,筑摩全集類聚版太宰治全集,筑摩書房,1975（昭和50）年6月～1976（昭和51）年6月刊行,,,,,,,,,柴田卓治,miyako,http://www.aozora.gr.jp/cards/000035/files/288_ruby_20142.zip,2005-11-02,ShiftJIS,JIS X 0208,1,http://www.aozora.gr.jp/cards/000035/files/288_20143.html,2005-11-02,ShiftJIS,JIS X 0208,0
054181,黒石の人たち,くろいしのひとたち,くろいしのひとたち,,,,「月刊讀物　第一巻第五号」1948（昭和23）年7月1日,NDC 914,旧字旧仮名,なし,2012-02-21,2014-09-16,http://www.aozora.gr.jp/cards/000035/card54181.html,000035,太宰,治,だざい,おさむ,たさい,おさむ,Dazai,Osamu,著者,1909-06-19,1948-06-13,なし,太宰治全集11,筑摩書房,1999（平成11）年3月25日,1999（平成11）年3月25日初版第1刷,2001（平成13）年11月10日初版第2刷,,,,,,,,,,,,小林繁雄,阿部哲也,http://www.aozora.gr.jp/cards/000035/files/54181_txt_45781.zip,2012-01-07,ShiftJIS,JIS X 0208,0,http://www.aozora.gr.jp/cards/000035/files/54181_46729.html,2012-01-07,ShiftJIS,JIS X 0208,0
001600,芸術ぎらい,げいじゅつぎらい,けいしゆつきらい,,,,「映画評論　第一巻第四号」1944（昭和19）年4月1日,NDC 914,新字新仮名,なし,2005-04-24,2016-07-12,http://www.aozora.gr.jp/cards/000035/card1600.html,000035,太宰,治,だざい,おさむ,たさい,おさむ,Dazai,Osamu,著者,1909-06-19,1948-06-13,なし,太宰治全集10,ちくま文庫、筑摩書房,1989（平成元）年6月27日,1989（平成元）年6月27日第1刷,1996（平成8）年7月15日第3刷,筑摩全集類聚版太宰治全集第十巻,筑摩書房,1977（昭和52）年2月25日,,,,,,,,,土屋隆,noriko saito,http://www.aozora.gr.jp/cards/000035/files/1600_ruby_18033.zip,2016-07-12,ShiftJIS,JIS X 0208,1,http://www.aozora.gr.jp/cards/000035/files/1600_18114.html,2016-07-12,ShiftJIS,JIS X 0208,1
043313,校長三代,こうちょうさんだい,こうちようさんたい,,,,「帝國大學新聞」1938（昭和13）年10月31日,NDC 914,旧字旧仮名,なし,2005-02-04,2014-09-18,http://www.aozora.gr.jp/cards/000035/card43313.html,000035,太宰,治,だざい,おさむ,たさい,おさむ,Dazai,Osamu,著者,1909-06-19,1948-06-13,なし,太宰治全集11,筑摩書房,1999（平成11）年3月25日,1999（平成11）年3月25日初版第1刷,1999（平成11）年3月25日初版第1刷,,,,,,,,,,,,向井樹里,小林繁雄,http://www.aozora.gr.jp/cards/000035/files/43313_ruby_17353.zip,2005-01-07,ShiftJIS,JIS X 0208,0,http://www.aozora.gr.jp/cards/000035/files/43313_17422.html,2005-01-07,ShiftJIS,JIS X 0208,0
001585,故郷,こきょう,こきよう,,,,,NDC 914,新字新仮名,なし,2003-12-05,2014-09-18,http://www.aozora.gr.jp/cards/000035/card1585.html,000035,太宰,治,だざい,おさむ,たさい,おさむ,Dazai,Osamu,著者,1909-06-19,1948-06-13,なし,太宰治全集5,ちくま文庫、筑摩書房,1989（昭和64）年1月31日,1989（昭和64）年1月31日第1刷,1989（昭和64）年1月31日第1刷,筑摩全集類聚版太宰治全集,筑摩書房,1975（昭和50）年6月～1976（昭和51）年6月,,,,,,,,,柴田卓治,ふるかわゆか,http://www.aozora.gr.jp/cards/000035/files/1585_ruby_13900.zip,2003-11-30,ShiftJIS,JIS X 0208,0,http://www.aozora.gr.jp/cards/000035/files/1585_13948.html,2003-11-30,ShiftJIS,JIS X 0208,0
052461,国技館,こくぎかん,こくきかん,,,,「相撲　第五巻第六号」1940（昭和15）年6月15日,NDC 914,旧字旧仮名,なし,2011-12-23,2014-09-16,http://www.aozora.gr.jp/cards/000035/card52461.html,000035,太宰,治,だざい,おさむ,たさい,おさむ,Dazai,Osamu,著者,1909-06-19,1948-06-13,なし,太宰治全集11,筑摩書房,1999（平成11）年3月25日,1999（平成11）年3月25日初版第1刷,2001（平成13）年11月10日初版第2刷,,,,,,,,,,,,小林繁雄,阿部哲也,http://www.aozora.gr.jp/cards/000035/files/52461_txt_45424.zip,2011-10-11,ShiftJIS,JIS X 0208,0,http://www.aozora.gr.jp/cards/000035/files/52461_45494.html,2011-10-11,ShiftJIS,JIS X 0208,0
018346,心の王者,こころのおうじゃ,こころのおうしや,,,,「三田新聞　第四百二十八号」1940（昭和15）年1月25日,NDC 914,新字新仮名,なし,2003-10-08,2016-07-12,http://www.aozora.gr.jp/cards/000035/card18346.html,000035,太宰,治,だざい,おさむ,たさい,おさむ,Dazai,Osamu,著者,1909-06-19,1948-06-13,なし,太宰治全集10,ちくま文庫、筑摩書房,1989（平成元）年6月27日,1989（平成元）年6月27日第1刷,1989（平成元）年6月27日第1刷,筑摩全集類聚版太宰治全集第十巻,筑摩書房,1977（昭和52）年2月25日,,,,,,,,,杜十朗,土屋隆,http://www.aozora.gr.jp/cards/000035/files/18346_ruby_12211.zip,2016-07-12,ShiftJIS,JIS X 0208,1,http://www.aozora.gr.jp/cards/000035/files/18346_12212.html,2016-07-12,ShiftJIS,JIS X 0208,1
000285,乞食学生,こじきがくせい,こしきかくせい,,,,「若草」1940（昭和15）年7～12月,NDC 913,新字新仮名,なし,2000-02-10,2014-09-17,http://www.aozora.gr.jp/cards/000035/card285.html,000035,太宰,治,だざい,おさむ,たさい,おさむ,Dazai,Osamu,著者,1909-06-19,1948-06-13,なし,太宰治全集3,ちくま文庫、筑摩書房,1988（昭和63）年10月25日,1988（昭和63）年10月25日第1刷,,筑摩全集類聚版太宰治全集,筑摩書房,1975（昭和50）年6月～1976（昭和51）年6月,,,,,,,,,柴田卓治,小林繁雄,http://www.aozora.gr.jp/cards/000035/files/285_ruby_3281.zip,2004-03-04,ShiftJIS,JIS X 0208,1,http://www.aozora.gr.jp/cards/000035/files/285_15065.html,2004-03-04,ShiftJIS,JIS X 0208,0
052522,五所川原,ごしょがわら,こしよかわら,,,,,NDC 914,旧字旧仮名,なし,2011-12-23,2014-09-16,http://www.aozora.gr.jp/cards/000035/card52522.html,000035,太宰,治,だざい,おさむ,たさい,おさむ,Dazai,Osamu,著者,1909-06-19,1948-06-13,なし,太宰治全集11,筑摩書房,1999（平成11）年3月25日,1999（平成11）年3月25日初版第1刷,2001（平成13）年11月10日初版第2刷,,,,,,,,,,,,小林繁雄,阿部哲也,http://www.aozora.gr.jp/cards/000035/files/52522_txt_45425.zip,2011-10-11,ShiftJIS,JIS X 0208,0,http://www.aozora.gr.jp/cards/000035/files/52522_45495.html,2011-10-11,ShiftJIS,JIS X 0208,0
004356,五所川原,ごしょがわら,こしよかわら,,,,,NDC 914,新字旧仮名,なし,2002-12-11,2014-09-17,http://www.aozora.gr.jp/cards/000035/card4356.html,000035,太宰,治,だざい,おさむ,たさい,おさむ,Dazai,Osamu,著者,1909-06-19,1948-06-13,なし,太宰治全集 10,筑摩書房,1990（平成2）年12月25日,1990（平成2）年12月25日初版第1刷,,,,,,,,,,,,,砂場清隆,林幸雄,http://www.aozora.gr.jp/cards/000035/files/4356_ruby_7914.zip,2002-12-03,ShiftJIS,JIS X 0208,0,http://www.aozora.gr.jp/cards/000035/files/4356_7915.html,2002-12-03,ShiftJIS,JIS X 0208,0
045688,五所川原,ごしょがわら,こしよかわら,,,,,NDC 914,新字新仮名,なし,2006-03-15,2016-07-12,http://www.aozora.gr.jp/cards/000035/card45688.html,000035,太宰,治,だざい,おさむ,たさい,おさむ,Dazai,Osamu,著者,1909-06-19,1948-06-13,なし,太宰治全集10,ちくま文庫、筑摩書房,1989（平成元）年6月27日,1998（平成10）年6月15日第4刷,1989（平成元）年6月27日第1刷,筑摩全集類聚版太宰治全集第十巻,筑摩書房,1977（昭和52）年2月25日,,,,,,,,,増山一光,土屋隆,http://www.aozora.gr.jp/cards/000035/files/45688_ruby_21351.zip,2016-07-12,ShiftJIS,JIS X 0208,1,http://www.aozora.gr.jp/cards/000035/files/45688_21626.html,2016-07-12,ShiftJIS,JIS X 0208,1
000286,古典風,こてんふう,こてんふう,,,,「知性」1940（昭和15）年6月,NDC 913,新字新仮名,なし,2000-01-16,2014-09-17,http://www.aozora.gr.jp/cards/000035/card286.html,000035,太宰,治,だざい,おさむ,たさい,おさむ,Dazai,Osamu,著者,1909-06-19,1948-06-13,なし,太宰治全集3,ちくま文庫、筑摩書房,1988（昭和63）年10月25日,,,筑摩全集類聚版太宰治全集,筑摩書房,1975（昭和50）年6月から1976（昭和51）年6月刊行,,,,,,,,,柴田卓治,小林繁雄,http://www.aozora.gr.jp/cards/000035/files/286_ruby_3061.zip,2004-03-04,ShiftJIS,JIS X 0208,1,http://www.aozora.gr.jp/cards/000035/files/286_15066.html,2004-03-04,ShiftJIS,JIS X 0208,0
024457,古典竜頭蛇尾,こてんりゅうとうだび,こてんりゆうとうたひ,,,,「文芸懇話会　第一巻第五号」1936（昭和11）年5月1日,NDC 914,新字新仮名,なし,2008-11-21,2016-07-12,http://www.aozora.gr.jp/cards/000035/card24457.html,000035,太宰,治,だざい,おさむ,たさい,おさむ,Dazai,Osamu,著者,1909-06-19,1948-06-13,なし,太宰治全集10,ちくま文庫、筑摩書房,1989（平成元）年6月27日,1989（平成元）年6月27日第1刷,1996（平成8）年7月15日第3刷,筑摩全集類聚版太宰治全集第十巻,筑摩書房,1977（昭和52）年2月25日,,,,,,,,,土屋隆,noriko saito,http://www.aozora.gr.jp/cards/000035/files/24457_ruby_32392.zip,2016-07-12,ShiftJIS,JIS X 0208,1,http://www.aozora.gr.jp/cards/000035/files/24457_33330.html,2016-07-12,ShiftJIS,JIS X 0208,1
052373,このごろ,このごろ,このころ,,,,「國民新聞　第一七三〇九号～第一七三一一号」1940（昭和15）年1月30日～2月1日,NDC 914,旧字旧仮名,なし,2011-12-23,2014-09-16,http://www.aozora.gr.jp/cards/000035/card52373.html,000035,太宰,治,だざい,おさむ,たさい,おさむ,Dazai,Osamu,著者,1909-06-19,1948-06-13,なし,太宰治全集11,筑摩書房,1999（平成11）年3月25日,1999（平成11）年3月25日初版第1刷,2001（平成13）年11月10日初版第2刷,,,,,,,,,,,,小林繁雄,阿部哲也,http://www.aozora.gr.jp/cards/000035/files/52373_txt_45426.zip,2011-10-11,ShiftJIS,JIS X 0208,0,http://www.aozora.gr.jp/cards/000035/files/52373_45496.html,2011-10-11,ShiftJIS,JIS X 0208,0
018349,困惑の弁,こんわくのべん,こんわくのへん,,,,「懸賞界　第六巻第二号」1940（昭和15）年1月20日,NDC 914,新字新仮名,なし,2003-10-08,2016-07-12,http://www.aozora.gr.jp/cards/000035/card18349.html,000035,太宰,治,だざい,おさむ,たさい,おさむ,Dazai,Osamu,著者,1909-06-19,1948-06-13,なし,太宰治全集10,ちくま文庫、筑摩書房,1989（平成元）年6月27日,1989（平成元）年6月27日第1刷,1989（平成元）年6月27日第1刷,筑摩全集類聚版太宰治全集第十巻,筑摩書房,1977（昭和52）年2月25日,,,,,,,,,杜十朗,土屋隆,http://www.aozora.gr.jp/cards/000035/files/18349_ruby_12213.zip,2016-07-12,ShiftJIS,JIS X 0208,1,http://www.aozora.gr.jp/cards/000035/files/18349_12214.html,2016-07-12,ShiftJIS,JIS X 0208,1
002261,座興に非ず,ざきょうにあらず,さきようにあらす,,,,,NDC 914,新字新仮名,なし,1999-10-13,2014-09-17,http://www.aozora.gr.jp/cards/000035/card2261.html,000035,太宰,治,だざい,おさむ,たさい,おさむ,Dazai,Osamu,著者,1909-06-19,1948-06-13,なし,太宰治全集3,ちくま文庫、筑摩書房,1988（昭和63）年10月25日,,,筑摩全集類聚版太宰治全集,筑摩書房,1975（昭和50）年6月～1976（昭和51）年6月刊行,,,,,,,,,柴田卓治,小林繁雄,http://www.aozora.gr.jp/cards/000035/files/2261_ruby_20017.zip,2005-10-26,ShiftJIS,JIS X 0208,1,http://www.aozora.gr.jp/cards/000035/files/2261_20018.html,2005-10-26,ShiftJIS,JIS X 0208,0
018350,酒ぎらい,さけぎらい,さけきらい,,,,「知性　第三巻第三号」1940（昭和15）年3月1日,NDC 914,新字新仮名,なし,2008-09-16,2016-07-12,http://www.aozora.gr.jp/cards/000035/card18350.html,000035,太宰,治,だざい,おさむ,たさい,おさむ,Dazai,Osamu,著者,1909-06-19,1948-06-13,なし,太宰治全集10,ちくま文庫、筑摩書房,1989（平成元）年6月27日,1989（平成元）年6月27日第1刷,1996（平成8）年7月15日第3刷,筑摩全集類聚版太宰治全集第十巻,筑摩書房,1977（昭和52）年2月25日,,,,,,,,,土屋隆,noriko saito,http://www.aozora.gr.jp/cards/000035/files/18350_ruby_32521.zip,2016-07-12,ShiftJIS,JIS X 0208,2,http://www.aozora.gr.jp/cards/000035/files/18350_32522.html,2016-07-12,ShiftJIS,JIS X 0208,1
000318,酒の追憶,さけのついおく,さけのついおく,,,,「地上」1948（昭和23）年1月,NDC 914,新字新仮名,なし,2000-01-25,2014-09-17,http://www.aozora.gr.jp/cards/000035/card318.html,000035,太宰,治,だざい,おさむ,たさい,おさむ,Dazai,Osamu,著者,1909-06-19,1948-06-13,なし,太宰治全集9,ちくま文庫、筑摩書房,1989（平成元）年5月30日,,1998（平成10）年6月15日第5刷,筑摩全集類聚版太宰治全集,筑摩書房,1975（昭和50）年6月～1976（昭和51）年6月刊行,,,,,,,,,柴田卓治,かとうかおり,http://www.aozora.gr.jp/cards/000035/files/318_ruby_20180.zip,2005-11-06,ShiftJIS,JIS X 0208,1,http://www.aozora.gr.jp/cards/000035/files/318_20181.html,2005-11-06,ShiftJIS,JIS X 0208,0
018359,作家の像,さっかのぞう,さつかのそう,,,,「都新聞　第一八八二五号～一八八二七号」1940（昭和15）年3月25日～27日,NDC 914,新字新仮名,なし,2008-09-16,2016-07-12,http://www.aozora.gr.jp/cards/000035/card18359.html,000035,太宰,治,だざい,おさむ,たさい,おさむ,Dazai,Osamu,著者,1909-06-19,1948-06-13,なし,太宰治全集10,ちくま文庫、筑摩書房,1989（平成元）年6月27日,1989（平成元）年6月27日第1刷,1996（平成8）年7月15日第3刷,筑摩全集類聚版太宰治全集第十巻,筑摩書房,1977（昭和52）年2月25日,,,,,,,,,土屋隆,noriko saito,http://www.aozora.gr.jp/cards/000035/files/18359_ruby_32523.zip,2016-07-12,ShiftJIS,JIS X 0208,2,http://www.aozora.gr.jp/cards/000035/files/18359_32524.html,2016-07-12,ShiftJIS,JIS X 0208,1
001093,作家の手帖,さっかのてちょう,さつかのてちよう,,,,,NDC 914,新字新仮名,なし,2000-09-18,2014-09-17,http://www.aozora.gr.jp/cards/000035/card1093.html,000035,太宰,治,だざい,おさむ,たさい,おさむ,Dazai,Osamu,著者,1909-06-19,1948-06-13,なし,太宰治全集6,ちくま文庫、筑摩書房,1989（平成元）年2月28日,,1996（平成8）年7月15日第2刷,筑摩全集類聚版太宰治全集,筑摩書房,1975（昭和50）年6月～1976（昭和51）年6月刊行,,,,,,,,,柴田卓治,kumi,http://www.aozora.gr.jp/cards/000035/files/1093_ruby_20122.zip,2005-11-01,ShiftJIS,JIS X 0208,2,http://www.aozora.gr.jp/cards/000035/files/1093_20123.html,2005-11-01,ShiftJIS,JIS X 0208,1
000317,佐渡,さど,さと,,,,「公論」1941（昭和16）年1月,NDC 915,新字新仮名,なし,2000-01-29,2014-09-17,http://www.aozora.gr.jp/cards/000035/card317.html,000035,太宰,治,だざい,おさむ,たさい,おさむ,Dazai,Osamu,著者,1909-06-19,1948-06-13,なし,太宰治全集4,ちくま文庫、筑摩書房,1988（昭和63）年12月1日,1988（昭和63）年12月1日第1刷,1988（昭和63）年12月1日第1刷,筑摩全集類聚版太宰治全集,筑摩書房,1975（昭和50）年6月～1976（昭和51）年6月,,,,,,,,,柴田卓治,青木直子,http://www.aozora.gr.jp/cards/000035/files/317_ruby_3208.zip,2004-03-04,ShiftJIS,JIS X 0208,1,http://www.aozora.gr.jp/cards/000035/files/317_15067.html,2004-03-04,ShiftJIS,JIS X 0208,0
001579,猿ヶ島,さるがしま,さるかしま,,,,「文學界」1935（昭和10）年9月号,NDC 913,新字新仮名,なし,2000-12-15,2014-09-17,http://www.aozora.gr.jp/cards/000035/card1579.html,000035,太宰,治,だざい,おさむ,たさい,おさむ,Dazai,Osamu,著者,1909-06-19,1948-06-13,なし,太宰治全集1,ちくま文庫、筑摩書房,1988（昭和63）年8月30日,,1998（平成10）年6月15日第5刷,筑摩全集類聚版太宰治全集,筑摩書房,1975（昭和50）年6月～1976（昭和51）年6月刊行,,,,,,,,,柴田卓治,すずきともひろ,http://www.aozora.gr.jp/cards/000035/files/1579_ruby_19976.zip,2005-10-21,ShiftJIS,JIS X 0208,1,http://www.aozora.gr.jp/cards/000035/files/1579_19977.html,2005-10-21,ShiftJIS,JIS X 0208,0
002262,猿面冠者,さるめんかんじゃ,さるめんかんしや,,,,「鷭　第二輯」1934（昭和9）年7月1日,NDC 913,旧字旧仮名,なし,1999-06-15,2016-02-23,http://www.aozora.gr.jp/cards/000035/card2262.html,000035,太宰,治,だざい,おさむ,たさい,おさむ,Dazai,Osamu,著者,1909-06-19,1948-06-13,なし,太宰治全集2,筑摩書房,1998（平成10）年5月25日,1998（平成10）年5月25日初版第1刷,,晩年,第一小説集叢書、砂子屋書房,1936（昭和11）年6月25日,,,,,,,,,赤木孝之,湯地光弘,http://www.aozora.gr.jp/cards/000035/files/2262_txt_34628.zip,2016-02-23,ShiftJIS,JIS X 0208,2,http://www.aozora.gr.jp/cards/000035/files/2262_34627.html,2016-02-23,ShiftJIS,JIS X 0208,2
002263,猿面冠者,さるめんかんじゃ,さるめんかんしや,,,,「鷭　第二輯」1934（昭和9）年7月,NDC 913,新字新仮名,なし,1999-12-17,2014-09-17,http://www.aozora.gr.jp/cards/000035/card2263.html,000035,太宰,治,だざい,おさむ,たさい,おさむ,Dazai,Osamu,著者,1909-06-19,1948-06-13,なし,晩年,新潮文庫、新潮社,1947（昭和22）年12月10日、1985（昭和60）年10月5日70刷改版,1999（平成11）年6月25日第105刷,,,,,,,,,,,,,村田拓哉,青木直子,http://www.aozora.gr.jp/cards/000035/files/2263_ruby_2917.zip,2013-04-06,ShiftJIS,JIS X 0208,3,http://www.aozora.gr.jp/cards/000035/files/2263_34626.html,2013-04-06,ShiftJIS,JIS X 0208,1
054173,『猿面冠者』あとがき,『さるめんかんじゃ』あとがき,さるめんかんしやあとかき,,,,「猿面冠者」現代文学選23、鎌倉文庫、1947（昭和22）年1月20日,NDC 914,旧字旧仮名,なし,2012-02-21,2014-09-16,http://www.aozora.gr.jp/cards/000035/card54173.html,000035,太宰,治,だざい,おさむ,たさい,おさむ,Dazai,Osamu,著者,1909-06-19,1948-06-13,なし,太宰治全集11,筑摩書房,1999（平成11）年3月25日,1999（平成11）年3月25日初版第1刷,2001（平成13）年11月10日初版第2刷,,,,,,,,,,,,小林繁雄,阿部哲也,http://www.aozora.gr.jp/cards/000035/files/54173_txt_45785.zip,2012-01-16,ShiftJIS,JIS X 0208,0,http://www.aozora.gr.jp/cards/000035/files/54173_46730.html,2012-01-16,ShiftJIS,JIS X 0208,0
018360,三月三十日,さんがつさんじゅうにち,さんかつさんしゆうにち,,,,,NDC 914,新字新仮名,なし,2008-09-16,2016-07-12,http://www.aozora.gr.jp/cards/000035/card18360.html,000035,太宰,治,だざい,おさむ,たさい,おさむ,Dazai,Osamu,著者,1909-06-19,1948-06-13,なし,太宰治全集10,ちくま文庫、筑摩書房,1989（平成元）年6月27日,1989（平成元）年6月27日第1刷,1996（平成8）年7月15日第3刷,筑摩全集類聚版太宰治全集第十巻,筑摩書房,1977（昭和52）年2月25日,,,,,,,,,土屋隆,noriko saito,http://www.aozora.gr.jp/cards/000035/files/18360_ruby_32525.zip,2016-07-12,ShiftJIS,JIS X 0208,2,http://www.aozora.gr.jp/cards/000035/files/18360_32526.html,2016-07-12,ShiftJIS,JIS X 0208,1
001095,散華,さんげ,さんけ,,,,,NDC 913,新字新仮名,なし,2000-09-18,2014-09-17,http://www.aozora.gr.jp/cards/000035/card1095.html,000035,太宰,治,だざい,おさむ,たさい,おさむ,Dazai,Osamu,著者,1909-06-19,1948-06-13,なし,太宰治全集6,ちくま文庫、筑摩書房,1989（平成元）年2月28日,,1996（平成8）年7月15日第2刷,筑摩全集類聚版太宰治全集,筑摩書房,1975（昭和50）年6月～1976（昭和51）年6月刊行,,,,,,,,,柴田卓治,kumi,http://www.aozora.gr.jp/cards/000035/files/1095_ruby_20124.zip,2005-11-01,ShiftJIS,JIS X 0208,3,http://www.aozora.gr.jp/cards/000035/files/1095_20125.html,2005-11-01,ShiftJIS,JIS X 0208,1
001590,思案の敗北,しあんのはいぼく,しあんのはいほく,,,,「文芸　第五巻第十二号」1937（昭和12）年12月1日,NDC 914,新字新仮名,なし,2005-04-24,2016-07-12,http://www.aozora.gr.jp/cards/000035/card1590.html,000035,太宰,治,だざい,おさむ,たさい,おさむ,Dazai,Osamu,著者,1909-06-19,1948-06-13,なし,太宰治全集10,ちくま文庫、筑摩書房,1989（平成元）年6月27日,1989（平成元）年6月27日第1刷,1996（平成8）年7月15日第3刷,筑摩全集類聚版太宰治全集第十巻,筑摩書房,1977（昭和52）年2月25日,,,,,,,,,土屋隆,noriko saito,http://www.aozora.gr.jp/cards/000035/files/1590_ruby_18034.zip,2016-07-12,ShiftJIS,JIS X 0208,2,http://www.aozora.gr.jp/cards/000035/files/1590_18115.html,2016-07-12,ShiftJIS,JIS X 0208,2
042366,自作を語る,じさくをかたる,しさくをかたる,,,,,NDC 914,新字新仮名,なし,2004-07-10,2014-09-18,http://www.aozora.gr.jp/cards/000035/card42366.html,000035,太宰,治,だざい,おさむ,たさい,おさむ,Dazai,Osamu,著者,1909-06-19,1948-06-13,なし,もの思う葦,新潮文庫、新潮社,1980（昭和55）年9月25日,1998（平成10）年10月15日39刷,1980（昭和55）年11月15日3刷,,,,,,,,,,,,蒋龍,今井忠夫,http://www.aozora.gr.jp/cards/000035/files/42366_ruby_15860.zip,2004-06-16,ShiftJIS,JIS X 0208,0,http://www.aozora.gr.jp/cards/000035/files/42366_15876.html,2004-06-16,ShiftJIS,JIS X 0208,0
052682,私信,ししん,ししん,,,,「都新聞　第一九四三七号」1941（昭和16）年12月2日,NDC 915,旧字旧仮名,なし,2011-12-29,2014-09-16,http://www.aozora.gr.jp/cards/000035/card52682.html,000035,太宰,治,だざい,おさむ,たさい,おさむ,Dazai,Osamu,著者,1909-06-19,1948-06-13,なし,太宰治全集11,筑摩書房,1999（平成11）年3月25日,1999（平成11）年3月25日初版第1刷,2001（平成13）年11月10日初版第2刷,,,,,,,,,,,,小林繁雄,阿部哲也,http://www.aozora.gr.jp/cards/000035/files/52682_txt_45427.zip,2011-10-11,ShiftJIS,JIS X 0208,0,http://www.aozora.gr.jp/cards/000035/files/52682_45497.html,2011-10-11,ShiftJIS,JIS X 0208,0
045674,私信,ししん,ししん,,,,「都新聞　第一九四三七号」1941（昭和16）年12月2日,NDC 914,新字新仮名,なし,2006-02-18,2016-07-12,http://www.aozora.gr.jp/cards/000035/card45674.html,000035,太宰,治,だざい,おさむ,たさい,おさむ,Dazai,Osamu,著者,1909-06-19,1948-06-13,なし,太宰治全集10,ちくま文庫、筑摩書房,1989（平成元）年6月27日,1998（平成10）年6月15日第4刷,1989（平成元）年6月27日第1刷,筑摩全集類聚版太宰治全集第十巻,筑摩書房,1977（昭和52）年2月25日,,,,,,,,,増山一光,土屋隆,http://www.aozora.gr.jp/cards/000035/files/45674_ruby_20803.zip,2016-07-12,ShiftJIS,JIS X 0208,1,http://www.aozora.gr.jp/cards/000035/files/45674_21427.html,2016-07-12,ShiftJIS,JIS X 0208,1
052462,自信の無さ,じしんのなさ,ししんのなさ,,,,「東京朝日新聞　第一九四五七号」1940（昭和15）年6月2日,NDC 914,旧字旧仮名,なし,2011-12-29,2014-09-16,http://www.aozora.gr.jp/cards/000035/card52462.html,000035,太宰,治,だざい,おさむ,たさい,おさむ,Dazai,Osamu,著者,1909-06-19,1948-06-13,なし,太宰治全集11,筑摩書房,1999（平成11）年3月25日,1999（平成11）年3月25日初版第1刷,2001（平成13）年11月10日初版第2刷,,,,,,,,,,,,小林繁雄,阿部哲也,http://www.aozora.gr.jp/cards/000035/files/52462_ruby_45428.zip,2011-10-11,ShiftJIS,JIS X 0208,0,http://www.aozora.gr.jp/cards/000035/files/52462_45498.html,2011-10-11,ShiftJIS,JIS X 0208,0
045675,自信の無さ,じしんのなさ,ししんのなさ,,,,「東京毎日新聞　第一九四五七号」1940（昭和15）年6月2日,NDC 914,新字新仮名,なし,2006-02-18,2016-07-12,http://www.aozora.gr.jp/cards/000035/card45675.html,000035,太宰,治,だざい,おさむ,たさい,おさむ,Dazai,Osamu,著者,1909-06-19,1948-06-13,なし,太宰治全集10,ちくま文庫、筑摩書房,1989（平成元）年6月27日,1998（平成10）年6月15日第4刷,1989（平成元）年6月27日第1刷,筑摩全集類聚版太宰治全集第十巻,筑摩書房,1977（昭和52）年2月25日,,,,,,,,,増山一光,土屋隆,http://www.aozora.gr.jp/cards/000035/files/45675_ruby_20802.zip,2016-07-12,ShiftJIS,JIS X 0208,1,http://www.aozora.gr.jp/cards/000035/files/45675_21428.html,2016-07-12,ShiftJIS,JIS X 0208,1
042361,市井喧争,しせいけんそう,しせいけんそう,,,,,NDC 913,新字新仮名,なし,2004-07-08,2014-09-18,http://www.aozora.gr.jp/cards/000035/card42361.html,000035,太宰,治,だざい,おさむ,たさい,おさむ,Dazai,Osamu,著者,1909-06-19,1948-06-13,なし,もの思う葦,新潮文庫、新潮社,1980（昭和55）年9月25日,1998（平成10）年10月15日39刷,1980（昭和55）年11月15日3刷,,,,,,,,,,,,蒋龍,今井忠夫,http://www.aozora.gr.jp/cards/000035/files/42361_ruby_15861.zip,2004-06-16,ShiftJIS,JIS X 0208,0,http://www.aozora.gr.jp/cards/000035/files/42361_15877.html,2004-06-16,ShiftJIS,JIS X 0208,0
002264,失敗園,しっぱいえん,しつはいえん,,,,,NDC 913,新字新仮名,なし,2000-04-27,2014-09-17,http://www.aozora.gr.jp/cards/000035/card2264.html,000035,太宰,治,だざい,おさむ,たさい,おさむ,Dazai,Osamu,著者,1909-06-19,1948-06-13,なし,太宰治全集3,ちくま文庫、筑摩書房,1988（昭和63）年10月25日,,1998（平成10）年6月15日第2刷,筑摩全集類聚版太宰治全集,筑摩書房,1975（昭和50）年6月～1976（昭和51）年6月刊行,,,,,,,,,柴田卓治,渥美浩子,http://www.aozora.gr.jp/cards/000035/files/2264_ruby_20019.zip,2005-10-26,ShiftJIS,JIS X 0208,1,http://www.aozora.gr.jp/cards/000035/files/2264_20020.html,2005-10-26,ShiftJIS,JIS X 0208,0
042367,弱者の糧,じゃくしゃのかて,しやくしやのかて,,,,,NDC 914,新字新仮名,なし,2004-07-14,2014-09-18,http://www.aozora.gr.jp/cards/000035/card42367.html,000035,太宰,治,だざい,おさむ,たさい,おさむ,Dazai,Osamu,著者,1909-06-19,1948-06-13,なし,もの思う葦,新潮文庫、新潮社,1980（昭和55）年9月25日,1998（平成10）年10月15日39刷,1980（昭和55）年11月15日3刷,,,,,,,,,,,,蒋龍,今井忠夫,http://www.aozora.gr.jp/cards/000035/files/42367_ruby_15862.zip,2004-06-16,ShiftJIS,JIS X 0208,0,http://www.aozora.gr.jp/cards/000035/files/42367_15878.html,2004-06-16,ShiftJIS,JIS X 0208,0
001565,斜陽,しゃよう,しやよう,,,,「新潮　第四十四巻第七号～第十号」1947（昭和22）年7月1日～1947（昭和22）年10月1日,NDC 913,新字新仮名,なし,2003-01-29,2015-09-30,http://www.aozora.gr.jp/cards/000035/card1565.html,000035,太宰,治,だざい,おさむ,たさい,おさむ,Dazai,Osamu,著者,1909-06-19,1948-06-13,なし,斜陽,新潮文庫、新潮社,1950（昭和25）年11月20日,1994（平成6）年6月5日93刷,,,,,,,,,,,,,SAME SIDE,細渕紀子,http://www.aozora.gr.jp/cards/000035/files/1565_ruby_8220.zip,2015-09-30,ShiftJIS,JIS X 0208,7,http://www.aozora.gr.jp/cards/000035/files/1565_8559.html,2015-09-30,ShiftJIS,JIS X 0208,8
001570,十五年間,じゅうごねんかん,しゆうこねんかん,,,,「文化展望」1946（昭和21）年4月号,NDC 914,新字新仮名,なし,2009-03-18,2014-09-21,http://www.aozora.gr.jp/cards/000035/card1570.html,000035,太宰,治,だざい,おさむ,たさい,おさむ,Dazai,Osamu,著者,1909-06-19,1948-06-13,なし,グッド・バイ,新潮文庫、新潮社,1972（昭和47）年7月30日,1985（昭和60）年7月15日29刷,1972（昭和47）年10月30日2刷 ,,,,,,,,,,,,土屋隆,田中敬三,http://www.aozora.gr.jp/cards/000035/files/1570_ruby_34712.zip,2009-02-03,ShiftJIS,JIS X 0208,0,http://www.aozora.gr.jp/cards/000035/files/1570_34478.html,2009-02-03,ShiftJIS,JIS X 0208,0
000253,十二月八日,じゅうにがつようか,しゆうにかつようか,,,,「婦人公論」1942（昭和17）年2月,NDC 913,新字新仮名,なし,2000-04-01,2014-09-17,http://www.aozora.gr.jp/cards/000035/card253.html,000035,太宰,治,だざい,おさむ,たさい,おさむ,Dazai,Osamu,著者,1909-06-19,1948-06-13,なし,太宰治全集5,ちくま文庫、筑摩書房,1989（平成元）年1月31日,,,筑摩全集類聚版太宰治全集,筑摩書房,1975（昭和50）年6月～1976（昭和51）年6月刊行,,,,,,,,,柴田卓治,高橋真也,http://www.aozora.gr.jp/cards/000035/files/253_ruby_20055.zip,2005-10-29,ShiftJIS,JIS X 0208,1,http://www.aozora.gr.jp/cards/000035/files/253_20056.html,2005-10-29,ShiftJIS,JIS X 0208,0
002267,秋風記,しゅうふうき,しゆうふうき,,,,,NDC 913,新字新仮名,なし,1999-09-17,2014-09-17,http://www.aozora.gr.jp/cards/000035/card2267.html,000035,太宰,治,だざい,おさむ,たさい,おさむ,Dazai,Osamu,著者,1909-06-19,1948-06-13,なし,太宰治全集2,ちくま文庫、筑摩書房,1988（昭和63）年9月27日,,,筑摩全集類聚版太宰治全集,筑摩書房,1975（昭和50）年6月～1976（昭和51）年6月刊行,,,,,,,,,柴田卓治,小林繁雄,http://www.aozora.gr.jp/cards/000035/files/2267_ruby_19991.zip,2005-10-23,ShiftJIS,JIS X 0208,1,http://www.aozora.gr.jp/cards/000035/files/2267_19992.html,2005-10-23,ShiftJIS,JIS X 0208,0
004358,純真,じゅんしん,しゆんしん,,,,,NDC 914,新字旧仮名,なし,2002-12-11,2014-09-17,http://www.aozora.gr.jp/cards/000035/card4358.html,000035,太宰,治,だざい,おさむ,たさい,おさむ,Dazai,Osamu,著者,1909-06-19,1948-06-13,なし,太宰治全集 10,筑摩書房,1990（平成2）年12月25日,1990（平成2）年12月25日初版第1刷,,,,,,,,,,,,,砂場清隆,林幸雄,http://www.aozora.gr.jp/cards/000035/files/4358_txt_7916.zip,2002-12-03,ShiftJIS,JIS X 0208,0,http://www.aozora.gr.jp/cards/000035/files/4358_7917.html,2002-12-03,ShiftJIS,JIS X 0208,0
046599,純真,じゅんしん,しゆんしん,,,,,NDC 914,新字新仮名,なし,2006-12-28,2014-09-18,http://www.aozora.gr.jp/cards/000035/card46599.html,000035,太宰,治,だざい,おさむ,たさい,おさむ,Dazai,Osamu,著者,1909-06-19,1948-06-13,なし,もの思う葦,新潮文庫、新潮社,1980（昭和55）年9月25日,1998（平成10）年10月15日39刷,2002（平成14）年5月30日42刷改版,,,,,,,,,,,,蒋龍,土屋隆,http://www.aozora.gr.jp/cards/000035/files/46599_ruby_24668.zip,2006-11-15,ShiftJIS,JIS X 0208,0,http://www.aozora.gr.jp/cards/000035/files/46599_24916.html,2006-11-15,ShiftJIS,JIS X 0208,0
052374,春昼,しゅんちゅう,しゆんちゆう,,,,「月刊文章　第五巻第六号」1939（昭和14）年6月1日,NDC 914,旧字旧仮名,なし,2011-12-29,2014-09-16,http://www.aozora.gr.jp/cards/000035/card52374.html,000035,太宰,治,だざい,おさむ,たさい,おさむ,Dazai,Osamu,著者,1909-06-19,1948-06-13,なし,太宰治全集11,筑摩書房,1999（平成11）年3月25日,1999（平成11）年3月25日初版第1刷,2001（平成13）年11月10日初版第2刷,,,,,,,,,,,,小林繁雄,阿部哲也,http://www.aozora.gr.jp/cards/000035/files/52374_txt_45429.zip,2011-10-11,ShiftJIS,JIS X 0208,0,http://www.aozora.gr.jp/cards/000035/files/52374_45499.html,2011-10-11,ShiftJIS,JIS X 0208,0
043573,春昼,しゅんちゅう,しゆんちゆう,,,,「月刊文章　第五巻第六号」1939（昭和14）年6月1日,NDC 913,新字新仮名,なし,2005-04-11,2016-07-12,http://www.aozora.gr.jp/cards/000035/card43573.html,000035,太宰,治,だざい,おさむ,たさい,おさむ,Dazai,Osamu,著者,1909-06-19,1948-06-13,なし,太宰治全集10,ちくま文庫、筑摩書房,1989（平成元）年6月27日,1998（平成10）年6月15日第4刷,1993（平成5）年1月5日第2刷,筑摩全集類聚版太宰治全集第十巻,筑摩書房,1977（昭和52）年2月25日,,,,,,,,,増山一光,小林繁雄,http://www.aozora.gr.jp/cards/000035/files/43573_ruby_17862.zip,2016-07-12,ShiftJIS,JIS X 0208,1,http://www.aozora.gr.jp/cards/000035/files/43573_17939.html,2016-07-12,ShiftJIS,JIS X 0208,1
001602,小志,しょうし,しようし,,,,「朝日新聞　第二二一六三号」1947（昭和22）年11月17日,NDC 914,新字新仮名,なし,2005-04-22,2016-07-12,http://www.aozora.gr.jp/cards/000035/card1602.html,000035,太宰,治,だざい,おさむ,たさい,おさむ,Dazai,Osamu,著者,1909-06-19,1948-06-13,なし,太宰治全集10,ちくま文庫、筑摩書房,1989（平成元）年6月27日,1989（平成元）年6月27日第1刷,1996（平成8）年7月15日第3刷,筑摩全集類聚版太宰治全集第十巻,筑摩書房,1977（昭和52）年2月25日,,,,,,,,,土屋隆,noriko saito,http://www.aozora.gr.jp/cards/000035/files/1602_ruby_18023.zip,2016-07-12,ShiftJIS,JIS X 0208,1,http://www.aozora.gr.jp/cards/000035/files/1602_18105.html,2016-07-12,ShiftJIS,JIS X 0208,1
001595,正直ノオト,しょうじきノート,しようしきのおと,,,,「帝国大学新聞　第七百六十六号」1939（昭和14）年5月15日,NDC 914,新字新仮名,なし,2005-04-22,2016-07-12,http://www.aozora.gr.jp/cards/000035/card1595.html,000035,太宰,治,だざい,おさむ,たさい,おさむ,Dazai,Osamu,著者,1909-06-19,1948-06-13,なし,太宰治全集10,ちくま文庫、筑摩書房,1989（平成元）年6月27日,1989（平成元）年6月27日第1刷,1996（平成8）年7月15日第3刷,筑摩全集類聚版太宰治全集第十巻,筑摩書房,1977（昭和52）年2月25日,,,,,,,,,土屋隆,noriko saito,http://www.aozora.gr.jp/cards/000035/files/1595_ruby_18019.zip,2016-07-12,ShiftJIS,JIS X 0208,2,http://www.aozora.gr.jp/cards/000035/files/1595_18106.html,2016-07-12,ShiftJIS,JIS X 0208,1
052683,小照,しょうしょう,しようしよう,,,,「新日本文學全集第十四巻・坪井譲治集　月報第十六号」1942（昭和17）年7月13日,NDC 914,旧字旧仮名,なし,2011-12-08,2014-09-16,http://www.aozora.gr.jp/cards/000035/card52683.html,000035,太宰,治,だざい,おさむ,たさい,おさむ,Dazai,Osamu,著者,1909-06-19,1948-06-13,なし,太宰治全集11,筑摩書房,1999（平成11）年3月25日,1999（平成11）年3月25日初版第1刷,2001（平成13）年11月10日初版第2刷,,,,,,,,,,,,小林繁雄,阿部哲也,http://www.aozora.gr.jp/cards/000035/files/52683_txt_45399.zip,2011-10-11,ShiftJIS,JIS X 0208,0,http://www.aozora.gr.jp/cards/000035/files/52683_45477.html,2011-10-11,ShiftJIS,JIS X 0208,0
001604,小説の面白さ,しょうせつのおもしろさ,しようせつのおもしろさ,,,,「個性　第一巻第三号」1948（昭和23）年3月1日,NDC 914,新字新仮名,なし,2005-04-23,2016-07-12,http://www.aozora.gr.jp/cards/000035/card1604.html,000035,太宰,治,だざい,おさむ,たさい,おさむ,Dazai,Osamu,著者,1909-06-19,1948-06-13,なし,太宰治全集10,ちくま文庫、筑摩書房,1989（平成元）年6月27日,1989（平成元）年6月27日第1刷,1996（平成8）年7月15日第3刷,筑摩全集類聚版太宰治全集第十巻,筑摩書房,1977（昭和52）年2月25日,,,,,,,,,土屋隆,noriko saito,http://www.aozora.gr.jp/cards/000035/files/1604_ruby_18025.zip,2016-07-12,ShiftJIS,JIS X 0208,1,http://www.aozora.gr.jp/cards/000035/files/1604_18107.html,2016-07-12,ShiftJIS,JIS X 0208,1
001597,食通,しょくつう,しよくつう,,,,「博浪沙　第七巻第一号」1942（昭和17）年1月5日,NDC 914,新字新仮名,なし,2005-04-23,2016-07-12,http://www.aozora.gr.jp/cards/000035/card1597.html,000035,太宰,治,だざい,おさむ,たさい,おさむ,Dazai,Osamu,著者,1909-06-19,1948-06-13,なし,太宰治全集10,ちくま文庫、筑摩書房,1989（平成元）年6月27日,1989（平成元）年6月27日第1刷,1996（平成8）年7月15日第3刷,筑摩全集類聚版太宰治全集第十巻,筑摩書房,1977（昭和52）年2月25日,,,,,,,,,土屋隆,noriko saito,http://www.aozora.gr.jp/cards/000035/files/1597_ruby_18021.zip,2016-07-12,ShiftJIS,JIS X 0208,1,http://www.aozora.gr.jp/cards/000035/files/1597_18108.html,2016-07-12,ShiftJIS,JIS X 0208,1
052375,諸君の位置,しょくんのいち,しよくんのいち,,,,「月刊文化學院　第二巻第二号」1940（昭和15）年3月30日,NDC 914,旧字旧仮名,なし,2011-12-08,2014-09-16,http://www.aozora.gr.jp/cards/000035/card52375.html,000035,太宰,治,だざい,おさむ,たさい,おさむ,Dazai,Osamu,著者,1909-06-19,1948-06-13,なし,太宰治全集11,筑摩書房,1999（平成11）年3月25日,1999（平成11）年3月25日初版第1刷,2001（平成13）年11月10日初版第2刷,,,,,,,,,,,,小林繁雄,阿部哲也,http://www.aozora.gr.jp/cards/000035/files/52375_txt_45400.zip,2011-10-11,ShiftJIS,JIS X 0208,0,http://www.aozora.gr.jp/cards/000035/files/52375_45478.html,2011-10-11,ShiftJIS,JIS X 0208,0
054174,『女性』あとがき,『じょせい』あとがき,しよせいあとかき,,,,「女性」博文館、1942（昭和17）年6月30日,NDC 914,旧字旧仮名,なし,2012-02-26,2014-09-16,http://www.aozora.gr.jp/cards/000035/card54174.html,000035,太宰,治,だざい,おさむ,たさい,おさむ,Dazai,Osamu,著者,1909-06-19,1948-06-13,なし,太宰治全集11,筑摩書房,1999（平成11）年3月25日,1999（平成11）年3月25日初版第1刷,2001（平成13）年11月10日初版第2刷,,,,,,,,,,,,小林繁雄,阿部哲也,http://www.aozora.gr.jp/cards/000035/files/54174_txt_45790.zip,2012-01-07,ShiftJIS,JIS X 0208,0,http://www.aozora.gr.jp/cards/000035/files/54174_46731.html,2012-01-07,ShiftJIS,JIS X 0208,0
000275,女生徒,じょせいと,しよせいと,,,,「文学界」1939（昭和14）年4月,NDC 913,新字新仮名,なし,1999-02-16,2014-09-17,http://www.aozora.gr.jp/cards/000035/card275.html,000035,太宰,治,だざい,おさむ,たさい,おさむ,Dazai,Osamu,著者,1909-06-19,1948-06-13,なし,女生徒,角川文庫、角川書店,1954（昭和29）年10月20日、1968（昭和43）年2月5日改版44版,,1989（平成元）年7月10日改版41版,,,,,,,,,,,,細渕真弓,細渕紀子,http://www.aozora.gr.jp/cards/000035/files/275_ruby_1532.zip,2011-05-22,ShiftJIS,JIS X 0208,5,http://www.aozora.gr.jp/cards/000035/files/275_13903.html,2011-05-22,ShiftJIS,JIS X 0208,2
000274,女類,じょるい,しよるい,,,,「八雲」1948（昭和23）年4月,NDC 913,新字新仮名,なし,2000-01-24,2014-09-17,http://www.aozora.gr.jp/cards/000035/card274.html,000035,太宰,治,だざい,おさむ,たさい,おさむ,Dazai,Osamu,著者,1909-06-19,1948-06-13,なし,太宰治全集9,ちくま文庫、筑摩書房,1989（平成元）年5月30日,,1998（平成10）年6月15日第5刷,筑摩全集類聚版太宰治全集,筑摩書房,1975（昭和50）年6月～1976（昭和51）年6月刊行,,,,,,,,,柴田卓治,かとうかおり,http://www.aozora.gr.jp/cards/000035/files/274_ruby_20182.zip,2005-11-06,ShiftJIS,JIS X 0208,1,http://www.aozora.gr.jp/cards/000035/files/274_20183.html,2005-11-06,ShiftJIS,JIS X 0208,0
052376,知らない人,しらないひと,しらないひと,,,,「書物展望　第十巻第三号」1940（昭和15）年3月1日,NDC 914,旧字旧仮名,なし,2011-12-12,2014-09-16,http://www.aozora.gr.jp/cards/000035/card52376.html,000035,太宰,治,だざい,おさむ,たさい,おさむ,Dazai,Osamu,著者,1909-06-19,1948-06-13,なし,太宰治全集11,筑摩書房,1999（平成11）年3月25日,1999（平成11）年3月25日初版第1刷,2001（平成13）年11月10日初版第2刷,,,,,,,,,,,,小林繁雄,阿部哲也,http://www.aozora.gr.jp/cards/000035/files/52376_ruby_45401.zip,2011-12-13,ShiftJIS,JIS X 0208,1,http://www.aozora.gr.jp/cards/000035/files/52376_45481.html,2011-12-13,ShiftJIS,JIS X 0208,1
002269,新釈諸国噺,しんしゃくしょこくばなし,しんしやくしよこくはなし,,,,,NDC 913,新字新仮名,なし,2000-04-24,2014-09-17,http://www.aozora.gr.jp/cards/000035/card2269.html,000035,太宰,治,だざい,おさむ,たさい,おさむ,Dazai,Osamu,著者,1909-06-19,1948-06-13,なし,お伽草紙,新潮文庫、新潮社,1972（昭和47）年3月21日、1991（平成3）年2月20日40刷改版,1999（平成11）年3月10日第56刷,,,,,,,,,,,,,ａｋｉ,久保あきら,http://www.aozora.gr.jp/cards/000035/files/2269_ruby_5649.zip,2006-05-20,ShiftJIS,JIS X 0208,6,http://www.aozora.gr.jp/cards/000035/files/2269_15103.html,2006-05-20,ShiftJIS,JIS X 0208,1
002270,新樹の言葉,しんじゅのことば,しんしゆのことは,,,,「愛と美について」竹村書房、1939（昭和14）年5月,NDC 913,新字新仮名,なし,1999-11-17,2016-02-01,http://www.aozora.gr.jp/cards/000035/card2270.html,000035,太宰,治,だざい,おさむ,たさい,おさむ,Dazai,Osamu,著者,1909-06-19,1948-06-13,なし,新樹の言葉,新潮文庫、新潮社,1982（昭和57）年7月25日,1992（平成4）年11月15日第17刷,,,,,,,,,,,,,田中久太郎,青木直子,http://www.aozora.gr.jp/cards/000035/files/2270_ruby_2756.zip,2016-02-01,ShiftJIS,JIS X 0208,2,http://www.aozora.gr.jp/cards/000035/files/2270_34629.html,2016-02-01,ShiftJIS,JIS X 0208,1
001576,新ハムレット,しんハムレット,しんはむれつと,,,,,NDC 912,新字新仮名,なし,2003-02-06,2014-09-17,http://www.aozora.gr.jp/cards/000035/card1576.html,000035,太宰,治,だざい,おさむ,たさい,おさむ,Dazai,Osamu,著者,1909-06-19,1948-06-13,なし,新ハムレット,新潮文庫、新潮社,1974（昭和49）年3月30日,1998（平成10）年7月20日33刷,,,,,,,,,,,,,細渕真弓,細渕紀子,http://www.aozora.gr.jp/cards/000035/files/1576_ruby_8219.zip,2003-01-27,ShiftJIS,JIS X 0208,0,http://www.aozora.gr.jp/cards/000035/files/1576_8585.html,2003-01-27,ShiftJIS,JIS X 0208,0
052346,人物に就いて,じんぶつについて,しんふつについて,,,,「東奥日報　第一五五八七号」1936（昭和11）年1月1日,NDC 914,旧字旧仮名,なし,2011-12-12,2014-09-16,http://www.aozora.gr.jp/cards/000035/card52346.html,000035,太宰,治,だざい,おさむ,たさい,おさむ,Dazai,Osamu,著者,1909-06-19,1948-06-13,なし,太宰治全集11,筑摩書房,1999（平成11）年3月25日,1999（平成11）年3月25日初版第1刷,2001（平成13）年11月10日初版第2刷,,,,,,,,,,,,小林繁雄,阿部哲也,http://www.aozora.gr.jp/cards/000035/files/52346_ruby_45402.zip,2011-10-11,ShiftJIS,JIS X 0208,0,http://www.aozora.gr.jp/cards/000035/files/52346_45482.html,2011-10-11,ShiftJIS,JIS X 0208,0
002271,親友交歓,しんゆうこうかん,しんゆうこうかん,,,,,NDC 913,新字新仮名,なし,1999-01-01,2014-09-17,http://www.aozora.gr.jp/cards/000035/card2271.html,000035,太宰,治,だざい,おさむ,たさい,おさむ,Dazai,Osamu,著者,1909-06-19,1948-06-13,なし,ヴィヨンの妻,新潮文庫、新潮社,1950（昭和25）年12月20日、1985（昭和60）年10月30日63刷改版,,,,,,,,,,,,,,細渕真弓,細渕紀子,http://www.aozora.gr.jp/cards/000035/files/2271_ruby_1034.zip,2009-03-02,ShiftJIS,JIS X 0208,2,http://www.aozora.gr.jp/cards/000035/files/2271_34630.html,2009-03-02,ShiftJIS,JIS X 0208,0
001586,新郎,しんろう,しんろう,,,,「新潮」1942（昭和17）年1月号,NDC 914,新字新仮名,なし,2005-12-08,2014-09-18,http://www.aozora.gr.jp/cards/000035/card1586.html,000035,太宰,治,だざい,おさむ,たさい,おさむ,Dazai,Osamu,著者,1909-06-19,1948-06-13,なし,ろまん燈籠,新潮文庫、新潮社,1983（昭和58）年2月25日,1986（昭和61）年10月30日5刷,1989（平成元）年11月30日11刷,,,,,,,,,,,,土屋隆,鈴木厚司,http://www.aozora.gr.jp/cards/000035/files/1586_ruby_20540.zip,2005-12-02,ShiftJIS,JIS X 0208,0,http://www.aozora.gr.jp/cards/000035/files/1586_20654.html,2005-12-02,ShiftJIS,JIS X 0208,0
002272,水仙,すいせん,すいせん,,,,,NDC 913,新字新仮名,なし,2000-04-01,2014-09-17,http://www.aozora.gr.jp/cards/000035/card2272.html,000035,太宰,治,だざい,おさむ,たさい,おさむ,Dazai,Osamu,著者,1909-06-19,1948-06-13,なし,太宰治全集5,ちくま文庫、筑摩書房,1989（平成元）年1月31日,,,筑摩全集類聚版太宰治全集,筑摩書房,1975（昭和50）年6月～1976（昭和51）年6月刊行,,,,,,,,,柴田卓治,高橋真也,http://www.aozora.gr.jp/cards/000035/files/2272_ruby_20057.zip,2005-10-29,ShiftJIS,JIS X 0208,1,http://www.aozora.gr.jp/cards/000035/files/2272_20058.html,2005-10-29,ShiftJIS,JIS X 0208,0
002273,雀,すずめ,すすめ,,,,,NDC 913,新字新仮名,なし,2000-02-01,2014-09-17,http://www.aozora.gr.jp/cards/000035/card2273.html,000035,太宰,治,だざい,おさむ,たさい,おさむ,Dazai,Osamu,著者,1909-06-19,1948-06-13,なし,太宰治全集8,ちくま文庫、筑摩書房,1989（平成元）年4月25日,,,筑摩全集類聚版太宰治全集,筑摩書房,1975（昭和50）年6月～1976（昭和51）年6月刊行,,,,,,,,,柴田卓治,もりみつじゅんじ,http://www.aozora.gr.jp/cards/000035/files/2273_ruby_20144.zip,2005-11-02,ShiftJIS,JIS X 0208,1,http://www.aozora.gr.jp/cards/000035/files/2273_20145.html,2005-11-02,ShiftJIS,JIS X 0208,0
002274,雀こ,すずめこ,すすめこ,,,,「作品」1935（昭和10）年7月号,NDC 913,新字新仮名,なし,1999-09-12,2014-09-17,http://www.aozora.gr.jp/cards/000035/card2274.html,000035,太宰,治,だざい,おさむ,たさい,おさむ,Dazai,Osamu,著者,1909-06-19,1948-06-13,なし,太宰治全集1,ちくま文庫、筑摩書房,1988（昭和63）年8月30日,,1998（平成10）年6月15日第5刷,筑摩全集類聚版太宰治全集,筑摩書房,1975（昭和50）年6月～1976（昭和51）年6月刊行,,,,,,,,,柴田卓治,丹羽倫子,http://www.aozora.gr.jp/cards/000035/files/2274_ruby_19978.zip,2005-10-21,ShiftJIS,JIS X 0208,1,http://www.aozora.gr.jp/cards/000035/files/2274_19979.html,2005-10-21,ShiftJIS,JIS X 0208,0
001577,正義と微笑,せいぎとびしょう,せいきとひしよう,,,,,NDC 913,新字新仮名,なし,2003-02-04,2014-09-17,http://www.aozora.gr.jp/cards/000035/card1577.html,000035,太宰,治,だざい,おさむ,たさい,おさむ,Dazai,Osamu,著者,1909-06-19,1948-06-13,なし,パンドラの匣,新潮文庫、新潮社,1973（昭和48）年10月20日,1997（平成9）年12月20日46刷,,,,,,,,,,,,,SAME SIDE,細渕紀子,http://www.aozora.gr.jp/cards/000035/files/1577_ruby_8221.zip,2013-01-31,ShiftJIS,JIS X 0208,1,http://www.aozora.gr.jp/cards/000035/files/1577_8581.html,2013-01-31,ShiftJIS,JIS X 0208,1
042368,政治家と家庭,せいじかとかてい,せいしかとかてい,,,,,NDC 914,新字新仮名,なし,2009-04-10,2014-09-21,http://www.aozora.gr.jp/cards/000035/card42368.html,000035,太宰,治,だざい,おさむ,たさい,おさむ,Dazai,Osamu,著者,1909-06-19,1948-06-13,なし,もの思う葦,新潮文庫、新潮社,1980（昭和55）年9月25日,1998（平成10）年10月15日39刷,1997（平成9）年7月30日36刷 ,,,,,,,,,,,,蒋龍,土屋隆,http://www.aozora.gr.jp/cards/000035/files/42368_ruby_34279.zip,2009-04-07,ShiftJIS,JIS X 0208,0,http://www.aozora.gr.jp/cards/000035/files/42368_34754.html,2009-04-07,ShiftJIS,JIS X 0208,0
002275,清貧譚,せいひんたん,せいひんたん,,,,,NDC 913,新字旧仮名,なし,1999-01-01,2014-09-17,http://www.aozora.gr.jp/cards/000035/card2275.html,000035,太宰,治,だざい,おさむ,たさい,おさむ,Dazai,Osamu,著者,1909-06-19,1948-06-13,なし,太宰治全集第四巻,筑摩書房,1989（平成元）年12月15日,1989（平成元）年12月15日初版第1刷,,,,,,,,,,,,,八巻美恵,,http://www.aozora.gr.jp/cards/000035/files/2275_ruby_1037.zip,2004-03-04,ShiftJIS,JIS X 0208,4,http://www.aozora.gr.jp/cards/000035/files/2275_15068.html,2004-03-04,ShiftJIS,JIS X 0208,0
052684,世界的,せかいてき,せかいてき,,,,「早稻田大學新聞　第二百二十六号」1941（昭和16）年10月15日,NDC 914,旧字旧仮名,なし,2011-12-12,2014-09-16,http://www.aozora.gr.jp/cards/000035/card52684.html,000035,太宰,治,だざい,おさむ,たさい,おさむ,Dazai,Osamu,著者,1909-06-19,1948-06-13,なし,太宰治全集11,筑摩書房,1999（平成11）年3月25日,1999（平成11）年3月25日初版第1刷,2001（平成13）年11月10日初版第2刷,,,,,,,,,,,,小林繁雄,阿部哲也,http://www.aozora.gr.jp/cards/000035/files/52684_txt_45404.zip,2011-10-11,ShiftJIS,JIS X 0208,0,http://www.aozora.gr.jp/cards/000035/files/52684_45484.html,2011-10-11,ShiftJIS,JIS X 0208,0
045676,世界的,せかいてき,せかいてき,,,,「早稲田大学新聞　第二百二十六号」1941（昭和16）年10月15日,NDC 914,新字新仮名,なし,2006-02-18,2016-07-12,http://www.aozora.gr.jp/cards/000035/card45676.html,000035,太宰,治,だざい,おさむ,たさい,おさむ,Dazai,Osamu,著者,1909-06-19,1948-06-13,なし,太宰治全集10,ちくま文庫、筑摩書房,1989（平成元）年6月27日,1998（平成10）年6月15日第4刷,1989（平成元）年6月27日第1刷,筑摩全集類聚版太宰治全集第十巻,筑摩書房,1977（昭和52）年2月25日,,,,,,,,,増山一光,土屋隆,http://www.aozora.gr.jp/cards/000035/files/45676_ruby_20801.zip,2016-07-12,ShiftJIS,JIS X 0208,1,http://www.aozora.gr.jp/cards/000035/files/45676_21429.html,2016-07-12,ShiftJIS,JIS X 0208,1
002277,惜別,せきべつ,せきへつ,,,,,NDC 913,新字新仮名,なし,2000-06-20,2014-09-17,http://www.aozora.gr.jp/cards/000035/card2277.html,000035,太宰,治,だざい,おさむ,たさい,おさむ,Dazai,Osamu,著者,1909-06-19,1948-06-13,なし,太宰治全集7,ちくま文庫、筑摩書房,1989（平成元）年3月28日,1989（平成元）年3月28日第1刷,1998（平成10）年6月15日第3刷,筑摩全集類聚版太宰治全集,筑摩書房,1975（昭和50）年6月～1976（昭和51）年6月,,,,,,,,,柴田卓治,青木直子,http://www.aozora.gr.jp/cards/000035/files/2277_ruby_4166.zip,2005-11-01,ShiftJIS,JIS X 0208,3,http://www.aozora.gr.jp/cards/000035/files/2277_15069.html,2005-11-01,ShiftJIS,JIS X 0208,1
052678,「惜別」の意図,「せきべつ」のいと,せきへつのいと,,,,,NDC 914,旧字旧仮名,なし,2011-12-17,2014-09-16,http://www.aozora.gr.jp/cards/000035/card52678.html,000035,太宰,治,だざい,おさむ,たさい,おさむ,Dazai,Osamu,著者,1909-06-19,1948-06-13,なし,太宰治全集11,筑摩書房,1999（平成11）年3月25日,1999（平成11）年3月25日初版第1刷,2001（平成13）年11月10日初版第2刷,,,,,,,,,,,,小林繁雄,阿部哲也,http://www.aozora.gr.jp/cards/000035/files/52678_txt_45405.zip,2011-10-11,ShiftJIS,JIS X 0208,0,http://www.aozora.gr.jp/cards/000035/files/52678_45485.html,2011-10-11,ShiftJIS,JIS X 0208,0
052345,先生三人,せんせいさんにん,せんせいさんにん,,,,「文藝通信　第四巻第十一号」1936（昭和11）年11月1日,NDC 914,旧字旧仮名,なし,2011-12-17,2014-09-16,http://www.aozora.gr.jp/cards/000035/card52345.html,000035,太宰,治,だざい,おさむ,たさい,おさむ,Dazai,Osamu,著者,1909-06-19,1948-06-13,なし,太宰治全集11,筑摩書房,1999（平成11）年3月25日,1999（平成11）年3月25日初版第1刷,2001（平成13）年11月10日初版第2刷,,,,,,,,,,,,小林繁雄,阿部哲也,http://www.aozora.gr.jp/cards/000035/files/52345_ruby_45396.zip,2011-10-11,ShiftJIS,JIS X 0208,0,http://www.aozora.gr.jp/cards/000035/files/52345_45486.html,2011-10-11,ShiftJIS,JIS X 0208,0
002278,善蔵を思う,ぜんぞうをおもう,せんそうをおもう,,,,,NDC 913,新字新仮名,なし,2000-01-16,2014-09-17,http://www.aozora.gr.jp/cards/000035/card2278.html,000035,太宰,治,だざい,おさむ,たさい,おさむ,Dazai,Osamu,著者,1909-06-19,1948-06-13,なし,太宰治全集3,ちくま文庫、筑摩書房,1988（昭和63）年10月25日,,,筑摩全集類聚版太宰治全集,筑摩書房,1975（昭和50）年6月～1976（昭和51）年6月刊行,,,,,,,,,柴田卓治,小林繁雄,http://www.aozora.gr.jp/cards/000035/files/2278_ruby_20021.zip,2005-10-26,ShiftJIS,JIS X 0208,1,http://www.aozora.gr.jp/cards/000035/files/2278_20022.html,2005-10-26,ShiftJIS,JIS X 0208,0
042369,創作余談,そうさくよだん,そうさくよたん,,,,,NDC 914,新字新仮名,なし,2004-07-14,2014-09-18,http://www.aozora.gr.jp/cards/000035/card42369.html,000035,太宰,治,だざい,おさむ,たさい,おさむ,Dazai,Osamu,著者,1909-06-19,1948-06-13,なし,もの思う葦,新潮文庫、新潮社,1980（昭和55）年9月25日,1998（平成10）年10月15日39刷,1980（昭和55）年11月15日3刷,,,,,,,,,,,,蒋龍,今井忠夫,http://www.aozora.gr.jp/cards/000035/files/42369_ruby_15863.zip,2004-06-16,ShiftJIS,JIS X 0208,0,http://www.aozora.gr.jp/cards/000035/files/42369_15879.html,2004-06-16,ShiftJIS,JIS X 0208,0
002279,創生記,そうせいき,そうせいき,,,,,NDC 913,新字新仮名,なし,1999-07-30,2014-09-17,http://www.aozora.gr.jp/cards/000035/card2279.html,000035,太宰,治,だざい,おさむ,たさい,おさむ,Dazai,Osamu,著者,1909-06-19,1948-06-13,なし,太宰治全集2,ちくま文庫、筑摩書房,1988（昭和63）年9月27日,1988（昭和63）年9月27日第1刷,,筑摩全集類聚版太宰治全集,筑摩書房,1975（昭和50）年6月～1976（昭和51）年6月,,,,,,,,,柴田卓治,小林繁雄,http://www.aozora.gr.jp/cards/000035/files/2279_ruby_2241.zip,2004-03-04,ShiftJIS,JIS X 0208,1,http://www.aozora.gr.jp/cards/000035/files/2279_15070.html,2004-03-04,ShiftJIS,JIS X 0208,0
002280,俗天使,ぞくてんし,そくてんし,,,,,NDC 913,新字新仮名,なし,1999-11-10,2014-09-17,http://www.aozora.gr.jp/cards/000035/card2280.html,000035,太宰,治,だざい,おさむ,たさい,おさむ,Dazai,Osamu,著者,1909-06-19,1948-06-13,なし,太宰治全集3,ちくま文庫、筑摩書房,1988（昭和63）年10月25日,1988（昭和63）年10月25日第1刷,,筑摩全集類聚版太宰治全集,筑摩書房,1975（昭和50）年6月～1976（昭和51）年6月,,,,,,,,,柴田卓治,小林繁雄,http://www.aozora.gr.jp/cards/000035/files/2280_ruby_2731.zip,2004-03-04,ShiftJIS,JIS X 0208,1,http://www.aozora.gr.jp/cards/000035/files/2280_15071.html,2004-03-04,ShiftJIS,JIS X 0208,0
052463,大恩は語らず,だいおんはかたらず,たいおんはかたらす,,,,「文章倶樂部　第六巻第七号」1954（昭和29）年7月1日,NDC 914,旧字旧仮名,なし,2011-12-17,2014-09-16,http://www.aozora.gr.jp/cards/000035/card52463.html,000035,太宰,治,だざい,おさむ,たさい,おさむ,Dazai,Osamu,著者,1909-06-19,1948-06-13,なし,太宰治全集11,筑摩書房,1999（平成11）年3月25日,1999（平成11）年3月25日初版第1刷,2001（平成13）年11月10日初版第2刷,,,,,,,,,,,,小林繁雄,阿部哲也,http://www.aozora.gr.jp/cards/000035/files/52463_ruby_45397.zip,2011-10-11,ShiftJIS,JIS X 0208,0,http://www.aozora.gr.jp/cards/000035/files/52463_45487.html,2011-10-11,ShiftJIS,JIS X 0208,0
001575,ダス・ゲマイネ,ダス・ゲマイネ,たすけまいね,,,,「文藝春秋　第十三巻第十号」1935（昭和10）年10月1日,NDC 913,旧字旧仮名,なし,2007-01-29,2016-02-23,http://www.aozora.gr.jp/cards/000035/card1575.html,000035,太宰,治,だざい,おさむ,たさい,おさむ,Dazai,Osamu,著者,1909-06-19,1948-06-13,なし,太宰治全集2,筑摩書房,1998（平成10）年5月25日,1998（平成10）年5月25日初版第1刷,　,虚構の彷徨　ダス・ゲマイネ,新選純文学叢書、新潮社,1937（昭和12）年6月1日,,,,,,,,,土屋隆,増山一光,http://www.aozora.gr.jp/cards/000035/files/1575_ruby_24932.zip,2016-02-23,ShiftJIS,JIS X 0208,2,http://www.aozora.gr.jp/cards/000035/files/1575_25536.html,2016-02-23,ShiftJIS,JIS X 0208,2
042945,ダス・ゲマイネ,ダス・ゲマイネ,たすけまいね,,,,「文藝春秋」1935（昭和10）年10月,NDC 913,新字新仮名,なし,2004-03-04,2014-09-18,http://www.aozora.gr.jp/cards/000035/card42945.html,000035,太宰,治,だざい,おさむ,たさい,おさむ,Dazai,Osamu,著者,1909-06-19,1948-06-13,なし,走れメロス,新潮文庫、新潮社,1967（昭和42）年7月10日、1985（昭和60）年9月15日40刷改版,1989（平成元）年6月10日50刷,,,,,,,,,,,,,野口英司,八巻美恵,http://www.aozora.gr.jp/cards/000035/files/42945_ruby_14903.zip,2004-02-23,ShiftJIS,JIS X 0208,0,http://www.aozora.gr.jp/cards/000035/files/42945_14904.html,2004-02-23,ShiftJIS,JIS X 0208,0
002281,たずねびと,たずねびと,たすねひと,,,,,NDC 913,新字新仮名,なし,2000-04-19,2014-09-17,http://www.aozora.gr.jp/cards/000035/card2281.html,000035,太宰,治,だざい,おさむ,たさい,おさむ,Dazai,Osamu,著者,1909-06-19,1948-06-13,なし,太宰治全集8,ちくま文庫、筑摩書房,1989（平成元）年4月25日,,1998（平成10）年1月20日第2刷,筑摩全集類聚版太宰治全集,筑摩書房,1975（昭和50）年6月～1976（昭和51）年6月刊行,,,,,,,,,柴田卓治,石川友子,http://www.aozora.gr.jp/cards/000035/files/2281_ruby_20146.zip,2005-11-02,ShiftJIS,JIS X 0208,2,http://www.aozora.gr.jp/cards/000035/files/2281_20147.html,2005-11-02,ShiftJIS,JIS X 0208,0
042370,多頭蛇哲学,たとうじゃてつがく,たとうしやてつかく,,,,,NDC 914,新字新仮名,なし,2004-07-14,2014-09-18,http://www.aozora.gr.jp/cards/000035/card42370.html,000035,太宰,治,だざい,おさむ,たさい,おさむ,Dazai,Osamu,著者,1909-06-19,1948-06-13,なし,もの思う葦,新潮文庫、新潮社,1980（昭和55）年9月25日,1998（平成10）年10月15日39刷,1980（昭和55）年11月15日3刷,,,,,,,,,,,,蒋龍,今井忠夫,http://www.aozora.gr.jp/cards/000035/files/42370_ruby_15864.zip,2004-06-16,ShiftJIS,JIS X 0208,0,http://www.aozora.gr.jp/cards/000035/files/42370_15880.html,2004-06-16,ShiftJIS,JIS X 0208,0
054182,田中君に就いて,たなかくんについて,たなかくんについて,――田中英光著『オリムポスの果実』序,――たなかひでみつちょ『オリムポスのかじつ』じょ,,「オリンポスの果實」高山書院、1940（昭和15）年12月15日,NDC 914,旧字旧仮名,なし,2012-02-26,2014-09-16,http://www.aozora.gr.jp/cards/000035/card54182.html,000035,太宰,治,だざい,おさむ,たさい,おさむ,Dazai,Osamu,著者,1909-06-19,1948-06-13,なし,太宰治全集11,筑摩書房,1999（平成11）年3月25日,1999（平成11）年3月25日初版第1刷,2001（平成13）年11月10日初版第2刷,,,,,,,,,,,,小林繁雄,阿部哲也,http://www.aozora.gr.jp/cards/000035/files/54182_txt_45786.zip,2012-01-07,ShiftJIS,JIS X 0208,0,http://www.aozora.gr.jp/cards/000035/files/54182_46732.html,2012-01-07,ShiftJIS,JIS X 0208,0
000251,誰,だれ,たれ,,,,「知性」1941（昭和16）年12月,NDC 913,新字新仮名,なし,2000-03-27,2014-09-17,http://www.aozora.gr.jp/cards/000035/card251.html,000035,太宰,治,だざい,おさむ,たさい,おさむ,Dazai,Osamu,著者,1909-06-19,1948-06-13,なし,太宰治全集4,ちくま文庫、筑摩書房,1988（昭和63）年12月1日,1988（昭和63）年12月1日第1刷,,筑摩全集類聚版太宰治全集,筑摩書房,1975（昭和50）年6月～1976（昭和51）年6月,,,,,,,,,柴田卓治,もりみつじゅんじ,http://www.aozora.gr.jp/cards/000035/files/251_ruby_3560.zip,2004-03-04,ShiftJIS,JIS X 0208,1,http://www.aozora.gr.jp/cards/000035/files/251_15072.html,2004-03-04,ShiftJIS,JIS X 0208,0
000252,誰も知らぬ,だれもしらぬ,たれもしらぬ,,,,「若草」1940（昭和15）年4月,NDC 913,新字新仮名,なし,1999-12-20,2014-09-17,http://www.aozora.gr.jp/cards/000035/card252.html,000035,太宰,治,だざい,おさむ,たさい,おさむ,Dazai,Osamu,著者,1909-06-19,1948-06-13,なし,太宰治全集3,ちくま文庫、筑摩書房,1988（昭和63）年10月25日,,,筑摩全集類聚版太宰治全集,筑摩書房,1975（昭和50）年6月～1976（昭和51）年6月刊行,,,,,,,,,柴田卓治,小林繁雄,http://www.aozora.gr.jp/cards/000035/files/252_ruby_20023.zip,2005-10-26,ShiftJIS,JIS X 0208,1,http://www.aozora.gr.jp/cards/000035/files/252_20024.html,2005-10-26,ShiftJIS,JIS X 0208,0
000249,断崖の錯覚,だんがいのさっかく,たんかいのさつかく,,,,「文化公論　第四巻第四号」1934（昭和9）年4月1日,NDC 913,新字新仮名,なし,2000-04-19,2016-07-12,http://www.aozora.gr.jp/cards/000035/card249.html,000035,太宰,治,だざい,おさむ,たさい,おさむ,Dazai,Osamu,著者,1909-06-19,1948-06-13,なし,太宰治全集10,ちくま文庫、筑摩書房,1989（平成元）年6月27日,1989（平成元）年6月27日第1刷,1998（平成10）年6月15日第4刷,,,,,,,,,,,,柴田卓治,石川友子,http://www.aozora.gr.jp/cards/000035/files/249_ruby_3658.zip,2016-07-12,ShiftJIS,JIS X 0208,2,http://www.aozora.gr.jp/cards/000035/files/249_15073.html,2016-07-12,ShiftJIS,JIS X 0208,1
052377,檀君の近業について,だんくんのきんぎょうについて,たんくんのきんきようについて,,,,「日本浪曼派　第三巻第七号」1937（昭和12）年9月1日,NDC 914,旧字旧仮名,なし,2011-12-17,2014-09-16,http://www.aozora.gr.jp/cards/000035/card52377.html,000035,太宰,治,だざい,おさむ,たさい,おさむ,Dazai,Osamu,著者,1909-06-19,1948-06-13,なし,太宰治全集11,筑摩書房,1999（平成11）年3月25日,1999（平成11）年3月25日初版第1刷,2001（平成13）年11月10日初版第2刷,,,,,,,,,,,,小林繁雄,阿部哲也,http://www.aozora.gr.jp/cards/000035/files/52377_txt_45398.zip,2011-10-11,ShiftJIS,JIS X 0208,0,http://www.aozora.gr.jp/cards/000035/files/52377_45488.html,2011-10-11,ShiftJIS,JIS X 0208,0
000250,男女同権,だんじょどうけん,たんしよとうけん,,,,「改造」1946（昭和21）年12月,NDC 913,新字新仮名,なし,2000-04-19,2014-09-17,http://www.aozora.gr.jp/cards/000035/card250.html,000035,太宰,治,だざい,おさむ,たさい,おさむ,Dazai,Osamu,著者,1909-06-19,1948-06-13,なし,太宰治全集8,ちくま文庫、筑摩書房,1989（平成元）年4月25日,,1998（平成10）年1月20日第2刷,筑摩全集類聚版太宰治全集,筑摩書房,1975（昭和50）年6月～1976（昭和51）年6月刊行,,,,,,,,,柴田卓治,石川友子,http://www.aozora.gr.jp/cards/000035/files/250_ruby_20148.zip,2005-11-02,ShiftJIS,JIS X 0208,1,http://www.aozora.gr.jp/cards/000035/files/250_20149.html,2005-11-02,ShiftJIS,JIS X 0208,0
000237,小さいアルバム,ちいさいアルバム,ちいさいあるはむ,,,,「新潮」1942（昭和17）年7月,NDC 913,新字新仮名,なし,2000-04-13,2014-09-17,http://www.aozora.gr.jp/cards/000035/card237.html,000035,太宰,治,だざい,おさむ,たさい,おさむ,Dazai,Osamu,著者,1909-06-19,1948-06-13,なし,太宰治全集5,ちくま文庫、筑摩書房,1989（昭和64）年1月31日,,1998（平成10）年4月1日第2刷,筑摩全集類聚版太宰治全集,筑摩書房,1975（昭和50）年6月～1976（昭和51）年6月刊行,,,,,,,,,柴田卓治,夏海,http://www.aozora.gr.jp/cards/000035/files/237_ruby_20059.zip,2005-10-29,ShiftJIS,JIS X 0208,1,http://www.aozora.gr.jp/cards/000035/files/237_20060.html,2005-10-29,ShiftJIS,JIS X 0208,0
000247,地球図,ちきゅうず,ちきゆうす,,,,「新潮　第三十二年第十二号」1935（昭和10）年12月1日,NDC 913,新字新仮名,なし,1999-06-23,2014-09-17,http://www.aozora.gr.jp/cards/000035/card247.html,000035,太宰,治,だざい,おさむ,たさい,おさむ,Dazai,Osamu,著者,1909-06-19,1948-06-13,なし,太宰治全集1,ちくま文庫、筑摩書房,1988（昭和63）年8月30日,,1998（平成10）年6月15日第5刷,筑摩全集類聚版太宰治全集第一卷,筑摩書房,1975（昭和50）年6月20日初版第1刷,,,,,,,,,柴田卓治,すずきともひろ,http://www.aozora.gr.jp/cards/000035/files/247_ruby_19980.zip,2014-06-27,ShiftJIS,JIS X 0208,2,http://www.aozora.gr.jp/cards/000035/files/247_19981.html,2014-06-27,ShiftJIS,JIS X 0208,2
054168,「地球図」序,「ちきゅうず」じょ,ちきゆうすしよ,,,,「新潮　第三十二年第十二号」1935（昭和10）年12月1日,NDC 914,旧字旧仮名,なし,2012-03-03,2014-09-16,http://www.aozora.gr.jp/cards/000035/card54168.html,000035,太宰,治,だざい,おさむ,たさい,おさむ,Dazai,Osamu,著者,1909-06-19,1948-06-13,なし,太宰治全集11,筑摩書房,1999（平成11）年3月25日,1999（平成11）年3月25日初版第1刷,2001（平成13）年11月10日初版第2刷,,,,,,,,,,,,小林繁雄,阿部哲也,http://www.aozora.gr.jp/cards/000035/files/54168_txt_45778.zip,2012-01-07,ShiftJIS,JIS X 0208,0,http://www.aozora.gr.jp/cards/000035/files/54168_46733.html,2012-01-07,ShiftJIS,JIS X 0208,0
000246,畜犬談,ちくけんだん,ちくけんたん,―伊馬鵜平君に与える―,―いまうへいくんにあたえる―,,「文学者」1939（昭和14）年8月,NDC 913,新字新仮名,なし,1999-04-12,2014-09-17,http://www.aozora.gr.jp/cards/000035/card246.html,000035,太宰,治,だざい,おさむ,たさい,おさむ,Dazai,Osamu,著者,1909-06-19,1948-06-13,なし,日本文学全集70　太宰治集,集英社,1972（昭和47）年3月,,,,,,,,,,,,,,網迫,田尻幹二,http://www.aozora.gr.jp/cards/000035/files/246_ruby_1636.zip,2009-03-06,ShiftJIS,JIS X 0208,2,http://www.aozora.gr.jp/cards/000035/files/246_34649.html,2009-03-06,ShiftJIS,JIS X 0208,0
001047,竹青,ちくせい,ちくせい,,,,,NDC 913,新字新仮名,なし,2000-09-19,2014-09-17,http://www.aozora.gr.jp/cards/000035/card1047.html,000035,太宰,治,だざい,おさむ,たさい,おさむ,Dazai,Osamu,著者,1909-06-19,1948-06-13,なし,太宰治全集6,ちくま文庫、筑摩書房,1989（平成元）年2月28日,,1996（平成8）年7月15日第2刷,筑摩全集類聚版太宰治全集,筑摩書房,1975（昭和50）年6月～1976（昭和51）年6月刊行,,,,,,,,,柴田卓治,山本奈津恵,http://www.aozora.gr.jp/cards/000035/files/1047_ruby_20129.zip,2005-11-01,ShiftJIS,JIS X 0208,2,http://www.aozora.gr.jp/cards/000035/files/1047_20130.html,2005-11-01,ShiftJIS,JIS X 0208,1
005005,地図,ちず,ちす,,,,,NDC 914,新字旧仮名,なし,2004-01-07,2014-09-18,http://www.aozora.gr.jp/cards/000035/card5005.html,000035,太宰,治,だざい,おさむ,たさい,おさむ,Dazai,Osamu,著者,1909-06-19,1948-06-13,なし,日本の名随筆　別巻46　地図,作品社,1994（平成6）年12月25日,1994（平成6）年12月25日第1刷,1994（平成6）年12月25日第1刷,太宰治全集　第一二巻,筑摩書房,1977（昭和52）年11月,,,,,,,,,ブラン,土屋隆,http://www.aozora.gr.jp/cards/000035/files/5005_txt_14135.zip,2003-12-30,ShiftJIS,JIS X 0208,0,http://www.aozora.gr.jp/cards/000035/files/5005_14047.html,2003-12-14,ShiftJIS,JIS X 0208,0
000245,父,ちち,ちち,,,,「人間」1947（昭和22）年4月,NDC 913,新字新仮名,なし,2000-01-23,2014-09-17,http://www.aozora.gr.jp/cards/000035/card245.html,000035,太宰,治,だざい,おさむ,たさい,おさむ,Dazai,Osamu,著者,1909-06-19,1948-06-13,なし,太宰治全集9,ちくま文庫、筑摩書房,1989（平成元）年5月30日,,1998（平成10）年6月15日第5刷,筑摩全集類聚版太宰治全集,筑摩書房,1975（昭和50）年6月～1976（昭和51）年6月刊行,,,,,,,,,柴田卓治,かとうかおり,http://www.aozora.gr.jp/cards/000035/files/245_ruby_20185.zip,2005-11-06,ShiftJIS,JIS X 0208,1,http://www.aozora.gr.jp/cards/000035/files/245_20186.html,2005-11-06,ShiftJIS,JIS X 0208,0
000244,チャンス,チャンス,ちやんす,,,,「芸術」1946（昭和21）年7月,NDC 913,新字新仮名,なし,2000-04-07,2014-09-17,http://www.aozora.gr.jp/cards/000035/card244.html,000035,太宰,治,だざい,おさむ,たさい,おさむ,Dazai,Osamu,著者,1909-06-19,1948-06-13,なし,太宰治全集8,ちくま文庫、筑摩書房,1989（平成元）年4月25日,,1998（平成10）年1月20日第2刷,筑摩全集類聚版太宰治全集,筑摩書房,1975（昭和50）年6月～1976（昭和51）年6月刊行,,,,,,,,,柴田卓治,miyako,http://www.aozora.gr.jp/cards/000035/files/244_ruby_20156.zip,2005-11-04,ShiftJIS,JIS X 0208,2,http://www.aozora.gr.jp/cards/000035/files/244_20157.html,2005-11-04,ShiftJIS,JIS X 0208,0
000248,千代女,ちよじょ,ちよしよ,,,,「改造」1941（昭和16）年6月,NDC 913,新字新仮名,なし,2000-01-28,2014-09-17,http://www.aozora.gr.jp/cards/000035/card248.html,000035,太宰,治,だざい,おさむ,たさい,おさむ,Dazai,Osamu,著者,1909-06-19,1948-06-13,なし,太宰治全集4,ちくま文庫、筑摩書房,1988（昭和63）年12月1日,,1988（昭和63）年12月1日第1刷,筑摩全集類聚版太宰治全集,筑摩書房,1975（昭和50）年6月～1976（昭和51）年6月刊行,,,,,,,,,柴田卓治,青木直子,http://www.aozora.gr.jp/cards/000035/files/248_ruby_20042.zip,2005-10-28,ShiftJIS,JIS X 0208,1,http://www.aozora.gr.jp/cards/000035/files/248_20043.html,2005-10-28,ShiftJIS,JIS X 0208,0
002282,津軽,つがる,つかる,,,,,NDC 913,新字旧仮名,なし,1999-05-21,2014-09-17,http://www.aozora.gr.jp/cards/000035/card2282.html,000035,太宰,治,だざい,おさむ,たさい,おさむ,Dazai,Osamu,著者,1909-06-19,1948-06-13,なし,太宰治全集第六巻,筑摩書房,1990（平成2）年4月27日,1990（平成2）年4月27日初版第1刷,,,,,,,,,,,,,八巻美恵,,http://www.aozora.gr.jp/cards/000035/files/2282_ruby_1996.zip,2014-01-16,ShiftJIS,JIS X 0208,3,http://www.aozora.gr.jp/cards/000035/files/2282_15074.html,2014-01-16,ShiftJIS,JIS X 0208,3
052685,津軽地方とチエホフ,つがるちほうとチエホフ,つかるちほうとちえほふ,,,,「アサヒグラフ　第四十五巻第十四号」1946（昭和21）年5月15日,NDC 914,旧字旧仮名,なし,2011-12-01,2014-09-16,http://www.aozora.gr.jp/cards/000035/card52685.html,000035,太宰,治,だざい,おさむ,たさい,おさむ,Dazai,Osamu,著者,1909-06-19,1948-06-13,なし,太宰治全集11,筑摩書房,1999（平成11）年3月25日,1999（平成11）年3月25日初版第1刷,2001（平成13）年11月10日初版第2刷,,,,,,,,,,,,小林繁雄,阿部哲也,http://www.aozora.gr.jp/cards/000035/files/52685_ruby_45085.zip,2011-10-11,ShiftJIS,JIS X 0208,0,http://www.aozora.gr.jp/cards/000035/files/52685_45469.html,2011-10-11,ShiftJIS,JIS X 0208,0
000254,デカダン抗議,デカダンこうぎ,てかたんこうき,,,,「文芸世紀」1939（昭和14）年11月,NDC 913,新字新仮名,なし,1999-10-26,2014-09-17,http://www.aozora.gr.jp/cards/000035/card254.html,000035,太宰,治,だざい,おさむ,たさい,おさむ,Dazai,Osamu,著者,1909-06-19,1948-06-13,なし,太宰治全集3,ちくま文庫、筑摩書房,1988（昭和63）年10月25日,1988（昭和63）年10月25日第1刷,,筑摩全集類聚版太宰治全集,筑摩書房,1975（昭和50）年6月～1976（昭和51）年6月,,,,,,,,,柴田卓治,小林繁雄,http://www.aozora.gr.jp/cards/000035/files/254_ruby_2670.zip,2004-03-04,ShiftJIS,JIS X 0208,1,http://www.aozora.gr.jp/cards/000035/files/254_15075.html,2004-03-04,ShiftJIS,JIS X 0208,0
002284,鉄面皮,てつめんぴ,てつめんひ,,,,,NDC 913,新字新仮名,なし,2000-06-06,2014-09-17,http://www.aozora.gr.jp/cards/000035/card2284.html,000035,太宰,治,だざい,おさむ,たさい,おさむ,Dazai,Osamu,著者,1909-06-19,1948-06-13,なし,太宰治全集6,ちくま文庫、筑摩書房,1989（平成元）年2月28日,1989（平成元）年2月28日第1刷,1996（平成8）年7月15日第2刷,筑摩全集類聚版太宰治全集,筑摩書房,1975（昭和50）年6月～1976（昭和51）年6月,,,,,,,,,柴田卓治,はやしだかずこ,http://www.aozora.gr.jp/cards/000035/files/2284_ruby_4107.zip,2004-03-04,ShiftJIS,JIS X 0208,1,http://www.aozora.gr.jp/cards/000035/files/2284_15076.html,2004-03-04,ShiftJIS,JIS X 0208,0
001599,天狗,てんぐ,てんく,,,,「みつこし」1942（昭和17）年9月1日,NDC 901,新字新仮名,なし,2005-04-24,2016-07-12,http://www.aozora.gr.jp/cards/000035/card1599.html,000035,太宰,治,だざい,おさむ,たさい,おさむ,Dazai,Osamu,著者,1909-06-19,1948-06-13,なし,太宰治全集10,ちくま文庫、筑摩書房,1989（平成元）年6月27日,1989（平成元）年6月27日第1刷,1996（平成8）年7月15日第3刷,筑摩全集類聚版太宰治全集第十巻,筑摩書房,1977（昭和52）年2月25日,,,,,,,,,土屋隆,noriko saito,http://www.aozora.gr.jp/cards/000035/files/1599_ruby_18035.zip,2016-07-12,ShiftJIS,JIS X 0208,1,http://www.aozora.gr.jp/cards/000035/files/1599_18116.html,2016-07-12,ShiftJIS,JIS X 0208,1
042371,答案落第,とうあんらくだい,とうあんらくたい,,,,,NDC 914,新字新仮名,なし,2004-07-14,2014-09-18,http://www.aozora.gr.jp/cards/000035/card42371.html,000035,太宰,治,だざい,おさむ,たさい,おさむ,Dazai,Osamu,著者,1909-06-19,1948-06-13,なし,もの思う葦,新潮文庫、新潮社,1980（昭和55）年9月25日,1998（平成10）年10月15日39刷,1980（昭和55）年11月15日3刷,,,,,,,,,,,,蒋龍,今井忠夫,http://www.aozora.gr.jp/cards/000035/files/42371_ruby_15865.zip,2004-06-16,ShiftJIS,JIS X 0208,0,http://www.aozora.gr.jp/cards/000035/files/42371_15881.html,2004-06-16,ShiftJIS,JIS X 0208,0
001109,東京だより,とうきょうだより,とうきようたより,,,,,NDC 913,新字新仮名,なし,2000-09-19,2014-09-17,http://www.aozora.gr.jp/cards/000035/card1109.html,000035,太宰,治,だざい,おさむ,たさい,おさむ,Dazai,Osamu,著者,1909-06-19,1948-06-13,なし,太宰治全集6,ちくま文庫、筑摩書房,1989（平成元）年2月28日,,1996（平成8）年7月15日第2刷,筑摩全集類聚版太宰治全集,筑摩書房,1975（昭和50）年6月～1976（昭和51）年6月刊行,,,,,,,,,柴田卓治,山本奈津恵,http://www.aozora.gr.jp/cards/000035/files/1109_ruby_20131.zip,2005-11-01,ShiftJIS,JIS X 0208,2,http://www.aozora.gr.jp/cards/000035/files/1109_20132.html,2005-11-01,ShiftJIS,JIS X 0208,1
001569,東京八景,とうきょうはっけい,とうきようはつけい,（苦難の或人に贈る）,（くなんのあるひとにおくる）,,「文学界」1941（昭和16）年1月号,NDC 913,新字新仮名,なし,2006-07-07,2014-09-18,http://www.aozora.gr.jp/cards/000035/card1569.html,000035,太宰,治,だざい,おさむ,たさい,おさむ,Dazai,Osamu,著者,1909-06-19,1948-06-13,なし,走れメロス,新潮文庫、新潮社,1967（昭和42）年7月10日、1985（昭和60）年9月15日40刷改版,1986（昭和61）年9月25日43刷,1989（平成元）年6月10日第50刷,,,,,,,,,,,,土屋隆,野口英司,http://www.aozora.gr.jp/cards/000035/files/1569_ruby_18584.zip,2006-06-21,ShiftJIS,JIS X 0208,0,http://www.aozora.gr.jp/cards/000035/files/1569_23528.html,2006-06-21,ShiftJIS,JIS X 0208,0
054175,『東京八景』あとがき,『とうきょうはっけい』あとがき,とうきようはつけいあとかき,,,,「東京八景」実業之日本社、1941（昭和16）年5月3日,NDC 914,旧字旧仮名,なし,2012-03-03,2014-09-16,http://www.aozora.gr.jp/cards/000035/card54175.html,000035,太宰,治,だざい,おさむ,たさい,おさむ,Dazai,Osamu,著者,1909-06-19,1948-06-13,なし,太宰治全集11,筑摩書房,1999（平成11）年3月25日,1999（平成11）年3月25日初版第1刷,2001（平成13）年11月10日初版第2刷,,,,,,,,,,,,小林繁雄,阿部哲也,http://www.aozora.gr.jp/cards/000035/files/54175_txt_45787.zip,2012-01-07,ShiftJIS,JIS X 0208,0,http://www.aozora.gr.jp/cards/000035/files/54175_46734.html,2012-01-07,ShiftJIS,JIS X 0208,0
000255,道化の華,どうけのはな,とうけのはな,,,,「日本浪漫派　第一巻第三号」1935（昭和10）年5月号,NDC 913,旧字旧仮名,なし,1999-07-13,2016-02-23,http://www.aozora.gr.jp/cards/000035/card255.html,000035,太宰,治,だざい,おさむ,たさい,おさむ,Dazai,Osamu,著者,1909-06-19,1948-06-13,なし,太宰治全集2,筑摩書房,1998（平成10）年5月25日,1998（平成10）年5月25日初版第1刷,,晩年,第一小説集叢書、砂子屋書房,1936（昭和11）年6月25日,,,,,,,,,赤木孝之,小林繁雄,http://www.aozora.gr.jp/cards/000035/files/255_ruby_2192.zip,2016-02-23,ShiftJIS,JIS X 0208,2,http://www.aozora.gr.jp/cards/000035/files/255_15100.html,2016-02-23,ShiftJIS,JIS X 0208,2
052378,当選の日,とうせんのひ,とうせんのひ,,,,「國民新聞　第一七〇四六号～一七〇四八号」1939（昭和14）年5月9日～11日,NDC 914,旧字旧仮名,なし,2011-12-01,2014-09-16,http://www.aozora.gr.jp/cards/000035/card52378.html,000035,太宰,治,だざい,おさむ,たさい,おさむ,Dazai,Osamu,著者,1909-06-19,1948-06-13,なし,太宰治全集11,筑摩書房,1999（平成11）年3月25日,1999（平成11）年3月25日初版第1刷,2001（平成13）年11月10日初版第2刷,,,,,,,,,,,,小林繁雄,阿部哲也,http://www.aozora.gr.jp/cards/000035/files/52378_txt_45082.zip,2011-10-11,ShiftJIS,JIS X 0208,0,http://www.aozora.gr.jp/cards/000035/files/52378_45470.html,2011-10-11,ShiftJIS,JIS X 0208,0
001568,灯籠,とうろう,とうろう,,,,「若草」1937（昭和12）年10月号,NDC 913,新字新仮名,なし,2005-11-11,2014-09-18,http://www.aozora.gr.jp/cards/000035/card1568.html,000035,太宰,治,だざい,おさむ,たさい,おさむ,Dazai,Osamu,著者,1909-06-19,1948-06-13,なし,きりぎりす,新潮文庫、新潮社,1974（昭和49）年9月30日、1988（昭和63）年3月15日29刷改版,2001（平成13）年5月5日53刷,2004（平成16）年12月5日57刷,,,,,,,,,,,,土屋隆,鈴木厚司,http://www.aozora.gr.jp/cards/000035/files/1568_ruby_19824.zip,2005-10-16,ShiftJIS,JIS X 0208,0,http://www.aozora.gr.jp/cards/000035/files/1568_19909.html,2005-10-16,ShiftJIS,JIS X 0208,0
002285,トカトントン,トカトントン,とかとんとん,,,,,NDC 913,新字新仮名,なし,1999-01-23,2014-09-17,http://www.aozora.gr.jp/cards/000035/card2285.html,000035,太宰,治,だざい,おさむ,たさい,おさむ,Dazai,Osamu,著者,1909-06-19,1948-06-13,なし,ヴィヨンの妻,新潮文庫、新潮社,1950（昭和25）年12月20日、1985（昭和60）年10月30日63刷改版,1996（平成8）年6月20日第88刷,,,,,,,,,,,,,治,割子田数哉,http://www.aozora.gr.jp/cards/000035/files/2285_ruby_1314.zip,2004-03-04,ShiftJIS,JIS X 0208,2,http://www.aozora.gr.jp/cards/000035/files/2285_15077.html,2004-03-04,ShiftJIS,JIS X 0208,0
001605,徒党について,ととうについて,ととうについて,,,,「文芸時代　第一巻第四号」1948（昭和23）年4月1日,NDC 914,新字新仮名,なし,2005-04-23,2016-07-12,http://www.aozora.gr.jp/cards/000035/card1605.html,000035,太宰,治,だざい,おさむ,たさい,おさむ,Dazai,Osamu,著者,1909-06-19,1948-06-13,なし,太宰治全集10,ちくま文庫、筑摩書房,1989（平成元）年6月27日,1989（平成元）年6月27日第1刷,1996（平成8）年7月15日第3刷,筑摩全集類聚版太宰治全集第十巻,筑摩書房,1977（昭和52）年2月25日,,,,,,,,,土屋隆,noriko saito,http://www.aozora.gr.jp/cards/000035/files/1605_ruby_18026.zip,2016-07-12,ShiftJIS,JIS X 0208,1,http://www.aozora.gr.jp/cards/000035/files/1605_18109.html,2016-07-12,ShiftJIS,JIS X 0208,1
042355,豊島与志雄著『高尾ざんげ』解説,とよしまよしおちょ『たかおざんげ』かいせつ,とよしまよしおちよたかおさんけかいせつ,,,,,NDC 914,新字新仮名,なし,2004-07-12,2014-09-18,http://www.aozora.gr.jp/cards/000035/card42355.html,000035,太宰,治,だざい,おさむ,たさい,おさむ,Dazai,Osamu,著者,1909-06-19,1948-06-13,なし,もの思う葦,新潮文庫、新潮社,1980（昭和55）年9月25日,1998（平成10）年10月15日39刷,1980（昭和55）年11月15日3刷,,,,,,,,,,,,蒋龍,今井忠夫,http://www.aozora.gr.jp/cards/000035/files/42355_ruby_15866.zip,2004-06-16,ShiftJIS,JIS X 0208,0,http://www.aozora.gr.jp/cards/000035/files/42355_15882.html,2004-06-16,ShiftJIS,JIS X 0208,0
052524,貪婪禍,どんらんか,とんらんか,,,,「京都帝國大學新聞　第三百十七号」1940（昭和15）年8月5日,NDC 914,旧字旧仮名,なし,2011-12-01,2014-09-16,http://www.aozora.gr.jp/cards/000035/card52524.html,000035,太宰,治,だざい,おさむ,たさい,おさむ,Dazai,Osamu,著者,1909-06-19,1948-06-13,なし,太宰治全集11,筑摩書房,1999（平成11）年3月25日,1999（平成11）年3月25日初版第1刷,2001（平成13）年11月10日初版第2刷,,,,,,,,,,,,小林繁雄,阿部哲也,http://www.aozora.gr.jp/cards/000035/files/52524_txt_45086.zip,2011-10-11,ShiftJIS,JIS X 0208,0,http://www.aozora.gr.jp/cards/000035/files/52524_45471.html,2011-10-11,ShiftJIS,JIS X 0208,0
000234,二十世紀旗手,にじゅっせいききしゅ,にしゆつせいききしゆ,,,,「改造」1937（昭和12）年1月,NDC 913,新字新仮名,なし,1999-08-07,2014-09-17,http://www.aozora.gr.jp/cards/000035/card234.html,000035,太宰,治,だざい,おさむ,たさい,おさむ,Dazai,Osamu,著者,1909-06-19,1948-06-13,なし,太宰治全集2,ちくま文庫、筑摩書房,1988（昭和63）年9月27日,,,筑摩全集類聚版太宰治全集,筑摩書房,1975（昭和50）年6月～1976（昭和51）年6月刊行,,,,,,,,,柴田卓治,小林繁雄,http://www.aozora.gr.jp/cards/000035/files/234_ruby_19993.zip,2005-10-23,ShiftJIS,JIS X 0208,1,http://www.aozora.gr.jp/cards/000035/files/234_19994.html,2005-10-23,ShiftJIS,JIS X 0208,0
001084,如是我聞,にょぜがもん,によせかもん,,,,,NDC 914,新字新仮名,なし,2000-10-14,2014-09-17,http://www.aozora.gr.jp/cards/000035/card1084.html,000035,太宰,治,だざい,おさむ,たさい,おさむ,Dazai,Osamu,著者,1909-06-19,1948-06-13,なし,もの思う葦,新潮文庫、新潮社,1980（昭和55）年9月25日,1998（平成10）年7月20日第38刷,,,,,,,,,,,,,田中陽介,鈴木厚司,http://www.aozora.gr.jp/cards/000035/files/1084_ruby_4753.zip,2004-03-04,ShiftJIS,JIS X 0208,1,http://www.aozora.gr.jp/cards/000035/files/1084_15078.html,2004-03-04,ShiftJIS,JIS X 0208,0
000303,女人訓戒,にょにんくんかい,によにんくんかい,,,,「作品倶楽部」1940（昭和15）年1月,NDC 914,新字新仮名,なし,1999-11-22,2014-09-17,http://www.aozora.gr.jp/cards/000035/card303.html,000035,太宰,治,だざい,おさむ,たさい,おさむ,Dazai,Osamu,著者,1909-06-19,1948-06-13,なし,太宰治全集3,ちくま文庫、筑摩書房,1988（昭和63）年10月25日,,,筑摩全集類聚版太宰治全集,筑摩書房,1975（昭和50）年6月～1976（昭和51）年6月刊行,,,,,,,,,柴田卓治,小林繁雄,http://www.aozora.gr.jp/cards/000035/files/303_ruby_20025.zip,2005-10-26,ShiftJIS,JIS X 0208,1,http://www.aozora.gr.jp/cards/000035/files/303_20026.html,2005-10-26,ShiftJIS,JIS X 0208,0
042353,女人創造,にょにんそうぞう,によにんそうそう,,,,,NDC 914,新字新仮名,なし,2004-07-10,2014-09-18,http://www.aozora.gr.jp/cards/000035/card42353.html,000035,太宰,治,だざい,おさむ,たさい,おさむ,Dazai,Osamu,著者,1909-06-19,1948-06-13,なし,もの思う葦,新潮文庫、新潮社,1980（昭和55）年9月25日,1998（平成10）年10月15日39刷,1980（昭和55）年11月15日3刷,,,,,,,,,,,,蒋龍,今井忠夫,http://www.aozora.gr.jp/cards/000035/files/42353_ruby_15867.zip,2004-06-16,ShiftJIS,JIS X 0208,0,http://www.aozora.gr.jp/cards/000035/files/42353_15883.html,2004-06-16,ShiftJIS,JIS X 0208,0
000302,庭,にわ,にわ,,,,「新小説」1946（昭和21）年1月,NDC 914,新字新仮名,なし,2000-02-01,2014-09-17,http://www.aozora.gr.jp/cards/000035/card302.html,000035,太宰,治,だざい,おさむ,たさい,おさむ,Dazai,Osamu,著者,1909-06-19,1948-06-13,なし,太宰治全集8,ちくま文庫、筑摩書房,1989（平成元）年4月25日,,,筑摩全集類聚版太宰治全集,筑摩書房,1975（昭和50）年6月～1976（昭和51）年6月刊行,,,,,,,,,柴田卓治,もりみつじゅんじ,http://www.aozora.gr.jp/cards/000035/files/302_ruby_20158.zip,2005-11-04,ShiftJIS,JIS X 0208,1,http://www.aozora.gr.jp/cards/000035/files/302_20159.html,2005-11-04,ShiftJIS,JIS X 0208,0
052372,「人間キリスト記」その他,「にんげんキリストき」そのた,にんけんきりすときそのた,,,,「文筆　初夏随筆号」1939（昭和14）年7月10日,NDC 914,旧字旧仮名,なし,2011-12-01,2014-09-16,http://www.aozora.gr.jp/cards/000035/card52372.html,000035,太宰,治,だざい,おさむ,たさい,おさむ,Dazai,Osamu,著者,1909-06-19,1948-06-13,なし,太宰治全集11,筑摩書房,1999（平成11）年3月25日,1999（平成11）年3月25日初版第1刷,2001（平成13）年11月10日初版第2刷,,,,,,,,,,,,小林繁雄,阿部哲也,http://www.aozora.gr.jp/cards/000035/files/52372_ruby_45087.zip,2011-10-11,ShiftJIS,JIS X 0208,0,http://www.aozora.gr.jp/cards/000035/files/52372_45472.html,2011-10-11,ShiftJIS,JIS X 0208,0
000301,人間失格,にんげんしっかく,にんけんしつかく,,,,「展望」筑摩書房、1948（昭和23）年6～8月号,NDC 913,新字新仮名,なし,1999-01-01,2014-09-17,http://www.aozora.gr.jp/cards/000035/card301.html,000035,太宰,治,だざい,おさむ,たさい,おさむ,Dazai,Osamu,著者,1909-06-19,1948-06-13,なし,人間失格,新潮文庫、新潮社,1952（昭和27）年10月30日、1985（昭和60）年１月30日100刷改版,1985（昭和60）年１月30日100刷改版,1998（平成10）年3月5日136刷,,,,,,,,,,,,細渕真弓,八巻美恵,http://www.aozora.gr.jp/cards/000035/files/301_ruby_5915.zip,2011-01-09,ShiftJIS,JIS X 0208,5,http://www.aozora.gr.jp/cards/000035/files/301_14912.html,2011-01-09,ShiftJIS,JIS X 0208,1
002288,葉,は,は,,,,「鷭」1934（昭和9）年4月,NDC 913,新字新仮名,なし,1999-10-07,2014-09-17,http://www.aozora.gr.jp/cards/000035/card2288.html,000035,太宰,治,だざい,おさむ,たさい,おさむ,Dazai,Osamu,著者,1909-06-19,1948-06-13,なし,晩年,新潮文庫、新潮社,1947（昭和22）年12月10日、1985（昭和60）年10年5日70刷改版,1998（平成10）年7月20日第103刷,,,,,,,,,,,,,加藤るみ,深水英一郎,http://www.aozora.gr.jp/cards/000035/files/2288_ruby_33103.zip,2013-04-06,ShiftJIS,JIS X 0208,1,http://www.aozora.gr.jp/cards/000035/files/2288_33104.html,2013-04-06,ShiftJIS,JIS X 0208,1
001608,パウロの混乱,パウロのこんらん,はうろのこんらん,,,,「現代文学」1940（昭和15）年11月号,NDC 914,新字新仮名,なし,2005-05-14,2014-09-18,http://www.aozora.gr.jp/cards/000035/card1608.html,000035,太宰,治,だざい,おさむ,たさい,おさむ,Dazai,Osamu,著者,1909-06-19,1948-06-13,なし,日本の名随筆　別巻100　聖書,作品社,1999（平成11）年6月25日,1999（平成11）年6月25日第1刷,,,,,,,,,,,,,加藤恭子,小林繁雄、門田裕志,http://www.aozora.gr.jp/cards/000035/files/1608_ruby_18267.zip,2014-01-18,ShiftJIS,JIS X 0208,1,http://www.aozora.gr.jp/cards/000035/files/1608_18408.html,2014-01-18,ShiftJIS,JIS X 0208,1
000263,薄明,はくめい,はくめい,,,,新紀元社刊、1946（昭和21）年12月,NDC 913,新字新仮名,なし,2000-03-21,2014-09-17,http://www.aozora.gr.jp/cards/000035/card263.html,000035,太宰,治,だざい,おさむ,たさい,おさむ,Dazai,Osamu,著者,1909-06-19,1948-06-13,なし,太宰治全集8,ちくま文庫、筑摩書房,1989（平成元）年4月25日,,1998（平成10）年1月20日第2刷,筑摩全集類聚版太宰治全集,筑摩書房,1975（昭和50）年6月～1976（昭和51）年6月,,,,,,,,,柴田卓治,ゆうこ,http://www.aozora.gr.jp/cards/000035/files/263_ruby_20160.zip,2005-11-04,ShiftJIS,JIS X 0208,1,http://www.aozora.gr.jp/cards/000035/files/263_20161.html,2005-11-04,ShiftJIS,JIS X 0208,0
042376,葉桜と魔笛,はざくらとまてき,はさくらとまてき,,,,,NDC 913,新字新仮名,なし,2004-05-10,2014-09-18,http://www.aozora.gr.jp/cards/000035/card42376.html,000035,太宰,治,だざい,おさむ,たさい,おさむ,Dazai,Osamu,著者,1909-06-19,1948-06-13,なし,太宰治全集2,ちくま文庫、筑摩書房,1988（昭和63）年9月27日,1998（平成10）年6月15日第4刷, ,筑摩全集類聚版太宰治全集,筑摩書房,1975（昭和50）年6月～1976（昭和51）年6月,,,,,,,,,小林繁雄,浅原庸子,http://www.aozora.gr.jp/cards/000035/files/42376_ruby_15517.zip,2004-04-29,ShiftJIS,JIS X 0208,0,http://www.aozora.gr.jp/cards/000035/files/42376_15545.html,2004-04-29,ShiftJIS,JIS X 0208,0
000262,恥,はじ,はし,,,,「婦人画報」1942（昭和17）年1月,NDC 913,新字新仮名,なし,2000-03-27,2014-09-17,http://www.aozora.gr.jp/cards/000035/card262.html,000035,太宰,治,だざい,おさむ,たさい,おさむ,Dazai,Osamu,著者,1909-06-19,1948-06-13,なし,太宰治全集4,ちくま文庫、筑摩書房,1988（昭和63）年12月1日,,,筑摩全集類聚版太宰治全集,筑摩書房,1975（昭和50）年6月～1976（昭和51）年6月,,,,,,,,,柴田卓治,もりみつじゅんじ,http://www.aozora.gr.jp/cards/000035/files/262_ruby_20044.zip,2005-10-28,ShiftJIS,JIS X 0208,1,http://www.aozora.gr.jp/cards/000035/files/262_20045.html,2005-10-28,ShiftJIS,JIS X 0208,0
001059,走ラヌ名馬,はしラヌめいば,はしらぬめいは,,,,,NDC 913,新字新仮名,なし,2000-10-14,2014-09-17,http://www.aozora.gr.jp/cards/000035/card1059.html,000035,太宰,治,だざい,おさむ,たさい,おさむ,Dazai,Osamu,著者,1909-06-19,1948-06-13,なし,もの思う葦,新潮文庫、新潮社,1980（昭和55）年9月25日,1998（平成10）年7月20日第38刷,,,,,,,,,,,,,田中陽介,鈴木厚司,http://www.aozora.gr.jp/cards/000035/files/1059_ruby_4748.zip,2009-03-02,ShiftJIS,JIS X 0208,1,http://www.aozora.gr.jp/cards/000035/files/1059_34631.html,2009-03-02,ShiftJIS,JIS X 0208,0
001567,走れメロス,はしれメロス,はしれめろす,,,,,NDC 913,新字新仮名,なし,2000-12-04,2014-09-17,http://www.aozora.gr.jp/cards/000035/card1567.html,000035,太宰,治,だざい,おさむ,たさい,おさむ,Dazai,Osamu,著者,1909-06-19,1948-06-13,なし,太宰治全集3,ちくま文庫、筑摩書房,1988（昭和63）年10月25日,,1998（平成10）年6月15日第2刷,筑摩全集類聚版太宰治全集,筑摩書房,1975（昭和50）年6月～1976（昭和51）年6月,,,,,,,,,金川一之,高橋美奈子,http://www.aozora.gr.jp/cards/000035/files/1567_ruby_4948.zip,2011-01-17,ShiftJIS,JIS X 0208,2,http://www.aozora.gr.jp/cards/000035/files/1567_14913.html,2011-01-17,ShiftJIS,JIS X 0208,1
000235,八十八夜,はちじゅうはちや,はちしゆうはちや,,,,「新潮」1939（昭和14）年8月,NDC 913,新字新仮名,なし,1999-10-06,2014-09-17,http://www.aozora.gr.jp/cards/000035/card235.html,000035,太宰,治,だざい,おさむ,たさい,おさむ,Dazai,Osamu,著者,1909-06-19,1948-06-13,なし,太宰治全集3,ちくま文庫、筑摩書房,1988（昭和63）年10月25日,,,筑摩全集類聚版太宰治全集,筑摩書房,1975（昭和50）年6月～1976（昭和51）年6月刊行,,,,,,,,,柴田卓治,小林繁雄,http://www.aozora.gr.jp/cards/000035/files/235_ruby_20028.zip,2005-10-27,ShiftJIS,JIS X 0208,1,http://www.aozora.gr.jp/cards/000035/files/235_20029.html,2005-10-27,ShiftJIS,JIS X 0208,0
000264,花火,はなび,はなひ,,,,「文芸」1942（昭和17）年10月,NDC 913,新字新仮名,なし,2000-04-13,2014-09-17,http://www.aozora.gr.jp/cards/000035/card264.html,000035,太宰,治,だざい,おさむ,たさい,おさむ,Dazai,Osamu,著者,1909-06-19,1948-06-13,なし,太宰治全集5,ちくま文庫、筑摩書房,1989（昭和64）年1月31日,,1998（平成10）年4月1日第2刷,筑摩全集類聚版太宰治全集,筑摩書房,1975（昭和50）年6月～1976（昭和51）年6月刊行,,,,,,,,,柴田卓治,夏海,http://www.aozora.gr.jp/cards/000035/files/264_ruby_20118.zip,2005-10-31,ShiftJIS,JIS X 0208,1,http://www.aozora.gr.jp/cards/000035/files/264_20119.html,2005-10-31,ShiftJIS,JIS X 0208,0
001582,花吹雪,はなふぶき,はなふふき,,,,,NDC 913,新字新仮名,なし,2000-11-17,2014-09-17,http://www.aozora.gr.jp/cards/000035/card1582.html,000035,太宰,治,だざい,おさむ,たさい,おさむ,Dazai,Osamu,著者,1909-06-19,1948-06-13,なし,太宰治全集5,ちくま文庫、筑摩書房,1989（平成元）年1月31日,1989（平成元）年1月31日第1刷,1998（平成10）年4月1日第2刷,筑摩全集類聚版太宰治全集,筑摩書房,1975（昭和50）年6月～1976（昭和51）年6月,,,,,,,,,柴田卓治,夏海,http://www.aozora.gr.jp/cards/000035/files/1582_ruby_4914.zip,2004-03-04,ShiftJIS,JIS X 0208,2,http://www.aozora.gr.jp/cards/000035/files/1582_15079.html,2004-03-04,ShiftJIS,JIS X 0208,0
000261,母,はは,はは,,,,「新潮」1947（昭和22）年3月,NDC 913,新字新仮名,なし,2000-01-23,2014-09-17,http://www.aozora.gr.jp/cards/000035/card261.html,000035,太宰,治,だざい,おさむ,たさい,おさむ,Dazai,Osamu,著者,1909-06-19,1948-06-13,なし,太宰治全集9,ちくま文庫、筑摩書房,1989（平成元）年5月30日,,1998（平成10）年6月15日第5刷,筑摩全集類聚版太宰治全集,筑摩書房,1975（昭和50）年6月～1976（昭和51）年6月刊行,,,,,,,,,柴田卓治,かとうかおり,http://www.aozora.gr.jp/cards/000035/files/261_ruby_20187.zip,2005-11-07,ShiftJIS,JIS X 0208,1,http://www.aozora.gr.jp/cards/000035/files/261_20188.html,2005-11-07,ShiftJIS,JIS X 0208,0
024449,春,はる,はる,,,,,NDC 914,新字新仮名,なし,2003-10-08,2014-09-18,http://www.aozora.gr.jp/cards/000035/card24449.html,000035,太宰,治,だざい,おさむ,たさい,おさむ,Dazai,Osamu,著者,1909-06-19,1948-06-13,なし,もの思う葦,新潮文庫、新潮社,1980（昭和55）年9月25日,2002（平成14）年5月30日42刷改版,2002（平成14）年5月30日42刷改版,,,,,,,,,,,,小山奈緒子,土屋隆,http://www.aozora.gr.jp/cards/000035/files/24449_ruby_13145.zip,2003-09-23,ShiftJIS,JIS X 0208,0,http://www.aozora.gr.jp/cards/000035/files/24449_13146.html,2003-09-23,ShiftJIS,JIS X 0208,0
001581,春の枯葉,はるのかれは,はるのかれは,,,,,NDC 912,新字新仮名,なし,2005-02-12,2014-09-18,http://www.aozora.gr.jp/cards/000035/card1581.html,000035,太宰,治,だざい,おさむ,たさい,おさむ,Dazai,Osamu,著者,1909-06-19,1948-06-13,なし,太宰治全集8,ちくま文庫、筑摩書房,1989（平成元）年4月25日,1989（平成元）年4月25日第1刷,1989（平成元）年4月25日第1刷,筑摩全集類聚版太宰治全集,筑摩書房,1975（昭和50）年6月～1976（昭和51）年6月,,,,,,,,,柴田卓治,土屋隆,http://www.aozora.gr.jp/cards/000035/files/1581_ruby_17319.zip,2005-01-15,ShiftJIS,JIS X 0208,0,http://www.aozora.gr.jp/cards/000035/files/1581_17527.html,2005-01-15,ShiftJIS,JIS X 0208,0
000266,春の盗賊,はるのとうぞく,はるのとうそく,,,,「文芸日本」1940（昭和15）年1月,NDC 913,新字新仮名,なし,1999-11-01,2014-09-17,http://www.aozora.gr.jp/cards/000035/card266.html,000035,太宰,治,だざい,おさむ,たさい,おさむ,Dazai,Osamu,著者,1909-06-19,1948-06-13,なし,太宰治全集3,ちくま文庫、筑摩書房,1988（昭和63）年10月25日,,,筑摩全集類聚版太宰治全集,筑摩書房,1975（昭和50）年6月～1976（昭和51）年6月刊行,,,,,,,,,柴田卓治,小林繁雄,http://www.aozora.gr.jp/cards/000035/files/266_ruby_20030.zip,2005-10-27,ShiftJIS,JIS X 0208,1,http://www.aozora.gr.jp/cards/000035/files/266_20031.html,2005-10-27,ShiftJIS,JIS X 0208,0
001566,パンドラの匣,パンドラのはこ,はんとらのはこ,,,,「河北新報」河北新報社、1945（昭和20）年10月22日～1946（昭和21）年1月7日,NDC 913,新字新仮名,なし,2003-01-31,2015-10-30,http://www.aozora.gr.jp/cards/000035/card1566.html,000035,太宰,治,だざい,おさむ,たさい,おさむ,Dazai,Osamu,著者,1909-06-19,1948-06-13,なし,パンドラの匣,新潮文庫、新潮社,1973（昭和48）年10月30日,1997（平成9）年12月20日46刷,,,,,,,,,,,,,SAME SIDE,細渕紀子,http://www.aozora.gr.jp/cards/000035/files/1566_ruby_8222.zip,2015-10-28,ShiftJIS,JIS X 0208,3,http://www.aozora.gr.jp/cards/000035/files/1566_8578.html,2015-10-28,ShiftJIS,JIS X 0208,3
054180,『パンドラの匣』あとがき,『パンドラのはこ』あとがき,はんとらのはこあとかき,,,,「パンドラの匣」双英書房、1947（昭和22）年6月25日,NDC 914,旧字旧仮名,なし,2012-03-08,2014-09-16,http://www.aozora.gr.jp/cards/000035/card54180.html,000035,太宰,治,だざい,おさむ,たさい,おさむ,Dazai,Osamu,著者,1909-06-19,1948-06-13,なし,太宰治全集11,筑摩書房,1999（平成11）年3月25日,1999（平成11）年3月25日初版第1刷,2001（平成13）年11月10日初版第2刷,,,,,,,,,,,,小林繁雄,阿部哲也,http://www.aozora.gr.jp/cards/000035/files/54180_txt_45784.zip,2012-01-07,ShiftJIS,JIS X 0208,0,http://www.aozora.gr.jp/cards/000035/files/54180_46735.html,2012-01-07,ShiftJIS,JIS X 0208,0
000265,犯人,はんにん,はんにん,,,,「中央公論」1948（昭和23）年1月,NDC 913,新字新仮名,なし,2000-01-23,2014-09-17,http://www.aozora.gr.jp/cards/000035/card265.html,000035,太宰,治,だざい,おさむ,たさい,おさむ,Dazai,Osamu,著者,1909-06-19,1948-06-13,なし,太宰治全集9,ちくま文庫、筑摩書房,1989（平成元）年5月30日,1998（平成10）年6月15日第5刷,1998（平成10）年6月15日第5刷,筑摩全集類聚版太宰治全集,筑摩書房,1975（昭和50）年6月～1976（昭和51）年6月,,,,,,,,,柴田卓治,かとうかおり,http://www.aozora.gr.jp/cards/000035/files/265_ruby_3128.zip,2004-03-04,ShiftJIS,JIS X 0208,1,http://www.aozora.gr.jp/cards/000035/files/265_15080.html,2004-03-04,ShiftJIS,JIS X 0208,0
018351,「晩年」と「女生徒」,「ばんねん」と「じょせいと」,はんねんとしよせいと,,,,「文筆　夏季版」1941（昭和16）年6月20日,NDC 914,新字新仮名,なし,2003-10-08,2016-07-12,http://www.aozora.gr.jp/cards/000035/card18351.html,000035,太宰,治,だざい,おさむ,たさい,おさむ,Dazai,Osamu,著者,1909-06-19,1948-06-13,なし,太宰治全集10,ちくま文庫、筑摩書房,1989（平成元）年6月27日,1989（平成元）年6月27日第1刷,1989（平成元）年6月27日第1刷,筑摩全集類聚版太宰治全集第十巻,筑摩書房,1977（昭和52）年2月25日,,,,,,,,,杜十朗,土屋隆,http://www.aozora.gr.jp/cards/000035/files/18351_ruby_12209.zip,2016-07-12,ShiftJIS,JIS X 0208,1,http://www.aozora.gr.jp/cards/000035/files/18351_12210.html,2016-07-12,ShiftJIS,JIS X 0208,1
042358,「晩年」に就いて,「ばんねん」について,はんねんについて,,,,,NDC 914,新字新仮名,なし,2004-07-12,2014-09-18,http://www.aozora.gr.jp/cards/000035/card42358.html,000035,太宰,治,だざい,おさむ,たさい,おさむ,Dazai,Osamu,著者,1909-06-19,1948-06-13,なし,もの思う葦,新潮文庫、新潮社,1980（昭和55）年9月25日,1998（平成10）年10月15日39刷,1980（昭和55）年11月15日3刷,,,,,,,,,,,,蒋龍,今井忠夫,http://www.aozora.gr.jp/cards/000035/files/42358_ruby_15868.zip,2004-06-16,ShiftJIS,JIS X 0208,0,http://www.aozora.gr.jp/cards/000035/files/42358_15884.html,2004-06-16,ShiftJIS,JIS X 0208,0
000243,眉山,びざん,ひさん,,,,「小説新潮」1948（昭和23）年3月,NDC 913,新字新仮名,なし,2000-01-23,2014-09-17,http://www.aozora.gr.jp/cards/000035/card243.html,000035,太宰,治,だざい,おさむ,たさい,おさむ,Dazai,Osamu,著者,1909-06-19,1948-06-13,なし,太宰治全集9,ちくま文庫、筑摩書房,1989（平成元）年5月30日,,1998（平成10）年6月15日第5刷,筑摩全集類聚版太宰治全集,筑摩書房,1975（昭和50）年6月～1976（昭和51）年6月刊行,,,,,,,,,柴田卓治,かとうかおり,http://www.aozora.gr.jp/cards/000035/files/243_ruby_20189.zip,2005-11-07,ShiftJIS,JIS X 0208,1,http://www.aozora.gr.jp/cards/000035/files/243_20190.html,2005-11-07,ShiftJIS,JIS X 0208,0
000242,美少女,びしょうじょ,ひしようしよ,,,,「月刊文章」1939（昭和14）年10月,NDC 913,新字新仮名,なし,1999-10-20,2014-09-17,http://www.aozora.gr.jp/cards/000035/card242.html,000035,太宰,治,だざい,おさむ,たさい,おさむ,Dazai,Osamu,著者,1909-06-19,1948-06-13,なし,太宰治全集3,ちくま文庫、筑摩書房,1988（昭和63）年10月25日,,,筑摩全集類聚版太宰治全集,筑摩書房,1975（昭和50）年6月～1976（昭和51）年6月刊行,,,,,,,,,柴田卓治,小林繁雄,http://www.aozora.gr.jp/cards/000035/files/242_ruby_20032.zip,2005-10-27,ShiftJIS,JIS X 0208,1,http://www.aozora.gr.jp/cards/000035/files/242_20033.html,2005-10-27,ShiftJIS,JIS X 0208,0
000241,美男子と煙草,びだんしとたばこ,ひたんしとたはこ,,,,「日本小説」1948（昭和23）年1月,NDC 913,新字新仮名,なし,2000-01-23,2014-09-17,http://www.aozora.gr.jp/cards/000035/card241.html,000035,太宰,治,だざい,おさむ,たさい,おさむ,Dazai,Osamu,著者,1909-06-19,1948-06-13,なし,太宰治全集9,ちくま文庫、筑摩書房,1989（平成元）年5月30日,1998（平成10）年6月15日第5刷,1998（平成10）年6月15日第5刷,筑摩全集類聚版太宰治全集,筑摩書房,1975（昭和50）年6月～1976（昭和51）年6月,,,,,,,,,柴田卓治,かとうかおり,http://www.aozora.gr.jp/cards/000035/files/241_ruby_3106.zip,2004-03-04,ShiftJIS,JIS X 0208,1,http://www.aozora.gr.jp/cards/000035/files/241_15081.html,2004-03-04,ShiftJIS,JIS X 0208,0
043069,一つの約束,ひとつのやくそく,ひとつのやくそく,,,,青森県某誌、1944（昭和19）年頃,NDC 914,新字新仮名,なし,2005-02-11,2014-09-18,http://www.aozora.gr.jp/cards/000035/card43069.html,000035,太宰,治,だざい,おさむ,たさい,おさむ,Dazai,Osamu,著者,1909-06-19,1948-06-13,なし,道化の精神,大和出版,1992（平成4）年6月30日,1992（平成4）年6月30日新装1刷,1992（平成4）年6月30日新装1刷,,,,,,,,,,,,青空文庫,土屋隆,http://www.aozora.gr.jp/cards/000035/files/43069_ruby_17321.zip,2011-01-31,ShiftJIS,JIS X 0208,1,http://www.aozora.gr.jp/cards/000035/files/43069_17525.html,2011-01-31,ShiftJIS,JIS X 0208,1
000268,火の鳥,ひのとり,ひのとり,,,,「愛と美について」竹村書房、1939（昭和14）年5月20日,NDC 913,新字新仮名,なし,2000-01-26,2014-09-17,http://www.aozora.gr.jp/cards/000035/card268.html,000035,太宰,治,だざい,おさむ,たさい,おさむ,Dazai,Osamu,著者,1909-06-19,1948-06-13,なし,太宰治全集2,ちくま文庫、筑摩書房,1988（昭和63）年9月27日,1988（昭和63）年9月27日第1刷,1998（平成10）年4月1日第2刷,筑摩全集類聚版太宰治全集,筑摩書房,1975（昭和50）年6月～1976（昭和51）年6月,,,,,,,,,柴田卓治,高橋美奈子,http://www.aozora.gr.jp/cards/000035/files/268_ruby_3172.zip,2004-03-04,ShiftJIS,JIS X 0208,3,http://www.aozora.gr.jp/cards/000035/files/268_15083.html,2004-03-04,ShiftJIS,JIS X 0208,0
000269,火の鳥,ひのとり,ひのとり,,,,「愛と美について」竹村書房、1939（昭和14）年5月20日,NDC 913,新字旧仮名,なし,2000-05-03,2014-09-17,http://www.aozora.gr.jp/cards/000035/card269.html,000035,太宰,治,だざい,おさむ,たさい,おさむ,Dazai,Osamu,著者,1909-06-19,1948-06-13,なし,太宰治全集第二巻,筑摩書房,1989（平成元）年8月25日,1989（平成元）年8月25日初版第1刷,,,,,,,,,,,,,西田,山本奈津恵,http://www.aozora.gr.jp/cards/000035/files/269_ruby_3727.zip,2007-02-20,ShiftJIS,JIS X 0208,5,http://www.aozora.gr.jp/cards/000035/files/269_15082.html,2007-02-20,ShiftJIS,JIS X 0208,2
000267,皮膚と心,ひふとこころ,ひふとこころ,,,,「文学界」1939（昭和14）年11月,NDC 913,新字新仮名,なし,1999-02-04,2014-09-17,http://www.aozora.gr.jp/cards/000035/card267.html,000035,太宰,治,だざい,おさむ,たさい,おさむ,Dazai,Osamu,著者,1909-06-19,1948-06-13,なし,きりぎりす,新潮文庫、新潮社,1974（昭和49）年9月30日、1988（昭和63）年3月15日29刷改版,,1998（平成10）年7月20日50刷,,,,,,,,,,,,みやま,佐々木春夫,http://www.aozora.gr.jp/cards/000035/files/267_ruby_1462.zip,2009-03-02,ShiftJIS,JIS X 0208,3,http://www.aozora.gr.jp/cards/000035/files/267_34632.html,2009-03-02,ShiftJIS,JIS X 0208,0
000271,HUMAN LOST,ヒューマン　ロスト,ひゆうまんろすと,,,,「新潮」1937（昭和12）年4月,NDC 913,新字新仮名,なし,1999-08-30,2014-09-17,http://www.aozora.gr.jp/cards/000035/card271.html,000035,太宰,治,だざい,おさむ,たさい,おさむ,Dazai,Osamu,著者,1909-06-19,1948-06-13,なし,太宰治全集2,ちくま文庫、筑摩書房,1988（昭和63）年9月27日,1988（昭和63）年9月27日第1刷,,筑摩全集類聚版太宰治全集,筑摩書房,1975（昭和50）年6月～1976（昭和51）年6月,,,,,,,,,柴田卓治,小林繁雄,http://www.aozora.gr.jp/cards/000035/files/271_ruby_2362.zip,2004-03-04,ShiftJIS,JIS X 0208,1,http://www.aozora.gr.jp/cards/000035/files/271_15084.html,2004-03-04,ShiftJIS,JIS X 0208,0
000310,フォスフォレッスセンス,フォスフォレッスセンス,ふおすふおれつすせんす,,,,「日本小説」1947（昭和22）年6月,NDC 913,新字新仮名,なし,2000-01-25,2014-09-17,http://www.aozora.gr.jp/cards/000035/card310.html,000035,太宰,治,だざい,おさむ,たさい,おさむ,Dazai,Osamu,著者,1909-06-19,1948-06-13,なし,太宰治全集9,ちくま文庫、筑摩書房,1989（平成元）年5月30日,,1998（平成10）年6月15日第5刷,筑摩全集類聚版太宰治全集,筑摩書房,1975（昭和50）年6月～1976（昭和51）年6月刊行,,,,,,,,,柴田卓治,かとうかおり,http://www.aozora.gr.jp/cards/000035/files/310_ruby_20191.zip,2005-11-07,ShiftJIS,JIS X 0208,1,http://www.aozora.gr.jp/cards/000035/files/310_20192.html,2005-11-07,ShiftJIS,JIS X 0208,0
000270,富嶽百景,ふがくひゃっけい,ふかくひやつけい,,,,「文体」1939（昭和14）年2、3月,NDC 913,新字旧仮名,なし,1999-01-09,2014-09-17,http://www.aozora.gr.jp/cards/000035/card270.html,000035,太宰,治,だざい,おさむ,たさい,おさむ,Dazai,Osamu,著者,1909-06-19,1948-06-13,なし,筑摩現代文学大系　59　太宰治集,筑摩書房,1975（昭和50）年9月,,,,,,,,,,,,,,網迫,割子田数哉,http://www.aozora.gr.jp/cards/000035/files/270_ruby_1164.zip,2011-12-10,ShiftJIS,JIS X 0208,4,http://www.aozora.gr.jp/cards/000035/files/270_14914.html,2011-12-10,ShiftJIS,JIS X 0208,2
054176,『富嶽百景』序,『ふがくひゃっけい』じょ,ふかくひやつけいしよ,,,,「富嶽百景」昭和名作選集28、新潮社、1943（昭和18）年1月10日,NDC 914,旧字旧仮名,なし,2012-03-08,2014-09-16,http://www.aozora.gr.jp/cards/000035/card54176.html,000035,太宰,治,だざい,おさむ,たさい,おさむ,Dazai,Osamu,著者,1909-06-19,1948-06-13,なし,太宰治全集11,筑摩書房,1999（平成11）年3月25日,1999（平成11）年3月25日初版第1刷,2001（平成13）年11月10日初版第2刷,,,,,,,,,,,,小林繁雄,阿部哲也,http://www.aozora.gr.jp/cards/000035/files/54176_txt_45789.zip,2012-01-07,ShiftJIS,JIS X 0208,0,http://www.aozora.gr.jp/cards/000035/files/54176_46736.html,2012-01-07,ShiftJIS,JIS X 0208,0
000256,服装に就いて,ふくそうについて,ふくそうについて,,,,「文藝春秋」1941（昭和16）年2月,NDC 914,新字新仮名,なし,2000-01-28,2014-09-17,http://www.aozora.gr.jp/cards/000035/card256.html,000035,太宰,治,だざい,おさむ,たさい,おさむ,Dazai,Osamu,著者,1909-06-19,1948-06-13,なし,太宰治全集4,ちくま文庫、筑摩書房,1988（昭和63）年12月1日,,1988（昭和63）年12月1日第1刷,筑摩全集類聚版太宰治全集,筑摩書房,1975（昭和50）年6月～1976（昭和51）年6月刊行,,,,,,,,,柴田卓治,青木直子,http://www.aozora.gr.jp/cards/000035/files/256_ruby_20046.zip,2005-10-28,ShiftJIS,JIS X 0208,1,http://www.aozora.gr.jp/cards/000035/files/256_20047.html,2005-10-28,ShiftJIS,JIS X 0208,0
001594,富士に就いて,ふじについて,ふしについて,,,,「国民新聞　第一六八三五号」1938（昭和13）年10月6日,NDC 914,新字新仮名,なし,2005-04-23,2016-07-12,http://www.aozora.gr.jp/cards/000035/card1594.html,000035,太宰,治,だざい,おさむ,たさい,おさむ,Dazai,Osamu,著者,1909-06-19,1948-06-13,なし,太宰治全集10,ちくま文庫、筑摩書房,1989（平成元）年6月27日,1989（平成元）年6月27日第1刷,1996（平成8）年7月15日第3刷,筑摩全集類聚版太宰治全集第十巻,筑摩書房,1977（昭和52）年2月25日,,,,,,,,,土屋隆,noriko saito,http://www.aozora.gr.jp/cards/000035/files/1594_ruby_18018.zip,2016-07-12,ShiftJIS,JIS X 0208,1,http://www.aozora.gr.jp/cards/000035/files/1594_18110.html,2016-07-12,ShiftJIS,JIS X 0208,1
001583,不審庵,ふしんあん,ふしんあん,,,,,NDC 913,新字新仮名,なし,2000-11-17,2014-09-17,http://www.aozora.gr.jp/cards/000035/card1583.html,000035,太宰,治,だざい,おさむ,たさい,おさむ,Dazai,Osamu,著者,1909-06-19,1948-06-13,なし,太宰治全集5,ちくま文庫、筑摩書房,1989（昭和64）年1月31日,1989（昭和64）年1月31日第1刷,1998（平成10）年4月1日第2刷,筑摩全集類聚版太宰治全集,筑摩書房,1975（昭和50）年6月～1976（昭和51）年6月,,,,,,,,,柴田卓治,夏海,http://www.aozora.gr.jp/cards/000035/files/1583_ruby_4909.zip,2004-03-04,ShiftJIS,JIS X 0208,1,http://www.aozora.gr.jp/cards/000035/files/1583_15085.html,2004-03-04,ShiftJIS,JIS X 0208,0
001580,冬の花火,ふゆのはなび,ふゆのはなひ,,,,,NDC 912,新字新仮名,なし,2005-02-11,2014-09-18,http://www.aozora.gr.jp/cards/000035/card1580.html,000035,太宰,治,だざい,おさむ,たさい,おさむ,Dazai,Osamu,著者,1909-06-19,1948-06-13,なし,太宰治全集8,ちくま文庫、筑摩書房,1989（平成元）年4月25日,1989（平成元）年4月25日第1刷,1989（平成元）年4月25日第1刷,筑摩全集類聚版太宰治全集,筑摩書房,1975（昭和50）年6月～1976（昭和51）年6月,,,,,,,,,柴田卓治,土屋隆,http://www.aozora.gr.jp/cards/000035/files/1580_ruby_17320.zip,2005-01-15,ShiftJIS,JIS X 0208,0,http://www.aozora.gr.jp/cards/000035/files/1580_17524.html,2005-01-15,ShiftJIS,JIS X 0208,0
001588,碧眼托鉢,へきがんたくはつ,へきかんたくはつ,――馬をさへ眺むる雪の朝かな――,――うまをさえながむるゆきのあしたかな――,,ボオドレエルに就いて「日本浪曼派　第二巻第一号」1936（昭和11）年1月1日<br>ブルジョア芸術に於ける運命「日本浪曼派　第二巻第一号」1936（昭和11）年1月1日<br>定理「日本浪曼派　第二巻第一号」1936（昭和11）年1月1日<br>わが終生の祈願「日本浪曼派　第二巻第一号」1936（昭和11）年1月1日<br>わが友「日本浪曼派　第二巻第一号」1936（昭和11）年1月1日<br>憂きわれをさびしがらせよ閑古鳥「日本浪曼派　第二巻第一号」1936（昭和11）年1月1日<br>フィリップの骨格に就いて「日本浪曼派　第二巻第一号」1936（昭和11）年1月1日<br>或るひとりの男の精進について「日本浪曼派　第二巻第一号」1936（昭和11）年1月1日<br>生きて行く力「日本浪曼派　第二巻第一号」1936（昭和11）年1月1日<br>わが唯一のおののき「日本浪曼派　第二巻第一号」1936（昭和11）年1月1日<br>マンネリズム「日本浪曼派　第二巻第二号」1936（昭和11）年2月1日<br>作家は小説を書かなければいけない「日本浪曼派　第二巻第二号」1936（昭和11）年2月1日<br>挨拶「日本浪曼派　第二巻第二号」1936（昭和11）年2月1日<br>立派ということに就いて「日本浪曼派　第二巻第三号」1936（昭和11）年3月1日<br>Confiteor「日本浪曼派　第二巻第三号」1936（昭和11）年3月1日<br>頽廃の児、自然の児「日本浪曼派　第二巻第三号」1936（昭和11）年3月1日,NDC 914,新字新仮名,なし,2005-04-24,2016-07-12,http://www.aozora.gr.jp/cards/000035/card1588.html,000035,太宰,治,だざい,おさむ,たさい,おさむ,Dazai,Osamu,著者,1909-06-19,1948-06-13,なし,太宰治全集10,ちくま文庫、筑摩書房,1989（平成元）年6月27日,1989（平成元）年6月27日第1刷,1996（平成8）年7月15日第3刷,筑摩全集類聚版太宰治全集第十巻,筑摩書房,1977（昭和52）年2月25日,,,,,,,,,土屋隆,noriko saito,http://www.aozora.gr.jp/cards/000035/files/1588_ruby_18036.zip,2016-07-12,ShiftJIS,JIS X 0208,2,http://www.aozora.gr.jp/cards/000035/files/1588_18117.html,2016-07-12,ShiftJIS,JIS X 0208,2
042372,返事,へんじ,へんし,,,,,NDC 914,新字新仮名,なし,2004-07-10,2014-09-18,http://www.aozora.gr.jp/cards/000035/card42372.html,000035,太宰,治,だざい,おさむ,たさい,おさむ,Dazai,Osamu,著者,1909-06-19,1948-06-13,なし,もの思う葦,新潮文庫、新潮社,1980（昭和55）年9月25日,1998（平成10）年10月15日39刷,1980（昭和55）年11月15日3刷,,,,,,,,,,,,蒋龍,今井忠夫,http://www.aozora.gr.jp/cards/000035/files/42372_ruby_15869.zip,2004-06-16,ShiftJIS,JIS X 0208,0,http://www.aozora.gr.jp/cards/000035/files/42372_15885.html,2004-06-16,ShiftJIS,JIS X 0208,0
002317,待つ,まつ,まつ,,,,1942（昭和17）年6月,NDC 913,新字新仮名,なし,1999-02-16,2014-09-17,http://www.aozora.gr.jp/cards/000035/card2317.html,000035,太宰,治,だざい,おさむ,たさい,おさむ,Dazai,Osamu,著者,1909-06-19,1948-06-13,なし,女生徒,角川文庫、角川書店,1954（昭和29）年10月20日、1968（昭和43）年2月5日改版44版,1968（昭和43）年2月5日44版,1989（平成元）年7月10日改版41版,,,,,,,,,,,,網迫,野口英司,http://www.aozora.gr.jp/cards/000035/files/2317_ruby_1535.zip,2003-11-21,ShiftJIS,JIS X 0208,3,http://www.aozora.gr.jp/cards/000035/files/2317_13904.html,2003-11-21,ShiftJIS,JIS X 0208,0
052523,砂子屋,まなごや,まなこや,,,,「文筆　五周年記念随筆特輯号」1940（昭和15）年10月30日　,NDC 914,旧字旧仮名,なし,2011-12-12,2017-03-19,http://www.aozora.gr.jp/cards/000035/card52523.html,000035,太宰,治,だざい,おさむ,たさい,おさむ,Dazai,Osamu,著者,1909-06-19,1948-06-13,なし,太宰治全集11,筑摩書房,1999（平成11）年3月25日,1999（平成11）年3月25日初版第1刷,2001（平成13）年11月10日初版第2刷,,,,,,,,,,,,小林繁雄,阿部哲也,http://www.aozora.gr.jp/cards/000035/files/52523_txt_45403.zip,2011-10-11,ShiftJIS,JIS X 0208,0,http://www.aozora.gr.jp/cards/000035/files/52523_45483.html,2011-10-11,ShiftJIS,JIS X 0208,0
045689,砂子屋,まなごや,まなこや,,,,「文筆　五週年記念随筆特輯号」1940（昭和15）年10月30日,NDC 914,新字新仮名,なし,2006-03-15,2017-03-19,http://www.aozora.gr.jp/cards/000035/card45689.html,000035,太宰,治,だざい,おさむ,たさい,おさむ,Dazai,Osamu,著者,1909-06-19,1948-06-13,なし,太宰治全集10,ちくま文庫、筑摩書房,1989（平成元）年6月27日,1998（平成10）年6月15日第4刷,1989（平成元）年6月27日第1刷,筑摩全集類聚版太宰治全集第十巻,筑摩書房,1977（昭和52）年2月25日,,,,,,,,,増山一光,土屋隆,http://www.aozora.gr.jp/cards/000035/files/45689_ruby_21352.zip,2016-07-12,ShiftJIS,JIS X 0208,1,http://www.aozora.gr.jp/cards/000035/files/45689_21627.html,2016-07-12,ShiftJIS,JIS X 0208,1
001564,満願,まんがん,まんかん,,,,,NDC 913,新字新仮名,なし,2004-01-07,2014-09-18,http://www.aozora.gr.jp/cards/000035/card1564.html,000035,太宰,治,だざい,おさむ,たさい,おさむ,Dazai,Osamu,著者,1909-06-19,1948-06-13,なし,太宰治全集2,ちくま文庫、筑摩書房,1988（昭和63）年9月27日,1998（平成10）年6月15日第4刷,1988（昭和63）年9月27日第1刷,,,,,,,,,,,,中嶋壮一,富田倫生,http://www.aozora.gr.jp/cards/000035/files/1564_ruby_14093.zip,2003-12-29,ShiftJIS,JIS X 0208,0,http://www.aozora.gr.jp/cards/000035/files/1564_14134.html,2003-12-29,ShiftJIS,JIS X 0208,0
000297,未帰還の友に,みきかんのともに,みきかんのともに,,,,「潮流」1946（昭和21）年5月,NDC 913,新字新仮名,なし,2000-04-07,2014-09-17,http://www.aozora.gr.jp/cards/000035/card297.html,000035,太宰,治,だざい,おさむ,たさい,おさむ,Dazai,Osamu,著者,1909-06-19,1948-06-13,なし,太宰治全集8,ちくま文庫、筑摩書房,1989（平成元）年4月25日,,1998（平成10）年1月20日第2刷,筑摩全集類聚版太宰治全集,筑摩書房,1975（昭和50）年6月～1976（昭和51）年6月刊行,,,,,,,,,柴田卓治,miyako,http://www.aozora.gr.jp/cards/000035/files/297_ruby_20162.zip,2005-11-04,ShiftJIS,JIS X 0208,1,http://www.aozora.gr.jp/cards/000035/files/297_20163.html,2005-11-04,ShiftJIS,JIS X 0208,0
042373,男女川と羽左衛門,みなのがわとうざえもん,みなのかわとうさえもん,,,,,NDC 914,新字新仮名,なし,2009-04-10,2014-09-21,http://www.aozora.gr.jp/cards/000035/card42373.html,000035,太宰,治,だざい,おさむ,たさい,おさむ,Dazai,Osamu,著者,1909-06-19,1948-06-13,なし,もの思う葦,新潮文庫、新潮社,1980（昭和55）年9月25日,1998（平成10）年10月15日39刷,1997（平成9）年7月30日36刷 ,,,,,,,,,,,,蒋龍,土屋隆,http://www.aozora.gr.jp/cards/000035/files/42373_ruby_34281.zip,2009-04-07,ShiftJIS,JIS X 0208,0,http://www.aozora.gr.jp/cards/000035/files/42373_34755.html,2009-04-07,ShiftJIS,JIS X 0208,0
000298,みみずく通信,みみずくつうしん,みみすくつうしん,,,,「知性」1941（昭和16）年1月,NDC 913,新字新仮名,なし,2000-01-28,2014-09-17,http://www.aozora.gr.jp/cards/000035/card298.html,000035,太宰,治,だざい,おさむ,たさい,おさむ,Dazai,Osamu,著者,1909-06-19,1948-06-13,なし,太宰治全集4,ちくま文庫、筑摩書房,1988（昭和63）年12月1日,,1988（昭和63）年12月1日第1刷,筑摩全集類聚版太宰治全集,筑摩書房,1975（昭和50）年6月～1976（昭和51）年6月刊行,,,,,,,,,柴田卓治,青木直子,http://www.aozora.gr.jp/cards/000035/files/298_ruby_20048.zip,2005-10-28,ShiftJIS,JIS X 0208,1,http://www.aozora.gr.jp/cards/000035/files/298_20049.html,2005-10-28,ShiftJIS,JIS X 0208,0
052464,無趣味,むしゅみ,むしゆみ,,,,「新潮　第三十七年第三号」1940（昭和15）年3月1日,NDC 914,旧字旧仮名,なし,2011-12-05,2014-09-16,http://www.aozora.gr.jp/cards/000035/card52464.html,000035,太宰,治,だざい,おさむ,たさい,おさむ,Dazai,Osamu,著者,1909-06-19,1948-06-13,なし,太宰治全集11,筑摩書房,1999（平成11）年3月25日,1999（平成11）年3月25日初版第1刷,2001（平成13）年11月10日初版第2刷,,,,,,,,,,,,小林繁雄,阿部哲也,http://www.aozora.gr.jp/cards/000035/files/52464_txt_45088.zip,2011-10-11,ShiftJIS,JIS X 0208,0,http://www.aozora.gr.jp/cards/000035/files/52464_45473.html,2011-10-11,ShiftJIS,JIS X 0208,0
045671,無趣味,むしゅみ,むしゆみ,,,,「新潮　第三十七年第三号」1940（昭和15）年3月1日,NDC 914,新字新仮名,なし,2006-02-18,2016-07-12,http://www.aozora.gr.jp/cards/000035/card45671.html,000035,太宰,治,だざい,おさむ,たさい,おさむ,Dazai,Osamu,著者,1909-06-19,1948-06-13,なし,太宰治全集10,ちくま文庫、筑摩書房,1989（平成元）年6月27日,1998（平成10）年6月15日第4刷,1989（平成元）年6月27日第1刷,筑摩全集類聚版太宰治全集第十巻,筑摩書房,1977（昭和52）年2月25日,,,,,,,,,増山一光,土屋隆,http://www.aozora.gr.jp/cards/000035/files/45671_ruby_20800.zip,2016-07-12,ShiftJIS,JIS X 0208,1,http://www.aozora.gr.jp/cards/000035/files/45671_21430.html,2016-07-12,ShiftJIS,JIS X 0208,1
052686,無題,むだい,むたい,,,,「現代文學　第五巻第七号」1942（昭和17）年6月28日,NDC 914,旧字旧仮名,なし,2011-12-05,2014-09-16,http://www.aozora.gr.jp/cards/000035/card52686.html,000035,太宰,治,だざい,おさむ,たさい,おさむ,Dazai,Osamu,著者,1909-06-19,1948-06-13,なし,太宰治全集11,筑摩書房,1999（平成11）年3月25日,1999（平成11）年3月25日初版第1刷,2001（平成13）年11月10日初版第2刷,,,,,,,,,,,,小林繁雄,阿部哲也,http://www.aozora.gr.jp/cards/000035/files/52686_txt_45089.zip,2011-10-11,ShiftJIS,JIS X 0208,0,http://www.aozora.gr.jp/cards/000035/files/52686_45474.html,2011-10-11,ShiftJIS,JIS X 0208,0
045690,無題,むだい,むたい,,,,「現代文学　第五巻第七号」1942（昭和17）年6月28日,NDC 914,新字新仮名,なし,2006-03-15,2016-07-12,http://www.aozora.gr.jp/cards/000035/card45690.html,000035,太宰,治,だざい,おさむ,たさい,おさむ,Dazai,Osamu,著者,1909-06-19,1948-06-13,なし,太宰治全集10,ちくま文庫、筑摩書房,1989（平成元）年6月27日,1998（平成10）年6月15日第4刷,1989（平成元）年6月27日第1刷,筑摩全集類聚版太宰治全集第十巻,筑摩書房,1977（昭和52）年2月25日,,,,,,,,,増山一光,土屋隆,http://www.aozora.gr.jp/cards/000035/files/45690_ruby_21353.zip,2016-07-12,ShiftJIS,JIS X 0208,1,http://www.aozora.gr.jp/cards/000035/files/45690_21628.html,2016-07-12,ShiftJIS,JIS X 0208,1
000293,女神,めがみ,めかみ,,,,「日本小説」1947（昭和22）年5月,NDC 913,新字新仮名,なし,2000-01-24,2014-09-17,http://www.aozora.gr.jp/cards/000035/card293.html,000035,太宰,治,だざい,おさむ,たさい,おさむ,Dazai,Osamu,著者,1909-06-19,1948-06-13,なし,太宰治全集9,ちくま文庫、筑摩書房,1989（平成元）年5月30日,,1998（平成10）年6月15日第5刷,筑摩全集類聚版太宰治全集,筑摩書房,1975（昭和50）年6月～1976（昭和51）年6月発行,,,,,,,,,柴田卓治,かとうかおり,http://www.aozora.gr.jp/cards/000035/files/293_ruby_20193.zip,2005-11-07,ShiftJIS,JIS X 0208,1,http://www.aozora.gr.jp/cards/000035/files/293_20194.html,2005-11-07,ShiftJIS,JIS X 0208,0
054177,『女神』あとがき,『めがみ』あとがき,めかみあとかき,,,,「女神」白文社、1947（昭和22）年10月5日,NDC 914,旧字旧仮名,なし,2012-03-13,2014-09-16,http://www.aozora.gr.jp/cards/000035/card54177.html,000035,太宰,治,だざい,おさむ,たさい,おさむ,Dazai,Osamu,著者,1909-06-19,1948-06-13,なし,太宰治全集11,筑摩書房,1999（平成11）年3月25日,1999（平成11）年3月25日初版第1刷,2001（平成13）年11月10日初版第2刷,,,,,,,,,,,,小林繁雄,阿部哲也,http://www.aozora.gr.jp/cards/000035/files/54177_txt_45782.zip,2012-01-07,ShiftJIS,JIS X 0208,0,http://www.aozora.gr.jp/cards/000035/files/54177_46737.html,2012-01-07,ShiftJIS,JIS X 0208,0
000294,めくら草紙,めくらぞうし,めくらそうし,,,,「新潮」1936（昭和11）年1月号,NDC 913,新字新仮名,なし,1999-08-01,2014-09-17,http://www.aozora.gr.jp/cards/000035/card294.html,000035,太宰,治,だざい,おさむ,たさい,おさむ,Dazai,Osamu,著者,1909-06-19,1948-06-13,なし,太宰治全集1,ちくま文庫、筑摩書房,1988（昭和63）年8月30日,1988（昭和63）年8月30日第1刷,1998（平成10）年6月15日第5刷,筑摩全集類聚版太宰治全集,筑摩書房,1975（昭和50）年6月～1976（昭和51）年6月刊行,,,,,,,,,柴田卓治,鈴木伸吾,http://www.aozora.gr.jp/cards/000035/files/294_ruby_2269.zip,2004-03-04,ShiftJIS,JIS X 0208,1,http://www.aozora.gr.jp/cards/000035/files/294_15086.html,2004-03-04,ShiftJIS,JIS X 0208,0
000296,雌に就いて,めすについて,めすについて,,,,「若草」1936（昭和11）年5月,NDC 913,新字新仮名,なし,1999-08-01,2014-09-17,http://www.aozora.gr.jp/cards/000035/card296.html,000035,太宰,治,だざい,おさむ,たさい,おさむ,Dazai,Osamu,著者,1909-06-19,1948-06-13,なし,太宰治全集1,ちくま文庫、筑摩書房,1988（昭和63）年8月30日,1988（昭和63）年8月30日第1刷,1998（平成10）年6月15日第5刷,筑摩全集類聚版太宰治全集,筑摩書房,1975（昭和50）年6月～1976（昭和51）年6月刊行,,,,,,,,,柴田卓治,鈴木伸吾,http://www.aozora.gr.jp/cards/000035/files/296_ruby_2273.zip,2004-03-04,ShiftJIS,JIS X 0208,1,http://www.aozora.gr.jp/cards/000035/files/296_15087.html,2004-03-04,ShiftJIS,JIS X 0208,0
000295,メリイクリスマス,メリイクリスマス,めりいくりすます,,,,「中央公論」1947（昭和22）年1月,NDC 913,新字新仮名,なし,2000-04-19,2014-09-17,http://www.aozora.gr.jp/cards/000035/card295.html,000035,太宰,治,だざい,おさむ,たさい,おさむ,Dazai,Osamu,著者,1909-06-19,1948-06-13,なし,太宰治全集8,ちくま文庫、筑摩書房,1989（平成元）年4月25日,,1998（平成10）年1月20日第2刷,筑摩全集類聚版太宰治全集,筑摩書房,1975（昭和50）年6月～1976（昭和51）年6月刊行,,,,,,,,,柴田卓治,石川友子,http://www.aozora.gr.jp/cards/000035/files/295_ruby_20169.zip,2005-11-05,ShiftJIS,JIS X 0208,2,http://www.aozora.gr.jp/cards/000035/files/295_20170.html,2005-11-05,ShiftJIS,JIS X 0208,0
000299,盲人独笑,もうじんどくしょう,もうしんとくしよう,,,,「新風」1940（昭和15）年7月,NDC 913,新字新仮名,なし,2000-01-22,2014-09-17,http://www.aozora.gr.jp/cards/000035/card299.html,000035,太宰,治,だざい,おさむ,たさい,おさむ,Dazai,Osamu,著者,1909-06-19,1948-06-13,なし,太宰治全集3,ちくま文庫、筑摩書房,1988（昭和63）年10月25日,1988（昭和63）年10月25日第1刷,,筑摩全集類聚版太宰治全集,筑摩書房,1975（昭和50）年6月～1976（昭和51）年6月,,,,,,,,,柴田卓治,小林繁雄,http://www.aozora.gr.jp/cards/000035/files/299_ruby_3097.zip,2004-03-04,ShiftJIS,JIS X 0208,1,http://www.aozora.gr.jp/cards/000035/files/299_15088.html,2004-03-04,ShiftJIS,JIS X 0208,0
001587,もの思う葦,ものおもうあし,ものおもうあし,――当りまえのことを当りまえに語る。,――あたりまえのことをあたりまえにかたる。,,はしがき、虚栄の市、敗北の歌、或る実験報告「日本浪曼派　第一巻第六号」1935（昭和10）年8月1日<br>老年、難解、塵中の人、おのれの作品のよしあしをひとにたずねることに就いて「日本浪曼派　第一巻第七号」1935（昭和10）年10月1日<br>書簡集、兵法、In a word、病躯の文章とそのハンデキャップに就いて「日本浪曼派　第一巻第八号」1935（昭和10）年11月1日<br>「衰運」におくる言葉、ダス・ゲマイネに就いて、金銭について、放心について、世渡りの秘訣、緑雨、ふたたび書簡のこと「日本浪曼派　第一巻第九号」1935（昭和10）年12月1日<br>わが儘という事、百花撩乱主義、ソロモン王と賤民、文章「東京日日新聞　第二一三二六号」1935（昭和10）年12月14日<br>感謝の文学、審判、無間奈落、余談「東京日日新聞　第二一三二七号」1935（昭和10）年12月15日<br>Alles Oder Nichts「葦　夏号」1950（昭和25）年8月10日<br>葦の自戒、感想について、すらだにも、慈眼、重大のこと、敵「作品　第七巻第一号」1936（昭和11）年1月1日<br>健康、Ｋ君、ポオズ、絵はがき、いつわりなき申告、乱麻を焼き切る、最後のスタンドプレイ「文芸通信　第四巻第一号」1936（昭和11）年1月1日<br>冷酷ということについて、わがかなしみ、文章について、ふと思う、Ｙ子、言葉の奇妙、まんざい、わが神話、最も日常茶飯事的なるもの、蟹について、わがダンディスム「文芸汎論　第六巻第一号」1936（昭和11）年1月1日<br>「晩年」に就いて、気がかりということに就いて、宿題「文芸雑誌　第一巻第一号」1936（昭和11）年1月1日,NDC 914,新字新仮名,なし,2005-05-01,2016-07-12,http://www.aozora.gr.jp/cards/000035/card1587.html,000035,太宰,治,だざい,おさむ,たさい,おさむ,Dazai,Osamu,著者,1909-06-19,1948-06-13,なし,太宰治全集10,ちくま文庫、筑摩書房,1989（平成元）年6月27日,1989（平成元）年6月27日第1刷,1996（平成8）年7月15日第3刷,筑摩全集類聚版太宰治全集第十巻,筑摩書房,1977（昭和52）年2月25日,,,,,,,,,土屋隆,noriko saito,http://www.aozora.gr.jp/cards/000035/files/1587_ruby_18163.zip,2016-07-12,ShiftJIS,JIS X 0208,3,http://www.aozora.gr.jp/cards/000035/files/1587_18164.html,2016-07-12,ShiftJIS,JIS X 0208,3
052525,文盲自嘲,もんもうじちょう,もんもうしちよう,,,,「琴　第一輯」1942（昭和17）年10月,NDC 914,旧字旧仮名,なし,2011-12-08,2014-09-16,http://www.aozora.gr.jp/cards/000035/card52525.html,000035,太宰,治,だざい,おさむ,たさい,おさむ,Dazai,Osamu,著者,1909-06-19,1948-06-13,なし,太宰治全集11,筑摩書房,1999（平成11）年3月25日,1999（平成11）年3月25日初版第1刷,2001（平成13）年11月10日初版第2刷,,,,,,,,,,,,小林繁雄,阿部哲也,http://www.aozora.gr.jp/cards/000035/files/52525_txt_45090.zip,2011-10-11,ShiftJIS,JIS X 0208,0,http://www.aozora.gr.jp/cards/000035/files/52525_45479.html,2011-10-11,ShiftJIS,JIS X 0208,0
001589,悶悶日記,もんもんにっき,もんもんにつき,,,,「文芸　第四巻第六号」1936（昭和11）年6月1日,NDC 915,新字新仮名,なし,2005-04-23,2016-07-12,http://www.aozora.gr.jp/cards/000035/card1589.html,000035,太宰,治,だざい,おさむ,たさい,おさむ,Dazai,Osamu,著者,1909-06-19,1948-06-13,なし,太宰治全集10,ちくま文庫、筑摩書房,1989（平成元）年6月27日,1989（平成元）年6月27日第1刷,1996（平成8）年7月15日第3刷,筑摩全集類聚版太宰治全集第十巻,筑摩書房,1977（昭和52）年2月25日,,,,,,,,,土屋隆,noriko saito,http://www.aozora.gr.jp/cards/000035/files/1589_ruby_18015.zip,2016-07-12,ShiftJIS,JIS X 0208,2,http://www.aozora.gr.jp/cards/000035/files/1589_18111.html,2016-07-12,ShiftJIS,JIS X 0208,2
002294,やんぬる哉,やんぬるかな,やんぬるかな,,,,,NDC 913,新字新仮名,なし,2000-03-21,2014-09-17,http://www.aozora.gr.jp/cards/000035/card2294.html,000035,太宰,治,だざい,おさむ,たさい,おさむ,Dazai,Osamu,著者,1909-06-19,1948-06-13,なし,太宰治全集8,ちくま文庫、筑摩書房,1989（平成元）年4月25日,,1998（平成10）年1月20日第2刷,筑摩全集類聚版太宰治全集,筑摩書房,1975（昭和50）年6月～1976（昭和51）年6月刊行,,,,,,,,,柴田卓治,ゆうこ,http://www.aozora.gr.jp/cards/000035/files/2294_ruby_20171.zip,2005-11-05,ShiftJIS,JIS X 0208,1,http://www.aozora.gr.jp/cards/000035/files/2294_20172.html,2005-11-05,ShiftJIS,JIS X 0208,0
001573,雪の夜の話,ゆきのよのはなし,ゆきのよのはなし,,,,,NDC 913,新字新仮名,なし,2000-11-24,2014-09-17,http://www.aozora.gr.jp/cards/000035/card1573.html,000035,太宰,治,だざい,おさむ,たさい,おさむ,Dazai,Osamu,著者,1909-06-19,1948-06-13,なし,ろまん燈籠,新潮文庫,1983（昭和58）年2月25日,1998（平成10）年7月20日第21刷,,,,,,,,,,,,,みやま,鈴木厚司,http://www.aozora.gr.jp/cards/000035/files/1573_ruby_4930.zip,2009-03-02,ShiftJIS,JIS X 0208,2,http://www.aozora.gr.jp/cards/000035/files/1573_34633.html,2009-03-02,ShiftJIS,JIS X 0208,0
052526,容貌,ようぼう,ようほう,,,,「博浪沙　第六巻第六号」1941（昭和16）年6月5日,NDC 914,旧字旧仮名,なし,2011-12-05,2014-09-16,http://www.aozora.gr.jp/cards/000035/card52526.html,000035,太宰,治,だざい,おさむ,たさい,おさむ,Dazai,Osamu,著者,1909-06-19,1948-06-13,なし,太宰治全集11,筑摩書房,1999（平成11）年3月25日,1999（平成11）年3月25日初版第1刷,2001（平成13）年11月10日初版第2刷,,,,,,,,,,,,小林繁雄,阿部哲也,http://www.aozora.gr.jp/cards/000035/files/52526_txt_45083.zip,2011-10-11,ShiftJIS,JIS X 0208,0,http://www.aozora.gr.jp/cards/000035/files/52526_45475.html,2011-10-11,ShiftJIS,JIS X 0208,0
001596,容貌,ようぼう,ようほう,,,,「博浪沙　第六巻第六号」1941（昭和16）年6月5日,NDC 914,新字新仮名,なし,2005-04-23,2016-07-12,http://www.aozora.gr.jp/cards/000035/card1596.html,000035,太宰,治,だざい,おさむ,たさい,おさむ,Dazai,Osamu,著者,1909-06-19,1948-06-13,なし,太宰治全集10,ちくま文庫、筑摩書房,1989（平成元）年6月27日,1989（平成元）年6月27日第1刷,1996（平成8）年7月15日第3刷,筑摩全集類聚版太宰治全集第十巻,筑摩書房,1977（昭和52）年2月25日,,,,,,,,,土屋隆,noriko saito,http://www.aozora.gr.jp/cards/000035/files/1596_ruby_18020.zip,2016-07-12,ShiftJIS,JIS X 0208,1,http://www.aozora.gr.jp/cards/000035/files/1596_18112.html,2016-07-12,ShiftJIS,JIS X 0208,1
052687,横綱,よこづな,よこつな,,,,「東京新聞　第四百六十六号」1944（昭和19）年1月13日,NDC 914,旧字旧仮名,なし,2011-12-05,2014-09-16,http://www.aozora.gr.jp/cards/000035/card52687.html,000035,太宰,治,だざい,おさむ,たさい,おさむ,Dazai,Osamu,著者,1909-06-19,1948-06-13,なし,太宰治全集11,筑摩書房,1999（平成11）年3月25日,1999（平成11）年3月25日初版第1刷,2001（平成13）年11月10日初版第2刷,,,,,,,,,,,,小林繁雄,阿部哲也,http://www.aozora.gr.jp/cards/000035/files/52687_txt_45091.zip,2011-10-11,ShiftJIS,JIS X 0208,0,http://www.aozora.gr.jp/cards/000035/files/52687_45476.html,2011-10-11,ShiftJIS,JIS X 0208,0
045691,横綱,よこづな,よこつな,,,,「東京新聞　第四百六十六号」1944（昭和19）年1月13日,NDC 914,新字新仮名,なし,2006-03-15,2016-07-12,http://www.aozora.gr.jp/cards/000035/card45691.html,000035,太宰,治,だざい,おさむ,たさい,おさむ,Dazai,Osamu,著者,1909-06-19,1948-06-13,なし,太宰治全集10,ちくま文庫、筑摩書房,1989（平成元）年6月27日,1998（平成10）年6月15日第4刷,1989（平成元）年6月27日第1刷,筑摩全集類聚版太宰治全集第十巻,筑摩書房,1977（昭和52）年2月25日,,,,,,,,,増山一光,土屋隆,http://www.aozora.gr.jp/cards/000035/files/45691_ruby_21557.zip,2016-07-12,ShiftJIS,JIS X 0208,1,http://www.aozora.gr.jp/cards/000035/files/45691_21629.html,2016-07-12,ShiftJIS,JIS X 0208,1
052379,ラロシフコー,ラロシフコー,らろしふこお,,,,「作品　第十巻第七号」1939（昭和14）年7月1日,NDC 950,旧字旧仮名,なし,2011-03-11,2014-09-16,http://www.aozora.gr.jp/cards/000035/card52379.html,000035,太宰,治,だざい,おさむ,たさい,おさむ,Dazai,Osamu,著者,1909-06-19,1948-06-13,なし,太宰治全集11,筑摩書房,1999（平成11）年3月25日,1999（平成11）年3月25日初版第1刷,2001（平成13）年11月10日初版第2刷,,,,,,,,,,,,小林繁雄,阿部哲也,http://www.aozora.gr.jp/cards/000035/files/52379_ruby_42050.zip,2011-01-19,ShiftJIS,JIS X 0208,0,http://www.aozora.gr.jp/cards/000035/files/52379_42101.html,2011-01-19,ShiftJIS,JIS X 0208,0
000279,懶惰の歌留多,らんだのかるた,らんたのかるた,,,,「文芸」1939（昭和14）年4月,NDC 913,新字新仮名,なし,1999-09-11,2014-09-17,http://www.aozora.gr.jp/cards/000035/card279.html,000035,太宰,治,だざい,おさむ,たさい,おさむ,Dazai,Osamu,著者,1909-06-19,1948-06-13,なし,太宰治全集2,ちくま文庫、筑摩書房,1988（昭和63）年9月27日,1988（昭和63）年9月27日第1刷,,筑摩全集類聚版太宰治全集,筑摩書房,1975（昭和50）年6月～1976（昭和51）年6月,,,,,,,,,柴田卓治,小林繁雄,http://www.aozora.gr.jp/cards/000035/files/279_ruby_2424.zip,2004-03-04,ShiftJIS,JIS X 0208,1,http://www.aozora.gr.jp/cards/000035/files/279_15089.html,2004-03-04,ShiftJIS,JIS X 0208,0
000292,リイズ,リイズ,りいす,,,,1940（昭和15）年,NDC 913,新字新仮名,なし,2000-04-27,2014-09-17,http://www.aozora.gr.jp/cards/000035/card292.html,000035,太宰,治,だざい,おさむ,たさい,おさむ,Dazai,Osamu,著者,1909-06-19,1948-06-13,なし,太宰治全集3,ちくま文庫、筑摩書房,1988（昭和63）年10月25日,,1998（平成10）年6月15日第2刷,筑摩全集類聚版太宰治全集,筑摩書房,1975（昭和50）年6月～1976（昭和51）年6月刊行,,,,,,,,,柴田卓治,渥美浩子,http://www.aozora.gr.jp/cards/000035/files/292_ruby_20034.zip,2005-10-27,ShiftJIS,JIS X 0208,1,http://www.aozora.gr.jp/cards/000035/files/292_20035.html,2005-10-27,ShiftJIS,JIS X 0208,0
000314,律子と貞子,りつことさだこ,りつことさたこ,,,,,NDC 913,新字新仮名,なし,2000-04-01,2014-09-17,http://www.aozora.gr.jp/cards/000035/card314.html,000035,太宰,治,だざい,おさむ,たさい,おさむ,Dazai,Osamu,著者,1909-06-19,1948-06-13,なし,太宰治全集5,ちくま文庫、筑摩書房,1989（平成元）年1月31日,,,筑摩全集類聚版太宰治全集,筑摩書房,1975（昭和50）年6月～1976（昭和51）年6月刊行,,,,,,,,,柴田卓治,高橋真也,http://www.aozora.gr.jp/cards/000035/files/314_ruby_20120.zip,2005-10-31,ShiftJIS,JIS X 0208,1,http://www.aozora.gr.jp/cards/000035/files/314_20121.html,2005-10-31,ShiftJIS,JIS X 0208,0
000311,令嬢アユ,れいじょうアユ,れいしようあゆ,,,,「新女苑」1941（昭和16）年6月,NDC 913,新字新仮名,なし,2000-01-29,2014-09-17,http://www.aozora.gr.jp/cards/000035/card311.html,000035,太宰,治,だざい,おさむ,たさい,おさむ,Dazai,Osamu,著者,1909-06-19,1948-06-13,なし,太宰治全集4,ちくま文庫、筑摩書房,1988（昭和63）年12月1日,,1988（昭和63）年12月1日第1刷,筑摩全集類聚版太宰治全集,筑摩書房,1975（昭和50）年6月～1976（昭和51）年6月刊行,,,,,,,,,柴田卓治,青木直子,http://www.aozora.gr.jp/cards/000035/files/311_ruby_20050.zip,2005-10-28,ShiftJIS,JIS X 0208,1,http://www.aozora.gr.jp/cards/000035/files/311_20051.html,2005-10-28,ShiftJIS,JIS X 0208,0
000312,列車,れっしゃ,れつしや,,,,「サンデー東奧」1933（昭和8）年2月,NDC 913,新字新仮名,なし,1999-12-17,2014-09-17,http://www.aozora.gr.jp/cards/000035/card312.html,000035,太宰,治,だざい,おさむ,たさい,おさむ,Dazai,Osamu,著者,1909-06-19,1948-06-13,なし,晩年,新潮文庫、新潮社,1947（昭和22）年12月10日、1985（昭和60）年10月5日70刷改版,1972（昭和47）年8月30日43刷,1999（平成11）年6月25日105刷,,,,,,,,,,,,村田拓哉,青木直子,http://www.aozora.gr.jp/cards/000035/files/312_ruby_2924.zip,2013-04-06,ShiftJIS,JIS X 0208,3,http://www.aozora.gr.jp/cards/000035/files/312_34638.html,2013-04-06,ShiftJIS,JIS X 0208,1
000313,列車,れっしゃ,れつしや,,,,「サンデー東奧　二〇三号」1933（昭和8）年2月19日,NDC 913,旧字旧仮名,なし,1999-05-31,2016-02-23,http://www.aozora.gr.jp/cards/000035/card313.html,000035,太宰,治,だざい,おさむ,たさい,おさむ,Dazai,Osamu,著者,1909-06-19,1948-06-13,なし,太宰治全集2,筑摩書房,1998（平成10）年5月25日,1998（平成10）年5月25日初版第1刷,,晩年,第一小説集叢書、砂子屋書房,1936（昭和11）年6月25日,,,,,,,,,赤木孝之,田尻幹二,http://www.aozora.gr.jp/cards/000035/files/313_ruby_2022.zip,2016-02-23,ShiftJIS,JIS X 0208,5,http://www.aozora.gr.jp/cards/000035/files/313_15102.html,2016-02-23,ShiftJIS,JIS X 0208,3
052235,六月十九日,ろくがつじゅうくにち,ろくかつしゆうくにち,,,,「博浪沙　第五巻第七号」1940（昭和15年）7月5日,NDC 914,旧字旧仮名,なし,2011-02-28,2014-09-21,http://www.aozora.gr.jp/cards/000035/card52235.html,000035,太宰,治,だざい,おさむ,たさい,おさむ,Dazai,Osamu,著者,1909-06-19,1948-06-13,なし,太宰治全集11,筑摩書房,1999（平成11）年3月25日,1999（平成11）年3月25日初版第1刷,1999（平成11）年3月25日初版第1刷,,,,,,,,,,,,増山一光,小林繁雄,http://www.aozora.gr.jp/cards/000035/files/52235_txt_41684.zip,2011-01-04,ShiftJIS,JIS X 0208,0,http://www.aozora.gr.jp/cards/000035/files/52235_41952.html,2011-01-04,ShiftJIS,JIS X 0208,0
045668,六月十九日,ろくがつじゅうくにち,ろくかつしゆうくにち,,,,「博浪沙　第五巻第七号」1940（昭和15年）7月5日,NDC 914,新字新仮名,なし,2005-12-15,2017-03-19,http://www.aozora.gr.jp/cards/000035/card45668.html,000035,太宰,治,だざい,おさむ,たさい,おさむ,Dazai,Osamu,著者,1909-06-19,1948-06-13,なし,太宰治全集10,ちくま文庫、筑摩書房,1989（平成元）年6月27日,1998（平成10）年6月15日第4刷,1989（平成元）年6月27日第1刷,筑摩全集類聚版太宰治全集第十巻,筑摩書房,1977（昭和52）年2月25日,,,,,,,,,増山一光,土屋隆,http://www.aozora.gr.jp/cards/000035/files/45668_ruby_20027.zip,2017-03-19,ShiftJIS,JIS X 0208,2,http://www.aozora.gr.jp/cards/000035/files/45668_20555.html,2017-03-19,ShiftJIS,JIS X 0208,2
000316,ロマネスク,ロマネスク,ろまねすく,,,,「青い花」1934（昭和9）年11月,NDC 913,新字新仮名,なし,1999-07-03,2014-09-17,http://www.aozora.gr.jp/cards/000035/card316.html,000035,太宰,治,だざい,おさむ,たさい,おさむ,Dazai,Osamu,著者,1909-06-19,1948-06-13,なし,太宰治全集1,ちくま文庫、筑摩書房,1988（昭和63）年8月30日,,,筑摩全集類聚版太宰治全集,筑摩書房,1975（昭和50）年6月～1976（昭和51）年6月刊行,,,,,,,,,柴田卓治,小林繁雄,http://www.aozora.gr.jp/cards/000035/files/316_ruby_19982.zip,2005-10-22,ShiftJIS,JIS X 0208,1,http://www.aozora.gr.jp/cards/000035/files/316_19983.html,2005-10-22,ShiftJIS,JIS X 0208,0
000315,ろまん灯籠,ろまんどうろう,ろまんとうろう,,,,「婦人画報」1940（昭和15）年12月～1941（昭和16）年6月,NDC 913,新字新仮名,なし,2000-03-14,2014-09-17,http://www.aozora.gr.jp/cards/000035/card315.html,000035,太宰,治,だざい,おさむ,たさい,おさむ,Dazai,Osamu,著者,1909-06-19,1948-06-13,なし,太宰治全集4,ちくま文庫、筑摩書房,1988（昭和63）年12月1日,,1988（昭和63）年12月1日第1刷,筑摩全集類聚版太宰治全集,筑摩書房,1975（昭和50）年6月～1976（昭和51）年6月発行,,,,,,,,,柴田卓治,kumi,http://www.aozora.gr.jp/cards/000035/files/315_ruby_20040.zip,2005-10-28,ShiftJIS,JIS X 0208,1,http://www.aozora.gr.jp/cards/000035/files/315_20041.html,2005-10-28,ShiftJIS,JIS X 0208,0
054178,『ろまん灯籠』序,『ろまんどうろう』じょ,ろまんとうろうしよ,,,,「ろまん燈籠」用力社、1947（昭和22）年7月10日,NDC 914,旧字旧仮名,なし,2012-03-13,2014-09-16,http://www.aozora.gr.jp/cards/000035/card54178.html,000035,太宰,治,だざい,おさむ,たさい,おさむ,Dazai,Osamu,著者,1909-06-19,1948-06-13,なし,太宰治全集11,筑摩書房,1999（平成11）年3月25日,1999（平成11）年3月25日初版第1刷,2001（平成13）年11月10日初版第2刷,,,,,,,,,,,,小林繁雄,阿部哲也,http://www.aozora.gr.jp/cards/000035/files/54178_txt_45791.zip,2012-01-07,ShiftJIS,JIS X 0208,0,http://www.aozora.gr.jp/cards/000035/files/54178_46738.html,2012-01-07,ShiftJIS,JIS X 0208,0
042374,わが愛好する言葉,わがあいこうすることば,わかあいこうすることは,,,,,NDC 914,新字新仮名,なし,2009-04-10,2014-09-21,http://www.aozora.gr.jp/cards/000035/card42374.html,000035,太宰,治,だざい,おさむ,たさい,おさむ,Dazai,Osamu,著者,1909-06-19,1948-06-13,なし,もの思う葦,新潮文庫、新潮社,1980（昭和55）年9月25日,1998（平成10）年10月15日39刷,1997（平成9）年7月30日36刷 ,,,,,,,,,,,,蒋龍,土屋隆,http://www.aozora.gr.jp/cards/000035/files/42374_ruby_34280.zip,2009-04-07,ShiftJIS,JIS X 0208,0,http://www.aozora.gr.jp/cards/000035/files/42374_34756.html,2009-04-07,ShiftJIS,JIS X 0208,0
001601,わが半生を語る,わがはんせいをかたる,わかはんせいをかたる,,,,「小説新潮　第一巻第三号」1947（昭和22）年11月1日,NDC 915,新字新仮名,なし,2005-04-24,2016-07-12,http://www.aozora.gr.jp/cards/000035/card1601.html,000035,太宰,治,だざい,おさむ,たさい,おさむ,Dazai,Osamu,著者,1909-06-19,1948-06-13,なし,太宰治全集10,ちくま文庫、筑摩書房,1989（平成元）年6月27日,1989（平成元）年6月27日第1刷,1996（平成8）年7月15日第3刷,筑摩全集類聚版太宰治全集第十巻,筑摩書房,1977（昭和52）年2月25日,,,,,,,,,土屋隆,noriko saito,http://www.aozora.gr.jp/cards/000035/files/1601_ruby_18037.zip,2016-07-12,ShiftJIS,JIS X 0208,1,http://www.aozora.gr.jp/cards/000035/files/1601_18118.html,2016-07-12,ShiftJIS,JIS X 0208,1
052292,私の著作集,わたしのちょさくしゅう,わたしのちよさくしゆう,,,,「日本學藝新聞　第百十二号」1941（昭和16）年7月10日発行,NDC 914,旧字旧仮名,なし,2011-12-08,2016-08-14,http://www.aozora.gr.jp/cards/000035/card52292.html,000035,太宰,治,だざい,おさむ,たさい,おさむ,Dazai,Osamu,著者,1909-06-19,1948-06-13,なし,太宰治全集11,筑摩書房,1999（平成11）年3月25日,1999（平成11）年3月25日初版第1刷,2001（平成13）年11月10日初版第2刷,,,,,,,,,,,,増山一光,阿部哲也,http://www.aozora.gr.jp/cards/000035/files/52292_txt_45084.zip,2016-08-14,ShiftJIS,JIS X 0208,1,http://www.aozora.gr.jp/cards/000035/files/52292_45480.html,2016-08-14,ShiftJIS,JIS X 0208,1
045673,私の著作集,わたしのちょさくしゅう,わたしのちよさくしゆう,,,,「日本学芸新聞　第百十二号」1941（昭和16）年7月10日,NDC 914,新字新仮名,なし,2006-02-18,2016-07-12,http://www.aozora.gr.jp/cards/000035/card45673.html,000035,太宰,治,だざい,おさむ,たさい,おさむ,Dazai,Osamu,著者,1909-06-19,1948-06-13,なし,太宰治全集10,ちくま文庫、筑摩書房,1989（平成元）年6月27日,1998（平成10）年6月15日第4刷,1989（平成元）年6月27日第1刷,筑摩全集類聚版太宰治全集第十巻,筑摩書房,1977（昭和52）年2月25日,,,,,,,,,増山一光,土屋隆,http://www.aozora.gr.jp/cards/000035/files/45673_ruby_20799.zip,2016-07-12,ShiftJIS,JIS X 0208,1,http://www.aozora.gr.jp/cards/000035/files/45673_21431.html,2016-07-12,ShiftJIS,JIS X 0208,1
002295,渡り鳥,わたりどり,わたりとり,,,,,NDC 913,新字新仮名,なし,2000-01-25,2014-09-17,http://www.aozora.gr.jp/cards/000035/card2295.html,000035,太宰,治,だざい,おさむ,たさい,おさむ,Dazai,Osamu,著者,1909-06-19,1948-06-13,なし,太宰治全集9,ちくま文庫、筑摩書房,1989（平成元）年5月30日,1998（平成10）年6月15日第5刷,1998（平成10）年6月15日第5刷,筑摩全集類聚版太宰治全集,筑摩書房,1975（昭和50）年6月～1976（昭和51）年6月,,,,,,,,,柴田卓治,かとうかおり,http://www.aozora.gr.jp/cards/000035/files/2295_ruby_3146.zip,2004-03-04,ShiftJIS,JIS X 0208,1,http://www.aozora.gr.jp/cards/000035/files/2295_15090.html,2004-03-04,ShiftJIS,JIS X 0208,0
056875,蘆刈,あしかり,あしかり,,,,「改造」改造社、1932（昭和7）年11月号、12月号,NDC 913,新字新仮名,なし,2016-02-25,2016-01-01,http://www.aozora.gr.jp/cards/001383/card56875.html,001383,谷崎,潤一郎,たにざき,じゅんいちろう,たにさき,しゆんいちろう,Tanizaki,Jun'ichiro,著者,1886-07-24,1965-07-30,なし,吉野葛・蘆刈,岩波文庫、岩波書店,1950（昭和25）年8月30日,1986（昭和61）年6月16日第12刷改版,2014（平成26）年2月5日第36刷,谷崎潤一郎全集　十三巻,中央公論社,1967（昭和42）年,,,,,,,,,kompass,酒井裕二,http://www.aozora.gr.jp/cards/001383/files/56875_ruby_58201.zip,2016-01-01,ShiftJIS,JIS X 0208,0,http://www.aozora.gr.jp/cards/001383/files/56875_58210.html,2016-01-01,ShiftJIS,JIS X 0208,0
056642,陰翳礼讃,いんえいらいさん,いんえいらいさん,,,,「経済往来」1933（昭和8）年12月号、1934（昭和9）年1月号,NDC 914,新字新仮名,なし,2016-08-23,2016-06-10,http://www.aozora.gr.jp/cards/001383/card56642.html,001383,谷崎,潤一郎,たにざき,じゅんいちろう,たにさき,しゆんいちろう,Tanizaki,Jun'ichiro,著者,1886-07-24,1965-07-30,なし,陰翳礼讃,中公文庫、中央公論社,1975（昭和50）年10月10日,2013（平成25）年1月10日改版24刷,2014（平成26）年9月25日改版28刷,谷崎潤一郎全集　第二十巻,中央公論社,1982（昭和57）年12月25日,,,,,,,,,砂場清隆,門田裕志,http://www.aozora.gr.jp/cards/001383/files/56642_ruby_59574.zip,2016-06-10,ShiftJIS,JIS X 0208,0,http://www.aozora.gr.jp/cards/001383/files/56642_59575.html,2016-06-10,ShiftJIS,JIS X 0208,0
056846,鍵,かぎ,かき,,,,「中央公論」中央公論社、1956（昭和31）年1月、5月～12月,NDC 913,新字新仮名,なし,2016-06-03,2016-05-25,http://www.aozora.gr.jp/cards/001383/card56846.html,001383,谷崎,潤一郎,たにざき,じゅんいちろう,たにさき,しゆんいちろう,Tanizaki,Jun'ichiro,著者,1886-07-24,1965-07-30,なし,鍵,中公文庫、中央公論社,1973（昭和48）年12月10日,1983（昭和58）年12月25日6刷,2013（平成25）年7月5日第15刷,,,,,,,,,,,,kompass,酒井裕二,http://www.aozora.gr.jp/cards/001383/files/56846_ruby_58857.zip,2016-05-25,ShiftJIS,JIS X 0208,0,http://www.aozora.gr.jp/cards/001383/files/56846_58899.html,2016-05-25,ShiftJIS,JIS X 0208,0
056943,覚海上人天狗になる事,かくかいしょうにんてんぐになること,かくかいしようにんてんくになること,,,,「古東多万」1931（昭和6）年9月号,NDC 913,新字新仮名,なし,2016-03-25,2016-01-01,http://www.aozora.gr.jp/cards/001383/card56943.html,001383,谷崎,潤一郎,たにざき,じゅんいちろう,たにさき,しゆんいちろう,Tanizaki,Jun'ichiro,著者,1886-07-24,1965-07-30,なし,聞書抄,中公文庫、中央公論新社,1984（昭和59）年7月10日,2005（平成17）年9月25日改版,2005（平成17）年9月25日改版,谷崎潤一郎全集　第十三巻,中央公論社,1982（昭和57）年5月25日,,,,,,,,,kompass,酒井裕二,http://www.aozora.gr.jp/cards/001383/files/56943_ruby_58237.zip,2016-01-01,ShiftJIS,JIS X 0208,0,http://www.aozora.gr.jp/cards/001383/files/56943_58251.html,2016-01-01,ShiftJIS,JIS X 0208,0
056944,紀伊国狐憑漆掻語,きいのくにのきつねうるしかきにつくはなし,きいのくにのきつねうるしかきにつくはなし,,,,「改造」1931（昭和6）年9月号,NDC 913,新字新仮名,なし,2016-03-25,2016-01-01,http://www.aozora.gr.jp/cards/001383/card56944.html,001383,谷崎,潤一郎,たにざき,じゅんいちろう,たにさき,しゆんいちろう,Tanizaki,Jun'ichiro,著者,1886-07-24,1965-07-30,なし,聞書抄,中公文庫、中央公論新社,1984（昭和59）年7月10日,2005（平成17）年9月25日改版,2005（平成17）年9月25日改版,谷崎潤一郎全集　第十三巻,中央公論社,1982（昭和57）年5月25日,,,,,,,,,kompass,酒井裕二,http://www.aozora.gr.jp/cards/001383/files/56944_ruby_58238.zip,2016-01-01,ShiftJIS,JIS X 0208,0,http://www.aozora.gr.jp/cards/001383/files/56944_58252.html,2016-01-01,ShiftJIS,JIS X 0208,0
056945,聞書抄,ききがきしょう,ききかきしよう,第二盲目物語,だいにもうもくものがたり,,「大阪毎日新聞」「東京日日新聞」1935（昭和10）年1月5日～6月15日,NDC 913,新字新仮名,なし,2016-04-24,2016-03-04,http://www.aozora.gr.jp/cards/001383/card56945.html,001383,谷崎,潤一郎,たにざき,じゅんいちろう,たにさき,しゆんいちろう,Tanizaki,Jun'ichiro,著者,1886-07-24,1965-07-30,なし,聞書抄,中公文庫、中央公論新社,1984（昭和59）年7月10日,2005（平成17）年9月25日改版,2005（平成17）年9月25日改版,谷崎潤一郎全集　第十四巻,中央公論社,1982（昭和57）年6月25日,,,,,,,,,kompass,酒井裕二,http://www.aozora.gr.jp/cards/001383/files/56945_ruby_58719.zip,2016-03-04,ShiftJIS,JIS X 0208,0,http://www.aozora.gr.jp/cards/001383/files/56945_58757.html,2016-03-04,ShiftJIS,JIS X 0208,0
056693,恐怖,きょうふ,きようふ,,,,「大阪毎日新聞」1913（大正2）年1月,NDC 913,新字新仮名,なし,2016-05-17,2016-03-04,http://www.aozora.gr.jp/cards/001383/card56693.html,001383,谷崎,潤一郎,たにざき,じゅんいちろう,たにさき,しゆんいちろう,Tanizaki,Jun'ichiro,著者,1886-07-24,1965-07-30,なし,潤一郎ラビリンスⅠ――初期短編集,中公文庫、中央公論社,1998（平成10）年5月18日,1998（平成10）年5月18日初版,2012（平成24）年7月10日3刷,谷崎潤一郎全集　第二巻,中央公論社,1981（昭和56）年6月25日,,,,,,,,,砂場清隆,門田裕志,http://www.aozora.gr.jp/cards/001383/files/56693_ruby_58787.zip,2016-03-04,ShiftJIS,JIS X 0208,0,http://www.aozora.gr.jp/cards/001383/files/56693_58830.html,2016-03-04,ShiftJIS,JIS X 0208,0
056698,細雪,ささめゆき,ささめゆき,01 上巻,01 じょうかん,,一～八「中央公論　第五十八巻第一号」1943（昭和18）年3月1日<br>九～十三「中央公論　第五十八巻第三号」1943（昭和18）年1月1日,NDC 913,新字新仮名,なし,2016-07-24,2017-02-08,http://www.aozora.gr.jp/cards/001383/card56698.html,001383,谷崎,潤一郎,たにざき,じゅんいちろう,たにさき,しゆんいちろう,Tanizaki,Jun'ichiro,著者,1886-07-24,1965-07-30,なし,細雪（上）,新潮文庫、新潮社,1955（昭和30）年10月30日,2013（平成25）年6月25日114刷,2016(平成28)年 1月25日 第118刷,谷崎潤一郎全集　第十五卷,中央公論社,1968（昭和43）年1月25日,,,,,,,,,砂場清隆,小島大樹,http://www.aozora.gr.jp/cards/001383/files/56698_ruby_59448.zip,2017-02-08,ShiftJIS,JIS X 0208,3,http://www.aozora.gr.jp/cards/001383/files/56698_59488.html,2017-02-08,ShiftJIS,JIS X 0208,3
056946,三人法師,さんにんほうし,さんにんほうし,,,,「中央公論」1929（昭和4）年10月号～11月号,NDC 913,新字新仮名,なし,2016-05-17,2016-03-04,http://www.aozora.gr.jp/cards/001383/card56946.html,001383,谷崎,潤一郎,たにざき,じゅんいちろう,たにさき,しゆんいちろう,Tanizaki,Jun'ichiro,著者,1886-07-24,1965-07-30,なし,聞書抄,中公文庫、中央公論新社,1984（昭和59）年7月10日,2005（平成17）年9月25日改版,2005（平成17）年9月25日改版,谷崎潤一郎全集　第十二巻,中央公論社,1982（昭和57）年4月25日,,,,,,,,,kompass,酒井裕二,http://www.aozora.gr.jp/cards/001383/files/56946_ruby_58788.zip,2016-03-04,ShiftJIS,JIS X 0208,0,http://www.aozora.gr.jp/cards/001383/files/56946_58831.html,2016-03-04,ShiftJIS,JIS X 0208,0
056641,刺青,しせい,しせい,,,,「新思潮」1910（明治43）年11月号,NDC 913,新字新仮名,なし,2016-07-30,2016-08-16,http://www.aozora.gr.jp/cards/001383/card56641.html,001383,谷崎,潤一郎,たにざき,じゅんいちろう,たにさき,しゆんいちろう,Tanizaki,Jun'ichiro,著者,1886-07-24,1965-07-30,なし,潤一郎ラビリンスⅠ――初期短編集,中公文庫、中央公論新社,1998（平成10）年5月18日,1998（平成10）年5月18日初版,2012（平成24）年7月10日3刷,谷崎潤一郎全集　第一巻,中央公論社,1981（昭和56）年5月25日,,,,,,,,,砂場清隆,門田裕志,http://www.aozora.gr.jp/cards/001383/files/56641_ruby_59456.zip,2016-06-10,ShiftJIS,JIS X 0208,0,http://www.aozora.gr.jp/cards/001383/files/56641_59496.html,2016-06-10,ShiftJIS,JIS X 0208,0
056866,春琴抄,しゅんきんしょう,しゆんきんしよう,,,,「中央公論」中央公論社、1933（昭和8）年6月,NDC 913,新字新仮名,なし,2016-01-01,2016-01-01,http://www.aozora.gr.jp/cards/001383/card56866.html,001383,谷崎,潤一郎,たにざき,じゅんいちろう,たにさき,しゆんいちろう,Tanizaki,Jun'ichiro,著者,1886-07-24,1965-07-30,なし,ちくま日本文学014　谷崎潤一郎,筑摩書房,2008（平成20）年4月10日,2008（平成20）年4月10日第1刷,2008（平成20）年4月10日第1刷,谷崎潤一郎全集　第十三巻,中央公論社,1982（昭和57）年5月25日,,,,,,,,,kompass,酒井裕二,http://www.aozora.gr.jp/cards/001383/files/56866_ruby_58168.zip,2016-01-01,ShiftJIS,JIS X 0208,0,http://www.aozora.gr.jp/cards/001383/files/56866_58169.html,2016-01-01,ShiftJIS,JIS X 0208,0
056847,少将滋幹の母,しょうしょうしげもとのはは,しようしようしけもとのはは,,,,「毎日新聞」毎日新聞社、1949（昭和24）年11月16日～1950（昭和25）年2月,NDC 913,新字新仮名,なし,2016-03-09,2017-04-19,http://www.aozora.gr.jp/cards/001383/card56847.html,001383,谷崎,潤一郎,たにざき,じゅんいちろう,たにさき,しゆんいちろう,Tanizaki,Jun'ichiro,著者,1886-07-24,1965-07-30,なし,少将滋幹の母,中公文庫、中央公論社,2006（平成18）年3月25日,2006（平成18）年3月25日初版,2006（平成18）年3月25日初版,谷崎潤一郎全集　第十六巻,中央公論社,1982（昭和57）年8月25日,,,,,,,,,kompass,酒井裕二,http://www.aozora.gr.jp/cards/001383/files/56847_ruby_58228.zip,2017-04-19,ShiftJIS,JIS X 0208,1,http://www.aozora.gr.jp/cards/001383/files/56847_58242.html,2017-04-19,ShiftJIS,JIS X 0208,1
056643,少年,しょうねん,しようねん,,,,「スバル」1911（明治44）年6月号,NDC 913,新字新仮名,なし,2016-06-25,2016-03-04,http://www.aozora.gr.jp/cards/001383/card56643.html,001383,谷崎,潤一郎,たにざき,じゅんいちろう,たにさき,しゆんいちろう,Tanizaki,Jun'ichiro,著者,1886-07-24,1965-07-30,なし,潤一郎ラビリンスⅠ――初期短編集,中公文庫、中央公論社,1998（平成10）年5月18日,1998（平成10）年5月18日初版,2012（平成24）年7月10日3刷,谷崎潤一郎全集　第一巻,中央公論社,1981（昭和56）年5月25日,,,,,,,,,砂場清隆,門田裕志,http://www.aozora.gr.jp/cards/001383/files/56643_ruby_58889.zip,2016-03-04,ShiftJIS,JIS X 0208,0,http://www.aozora.gr.jp/cards/001383/files/56643_58931.html,2016-03-04,ShiftJIS,JIS X 0208,0
049637,大切な雰囲気,たいせつなふんいき,たいせつなふんいき,01 序,01 じょ,,「大切な雰囲気」昭森社、1936（昭和11）年1月6日,NDC 914,新字新仮名,なし,2016-02-13,2016-01-01,http://www.aozora.gr.jp/cards/001383/card49637.html,001383,谷崎,潤一郎,たにざき,じゅんいちろう,たにさき,しゆんいちろう,Tanizaki,Jun'ichiro,著者,1886-07-24,1965-07-30,なし,大切な雰囲気,昭森社,1936（昭和11）年1月6日,,,,,,,,,,,,,,小林繁雄,米田進,http://www.aozora.gr.jp/cards/001383/files/49637_txt_58212.zip,2016-01-01,ShiftJIS,JIS X 0208,0,http://www.aozora.gr.jp/cards/001383/files/49637_58213.html,2016-01-01,ShiftJIS,JIS X 0208,0
058093,痴人の愛,ちじんのあい,ちしんのあい,,,,「大阪朝日新聞」1924（大正13）年3月～5月<br>「女性」1924（大正13）年11月～1925（大正14）年7月,NDC 913,新字新仮名,なし,2017-07-30,2017-07-17,http://www.aozora.gr.jp/cards/001383/card58093.html,001383,谷崎,潤一郎,たにざき,じゅんいちろう,たにさき,しゆんいちろう,Tanizaki,Jun'ichiro,著者,1886-07-24,1965-07-30,なし,痴人の愛,新潮文庫、新潮社,1947（昭和22）年11月10日,2011（平成23）年2月10日第126刷,2003（平成15）年6月10日116刷改版,,,,,,,,,,,,daikichi,悠悠自炊,http://www.aozora.gr.jp/cards/001383/files/58093_ruby_62048.zip,2017-06-25,ShiftJIS,JIS X 0208,0,http://www.aozora.gr.jp/cards/001383/files/58093_62049.html,2017-06-25,ShiftJIS,JIS X 0208,0
056849,途上,とじょう,としよう,,,,「改造」1920（大正9）年1月,NDC 913,新字新仮名,なし,2016-11-29,2016-09-09,http://www.aozora.gr.jp/cards/001383/card56849.html,001383,谷崎,潤一郎,たにざき,じゅんいちろう,たにさき,しゆんいちろう,Tanizaki,Jun'ichiro,著者,1886-07-24,1965-07-30,なし,文豪の探偵小説,集英社文庫、集英社,2006（平成18）年11月25日,2006（平成18）年11月25日第1刷,2006（平成18）年11月25日第1刷,谷崎潤一郎　犯罪小説集,集英社文庫、集英社,1981（昭和56）年8月,,,,,,,,,sogo,まつもこ,http://www.aozora.gr.jp/cards/001383/files/56849_ruby_60099.zip,2016-09-09,ShiftJIS,JIS X 0208,0,http://www.aozora.gr.jp/cards/001383/files/56849_60145.html,2016-09-09,ShiftJIS,JIS X 0208,0
057349,秘密,ひみつ,ひみつ,,,,「中央公論」1911（明治44）年11月,NDC 913,新字新仮名,なし,2016-10-16,2016-09-09,http://www.aozora.gr.jp/cards/001383/card57349.html,001383,谷崎,潤一郎,たにざき,じゅんいちろう,たにさき,しゆんいちろう,Tanizaki,Jun'ichiro,著者,1886-07-24,1965-07-30,なし,刺青・秘密,新潮文庫、新潮社,1969（昭和44）8月5日,2014（平成26）年6月5日87刷,2014（平成26）年6月5日87刷,,,,,,,,,,,,Iハルナ,まつもこ,http://www.aozora.gr.jp/cards/001383/files/57349_ruby_59987.zip,2016-09-09,ShiftJIS,JIS X 0208,0,http://www.aozora.gr.jp/cards/001383/files/57349_60032.html,2016-09-09,ShiftJIS,JIS X 0208,0
056771,瘋癲老人日記,ふうてんろうじんにっき,ふうてんろうしんにつき,,,,「中央公論」中央公論社、1961（昭和36）年11月～1962（昭和37）年5月,NDC 915,新字新仮名,なし,2016-12-29,2016-09-09,http://www.aozora.gr.jp/cards/001383/card56771.html,001383,谷崎,潤一郎,たにざき,じゅんいちろう,たにさき,しゆんいちろう,Tanizaki,Jun'ichiro,著者,1886-07-24,1965-07-30,なし,瘋癲老人日記　改版,中公文庫、中央公論新社,1977（昭和52）年1月10日,2001（平成13）年3月25日改版,2013（平成25）年7月5日改版3刷,谷崎潤一郎全集　第十九巻,中央公論社,1982（昭和57）年11月,,,,,,,,,kompass,酒井裕二,http://www.aozora.gr.jp/cards/001383/files/56771_ruby_60190.zip,2016-09-09,ShiftJIS,JIS X 0208,0,http://www.aozora.gr.jp/cards/001383/files/56771_60234.html,2016-09-09,ShiftJIS,JIS X 0208,0
056869,武州公秘話,ぶしゅうこうひわ,ふしゆうこうひわ,01 武州公秘話,01 ぶしゅうこうひわ,,「新青年」1931（昭和6）年10～11月号、1932（昭和7）年1～2月号、4～11月号,NDC 913,新字新仮名,なし,2016-10-30,2016-09-09,http://www.aozora.gr.jp/cards/001383/card56869.html,001383,谷崎,潤一郎,たにざき,じゅんいちろう,たにさき,しゆんいちろう,Tanizaki,Jun'ichiro,著者,1886-07-24,1965-07-30,なし,武州公秘話,中公文庫、中央公論社,1984（昭和59）年7月10日,2005（平成17）年5月25日改版,2014（平成26）年1月10日改版2刷,谷崎潤一郎全集　第十三巻,中央公論社,1982（昭和57）年5月25日,,,,,,,,,kompass,酒井裕二,http://www.aozora.gr.jp/cards/001383/files/56869_ruby_60005.zip,2016-09-09,ShiftJIS,JIS X 0208,0,http://www.aozora.gr.jp/cards/001383/files/56869_60050.html,2016-09-09,ShiftJIS,JIS X 0208,0
056644,幇間,ほうかん,ほうかん,,,,「スバル」1911（明治44）年9月号,NDC 913,新字新仮名,なし,2016-06-25,2016-03-04,http://www.aozora.gr.jp/cards/001383/card56644.html,001383,谷崎,潤一郎,たにざき,じゅんいちろう,たにさき,しゆんいちろう,Tanizaki,Jun'ichiro,著者,1886-07-24,1965-07-30,なし,潤一郎ラビリンスⅠ――初期短編集,中公文庫、中央公論社,1998（平成10）年5月18日,1998（平成10）年5月18日初版,2012（平成24）年7月10日3刷,谷崎潤一郎全集　第一巻,中央公論社,1981（昭和56）年5月25日,,,,,,,,,砂場清隆,門田裕志,http://www.aozora.gr.jp/cards/001383/files/56644_ruby_58888.zip,2016-03-04,ShiftJIS,JIS X 0208,0,http://www.aozora.gr.jp/cards/001383/files/56644_58930.html,2016-03-04,ShiftJIS,JIS X 0208,0
056873,卍,まんじ,まんし,,,,「改造」改造社、1928（昭和3）年3月～1929（昭和4）年4月、6月～10月、12月～1930（昭和5）年1月、4月,NDC 913,新字新仮名,なし,2017-07-24,2017-07-17,http://www.aozora.gr.jp/cards/001383/card56873.html,001383,谷崎,潤一郎,たにざき,じゅんいちろう,たにさき,しゆんいちろう,Tanizaki,Jun'ichiro,著者,1886-07-24,1965-07-30,なし,卍（まんじ）,岩波文庫、岩波書店,1950（昭和25）年5月20日,1990（平成2）年4月25日第20刷,1985（昭和60）年12月16日第18刷改版,,,,,,,,,,,,kompass,酒井和郎,http://www.aozora.gr.jp/cards/001383/files/56873_ruby_62034.zip,2017-06-27,ShiftJIS,JIS X 0208,0,http://www.aozora.gr.jp/cards/001383/files/56873_62035.html,2017-06-27,ShiftJIS,JIS X 0208,0
056868,盲目物語,もうもくものがたり,もうもくものかたり,,,,「中央公論」1931（昭和6）年9月,NDC 913,新字新仮名,なし,2016-04-13,2016-03-20,http://www.aozora.gr.jp/cards/001383/card56868.html,001383,谷崎,潤一郎,たにざき,じゅんいちろう,たにさき,しゆんいちろう,Tanizaki,Jun'ichiro,著者,1886-07-24,1965-07-30,なし,盲目物語,中公文庫、中央公論新社,1993（平成5）年5月10日,1993（平成5）年5月10日初版,2007（平成19）年1月25日3刷,盲目物語,中央公論社,1932（昭和7）年2月,,,,,,,,,kompass,酒井裕二,http://www.aozora.gr.jp/cards/001383/files/56868_ruby_58707.zip,2016-03-20,ShiftJIS,JIS X 0208,0,http://www.aozora.gr.jp/cards/001383/files/56868_58745.html,2016-03-20,ShiftJIS,JIS X 0208,0
056867,吉野葛,よしのくず,よしのくす,,,,「中央公論」1931（昭和6）年1月～2月,NDC 913,新字新仮名,なし,2016-02-04,2016-01-01,http://www.aozora.gr.jp/cards/001383/card56867.html,001383,谷崎,潤一郎,たにざき,じゅんいちろう,たにさき,しゆんいちろう,Tanizaki,Jun'ichiro,著者,1886-07-24,1965-07-30,なし,ちくま日本文学014　谷崎潤一郎,筑摩書房,2008（平成20）年4月10日,2008（平成20）年4月10日第1刷,2008（平成20）年4月10日第1刷,谷崎潤一郎全集　第十三巻,中央公論社,1982（昭和57）年5月25日,,,,,,,,,kompass,酒井裕二,http://www.aozora.gr.jp/cards/001383/files/56867_ruby_58196.zip,2016-01-01,ShiftJIS,JIS X 0208,0,http://www.aozora.gr.jp/cards/001383/files/56867_58205.html,2016-01-01,ShiftJIS,JIS X 0208,0
048969,アカシヤの花,アカシヤのはな,あかしやのはな,,,,「東京　第一巻第一号」実業之日本社、1924（大正13）年9月1日,NDC 913,新字旧仮名,なし,2009-04-26,2014-09-21,http://www.aozora.gr.jp/cards/000214/card48969.html,000214,田山,花袋,たやま,かたい,たやま,かたい,Tayama,Katai,著者,1872-01-22,1930-05-13,なし,定本　花袋全集　第二十一巻,臨川書店,1995（平成7）年1月10日,1995（平成7）年1月10日,1995（平成7）年1月10日,アカシヤ,聚芳閣,1925（大正14）年11月10日,,,,,,,,,tatsuki,林幸雄,http://www.aozora.gr.jp/cards/000214/files/48969_ruby_34069.zip,2009-04-09,ShiftJIS,JIS X 0208,0,http://www.aozora.gr.jp/cards/000214/files/48969_34779.html,2009-04-09,ShiftJIS,JIS X 0208,0
004598,朝,あさ,あさ,,,,,NDC 913,新字旧仮名,なし,2004-07-21,2014-09-18,http://www.aozora.gr.jp/cards/000214/card4598.html,000214,田山,花袋,たやま,かたい,たやま,かたい,Tayama,Katai,著者,1872-01-22,1930-05-13,なし,短篇小説名作選,現代企画室,1981（昭和56）年4月15日,1984（昭和59）年3月15日第2刷, ,,,,,,,,,,,,土屋隆,林幸雄,http://www.aozora.gr.jp/cards/000214/files/4598_ruby_15826.zip,2004-06-16,ShiftJIS,JIS X 0208,0,http://www.aozora.gr.jp/cards/000214/files/4598_15849.html,2004-06-16,ShiftJIS,JIS X 0208,0
043269,ある僧の奇蹟,あるそうのきせき,あるそうのきせき,,,,「太陽」1917（大正6）年9月,NDC 913,新字旧仮名,なし,2004-11-08,2014-09-18,http://www.aozora.gr.jp/cards/000214/card43269.html,000214,田山,花袋,たやま,かたい,たやま,かたい,Tayama,Katai,著者,1872-01-22,1930-05-13,なし,現代文学大系　10　田山花袋集,筑摩書房,1966（昭和41）年1月10日,1966（昭和41）年1月10日初版第1刷,1966（昭和41）年1月10日初版第1刷,,,,,,,,,,,,林幸雄,松永正敏,http://www.aozora.gr.jp/cards/000214/files/43269_ruby_16037.zip,2013-06-21,ShiftJIS,JIS X 0208,3,http://www.aozora.gr.jp/cards/000214/files/43269_16697.html,2013-06-21,ShiftJIS,JIS X 0208,3
048970,アンナ、パブロオナ,アンナ、パブロオナ,あんなはふろおな,,,,「北海タイムス」1925（大正14）年1月15、17、19、21、23日,NDC 913,新字旧仮名,なし,2009-04-26,2014-09-21,http://www.aozora.gr.jp/cards/000214/card48970.html,000214,田山,花袋,たやま,かたい,たやま,かたい,Tayama,Katai,著者,1872-01-22,1930-05-13,なし,定本　花袋全集　第二十一巻,臨川書店,1995（平成7）年1月10日,1995（平成7）年1月10日,1995（平成7）年1月10日　,アカシヤ,聚芳閣,1925（大正14）年11月10日,,,,,,,,,tatsuki,林幸雄,http://www.aozora.gr.jp/cards/000214/files/48970_ruby_34070.zip,2009-04-09,ShiftJIS,JIS X 0208,0,http://www.aozora.gr.jp/cards/000214/files/48970_34780.html,2009-04-09,ShiftJIS,JIS X 0208,0
048824,一室,いっしつ,いつしつ,,,,,NDC 913,新字旧仮名,なし,2009-04-26,2014-09-21,http://www.aozora.gr.jp/cards/000214/card48824.html,000214,田山,花袋,たやま,かたい,たやま,かたい,Tayama,Katai,著者,1872-01-22,1930-05-13,なし,定本　花袋全集　第二十一巻,臨川書店,1995（平成7）年1月10日,1995（平成7）年1月10日,1995（平成7）年1月10日　,アカシヤ,聚芳閣,1925（大正14）年11月10日,,,,,,,,,tatsuki,林幸雄,http://www.aozora.gr.jp/cards/000214/files/48824_ruby_34071.zip,2009-04-09,ShiftJIS,JIS X 0208,0,http://www.aozora.gr.jp/cards/000214/files/48824_34781.html,2009-04-09,ShiftJIS,JIS X 0208,0
001066,一兵卒,いっぺいそつ,いつへいそつ,,,,,NDC 913,新字新仮名,なし,2000-09-28,2014-09-17,http://www.aozora.gr.jp/cards/000214/card1066.html,000214,田山,花袋,たやま,かたい,たやま,かたい,Tayama,Katai,著者,1872-01-22,1930-05-13,なし,蒲団・一兵卒,角川文庫、角川書店,1969（昭和44）年10月20日改版初版,1974（昭和49）年11月30日改版8版,,,,,,,,,,,,,久保あきら,伊藤時也,http://www.aozora.gr.jp/cards/000214/files/1066_ruby_4602.zip,2011-05-19,ShiftJIS,JIS X 0208,1,http://www.aozora.gr.jp/cards/000214/files/1066_43394.html,2011-05-19,ShiftJIS,JIS X 0208,0
001668,田舎教師,いなかきょうし,いなかきようし,,,,,NDC 913,新字新仮名,なし,2007-03-05,2014-09-21,http://www.aozora.gr.jp/cards/000214/card1668.html,000214,田山,花袋,たやま,かたい,たやま,かたい,Tayama,Katai,著者,1872-01-22,1930-05-13,なし,田舎教師　他一編,旺文社文庫、旺文社,1966（昭和41）年8月10日,1985（昭和60）年重版,1985（昭和60）年重版,,,,,,,,,,,,林幸雄,松永正敏,http://www.aozora.gr.jp/cards/000214/files/1668_ruby_24546.zip,2007-02-02,ShiftJIS,JIS X 0208,0,http://www.aozora.gr.jp/cards/000214/files/1668_26031.html,2007-02-02,ShiftJIS,JIS X 0208,0
046594,『田舎教師』について,いなかきょうしについて,いなかきようしについて,,,,,NDC 914,新字新仮名,なし,2007-05-31,2014-09-21,http://www.aozora.gr.jp/cards/000214/card46594.html,000214,田山,花袋,たやま,かたい,たやま,かたい,Tayama,Katai,著者,1872-01-22,1930-05-13,なし,田舎教師　他一編,旺文社文庫、旺文社,1966（昭和41）年8月10日,1985（昭和60）年重版,,,,,,,,,,,,,林幸雄,松永正敏,http://www.aozora.gr.jp/cards/000214/files/46594_ruby_24547.zip,2007-04-14,ShiftJIS,JIS X 0208,0,http://www.aozora.gr.jp/cards/000214/files/46594_26616.html,2007-04-14,ShiftJIS,JIS X 0208,0
048827,犬,いぬ,いぬ,,,,「婦人公論　第九年第九号」中央公論社、1924（大正13）年8月1日,NDC 913,新字旧仮名,なし,2009-04-26,2014-09-21,http://www.aozora.gr.jp/cards/000214/card48827.html,000214,田山,花袋,たやま,かたい,たやま,かたい,Tayama,Katai,著者,1872-01-22,1930-05-13,なし,定本　花袋全集　第二十一巻,臨川書店,1995（平成7）年1月10日,1995（平成7）年1月10日,1995（平成7）年1月10日　,アカシヤ,聚芳閣,1925（大正14）年11月10日,,,,,,,,,tatsuki,林幸雄,http://www.aozora.gr.jp/cards/000214/files/48827_ruby_34072.zip,2009-04-09,ShiftJIS,JIS X 0208,0,http://www.aozora.gr.jp/cards/000214/files/48827_34782.html,2009-04-09,ShiftJIS,JIS X 0208,0
003240,帰国,きこく,きこく,,,,,NDC 913,旧字旧仮名,なし,2002-05-23,2014-09-17,http://www.aozora.gr.jp/cards/000214/card3240.html,000214,田山,花袋,たやま,かたい,たやま,かたい,Tayama,Katai,著者,1872-01-22,1930-05-13,なし,定本　花袋全集　第七巻,臨川書店,1993（平成5）年10月10日復刻版,,,定本　花袋全集　第七巻,内外書籍,1936（昭和11）年8月16日,,,,,,,,,もんむー,松永正敏,http://www.aozora.gr.jp/cards/000214/files/3240_txt_23634.zip,2006-07-02,ShiftJIS,JIS X 0208,1,http://www.aozora.gr.jp/cards/000214/files/3240_6491.html,2006-07-02,ShiftJIS,JIS X 0208,1
048842,草道,くさみち,くさみち,,,,,NDC 913,新字旧仮名,なし,2009-04-30,2014-09-21,http://www.aozora.gr.jp/cards/000214/card48842.html,000214,田山,花袋,たやま,かたい,たやま,かたい,Tayama,Katai,著者,1872-01-22,1930-05-13,なし,定本　花袋全集　第二十一巻,臨川書店,1995（平成7）年1月10日,1995（平成7）年1月10日,1995（平成7）年1月10日　,アカシヤ,聚芳閣,1925（大正14）年11月10日,,,,,,,,,tatsuki,林幸雄,http://www.aozora.gr.jp/cards/000214/files/48842_txt_34076.zip,2009-04-09,ShiftJIS,JIS X 0208,0,http://www.aozora.gr.jp/cards/000214/files/48842_34783.html,2009-04-09,ShiftJIS,JIS X 0208,0
048852,草みち,くさみち,くさみち,,,,「若草　第一巻第一号」1925（大正14）年10月1日,NDC 913,新字旧仮名,なし,2013-03-28,2017-05-01,http://www.aozora.gr.jp/cards/000214/card48852.html,000214,田山,花袋,たやま,かたい,たやま,かたい,Tayama,Katai,著者,1872-01-22,1930-05-13,なし,定本　花袋全集　第二十二巻,臨川書店,1995（平成7）年2月10日,1995（平成7）年2月10日,1995（平成7）年2月10日,草みち,宝文館,1926（大正15）年5月10日,,,,,,,,,tatsuki,小田代歩美,http://www.aozora.gr.jp/cards/000214/files/48852_ruby_49471.zip,2013-01-16,ShiftJIS,JIS X 0208,0,http://www.aozora.gr.jp/cards/000214/files/48852_50019.html,2013-01-16,ShiftJIS,JIS X 0208,0
051378,草みち,くさみち,くさみち,序,じょ,,「草みち」宝文館、1926（大正15）年5月10日,NDC 914,新字旧仮名,なし,2013-03-28,2017-05-01,http://www.aozora.gr.jp/cards/000214/card51378.html,000214,田山,花袋,たやま,かたい,たやま,かたい,Tayama,Katai,著者,1872-01-22,1930-05-13,なし,定本　花袋全集　第二十二巻,臨川書店,1995（平成7）年2月10日,1995（平成7）年2月10日,1995（平成7）年2月10日,草みち,宝文館,1926（大正15）年5月10日,,,,,,,,,tatsuki,小田代歩美,http://www.aozora.gr.jp/cards/000214/files/51378_ruby_49470.zip,2013-01-16,ShiftJIS,JIS X 0208,0,http://www.aozora.gr.jp/cards/000214/files/51378_50020.html,2013-01-16,ShiftJIS,JIS X 0208,0
048853,くづれた土手,くずれたどて,くすれたとて,,,,「若草」1925（大正14）年12月,NDC 913,新字旧仮名,なし,2017-09-09,2017-08-25,http://www.aozora.gr.jp/cards/000214/card48853.html,000214,田山,花袋,たやま,かたい,たやま,かたい,Tayama,Katai,著者,1872-01-22,1930-05-13,なし,定本　花袋全集　第二十二巻,臨川書店,1995（平成7）年2月10日,1995（平成7）年2月10日,1995（平成7）年2月10日,草みち,宝文館,1926（大正15）年5月10日,,,,,,,,,tatsuki,津村田悟,http://www.aozora.gr.jp/cards/000214/files/48853_ruby_62513.zip,2017-08-25,ShiftJIS,JIS X 0208,0,http://www.aozora.gr.jp/cards/000214/files/48853_62555.html,2017-08-25,ShiftJIS,JIS X 0208,0
048125,子供と旅,こどもとたび,こともとたひ,,,,,NDC 914,新字旧仮名,なし,2008-05-05,2014-09-21,http://www.aozora.gr.jp/cards/000214/card48125.html,000214,田山,花袋,たやま,かたい,たやま,かたい,Tayama,Katai,著者,1872-01-22,1930-05-13,なし,日本の名随筆78　育,作品社,1989（平成元）年4月25日,1991（平成3）年9月1日第3刷,1998（平成10）年5月30日第7刷,花袋文話,博文館,1911（明治44）年12月,,,,,,,,,ひより,小林繁雄,http://www.aozora.gr.jp/cards/000214/files/48125_txt_29701.zip,2008-03-25,ShiftJIS,JIS X 0208,0,http://www.aozora.gr.jp/cards/000214/files/48125_30645.html,2008-03-25,ShiftJIS,JIS X 0208,0
004712,重右衛門の最後,じゅうえもんのさいご,しゆうえもんのさいこ,,,,,NDC 913,新字旧仮名,なし,2004-09-18,2014-09-18,http://www.aozora.gr.jp/cards/000214/card4712.html,000214,田山,花袋,たやま,かたい,たやま,かたい,Tayama,Katai,著者,1872-01-22,1930-05-13,なし,筑摩現代文学大系　6　国木田独歩　田山花袋集,筑摩書房 ,1978（昭和53）年11月25日,1980（昭和55）年2月20日初版第2刷,,,,,,,,,,,,,kompass,伊藤時也,http://www.aozora.gr.jp/cards/000214/files/4712_ruby_13745.zip,2004-08-16,ShiftJIS,JIS X 0208,0,http://www.aozora.gr.jp/cards/000214/files/4712_16389.html,2004-08-16,ShiftJIS,JIS X 0208,0
001098,少女病,しょうじょびょう,しようしよひよう,,,,,NDC 913,新字新仮名,なし,2000-09-28,2014-09-17,http://www.aozora.gr.jp/cards/000214/card1098.html,000214,田山,花袋,たやま,かたい,たやま,かたい,Tayama,Katai,著者,1872-01-22,1930-05-13,なし,蒲団・一兵卒,角川文庫、角川書店,1969（昭和44）年10月20日改版初版,1974（昭和49）年11月30日改版8版,,,,,,,,,,,,,久保あきら,伊藤時也,http://www.aozora.gr.jp/cards/000214/files/1098_ruby_4607.zip,2013-05-08,ShiftJIS,JIS X 0208,2,http://www.aozora.gr.jp/cards/000214/files/1098_42470.html,2013-05-08,ShiftJIS,JIS X 0208,1
001672,新茶のかおり,しんちゃのかおり,しんちやのかおり,,,,,NDC 913,新字新仮名,なし,2000-11-04,2014-09-17,http://www.aozora.gr.jp/cards/000214/card1672.html,000214,田山,花袋,たやま,かたい,たやま,かたい,Tayama,Katai,著者,1872-01-22,1930-05-13,なし,日本の名随筆18　夏,作品社,1984（昭和59）年4月25日,,,田山花袋全集　第一五巻,文泉堂書店,1974（昭和49）年3月,,,,,,,,,砂場清隆,Ｔｏｍｏｋｏ．Ｉ,http://www.aozora.gr.jp/cards/000214/files/1672_txt_4841.zip,2004-07-21,ShiftJIS,JIS X 0208,1,http://www.aozora.gr.jp/cards/000214/files/1672_16152.html,2004-07-21,ShiftJIS,JIS X 0208,0
048917,石窟,せっくつ,せつくつ,,,,,NDC 913,新字旧仮名,なし,2009-04-30,2014-09-21,http://www.aozora.gr.jp/cards/000214/card48917.html,000214,田山,花袋,たやま,かたい,たやま,かたい,Tayama,Katai,著者,1872-01-22,1930-05-13,なし,定本　花袋全集　第二十一巻,臨川書店,1995（平成7）年1月10日,1995（平成7）年1月10日,1995（平成7）年1月10日　,アカシヤ,聚芳閣,1925（大正14）年11月10日,,,,,,,,,tatsuki,林幸雄,http://www.aozora.gr.jp/cards/000214/files/48917_txt_34074.zip,2009-04-09,ShiftJIS,JIS X 0208,0,http://www.aozora.gr.jp/cards/000214/files/48917_34784.html,2009-04-09,ShiftJIS,JIS X 0208,0
050207,父の墓,ちちのはか,ちちのはか,,,,「趣味　第4巻第4号」易風社、1909（明治42）年,NDC 914,新字旧仮名,なし,2010-04-09,2014-09-21,http://www.aozora.gr.jp/cards/000214/card50207.html,000214,田山,花袋,たやま,かたい,たやま,かたい,Tayama,Katai,著者,1872-01-22,1930-05-13,なし,ふるさと文学館　第五〇巻　【熊本】,ぎょうせい,1993（平成5）年9月15日,1993（平成5）年9月15日初版,1993（平成5）年9月15日初版,趣味　第4巻4号,易風社,1909（明治42）年,,,,,,,,,林田清明,鈴木厚司,http://www.aozora.gr.jp/cards/000214/files/50207_ruby_37562.zip,2010-03-03,ShiftJIS,JIS X 0208,0,http://www.aozora.gr.jp/cards/000214/files/50207_38445.html,2010-03-03,ShiftJIS,JIS X 0208,0
048928,時子,ときこ,ときこ,,,,「現代　第六巻第一号」実業之日本社、1925（大正14）年1月1日,NDC 913,新字旧仮名,なし,2009-04-30,2014-09-21,http://www.aozora.gr.jp/cards/000214/card48928.html,000214,田山,花袋,たやま,かたい,たやま,かたい,Tayama,Katai,著者,1872-01-22,1930-05-13,なし,定本　花袋全集　第二十一巻,臨川書店,1995（平成7）年1月10日,1995（平成7）年1月10日,1995（平成7）年1月10日　,アカシヤ,聚芳閣,1925（大正14）年11月10日,,,,,,,,,tatsuki,林幸雄,http://www.aozora.gr.jp/cards/000214/files/48928_ruby_34075.zip,2009-04-09,ShiftJIS,JIS X 0208,0,http://www.aozora.gr.jp/cards/000214/files/48928_34785.html,2009-04-09,ShiftJIS,JIS X 0208,0
002950,トコヨゴヨミ,トコヨゴヨミ,とこよこよみ,,,,「早稲田文学」1914（大正3）年3月,NDC 913,新字新仮名,なし,2003-10-09,2014-09-18,http://www.aozora.gr.jp/cards/000214/card2950.html,000214,田山,花袋,たやま,かたい,たやま,かたい,Tayama,Katai,著者,1872-01-22,1930-05-13,なし,日本プロレタリア文学大系　序,三一書房,1955（昭和30）年3月31日,1961（昭和36）年6月20日第2刷,　,,,,,,,,,,,,Nana ohbe,松永正敏,http://www.aozora.gr.jp/cards/000214/files/2950_txt_12262.zip,2003-09-11,ShiftJIS,JIS X 0208,0,http://www.aozora.gr.jp/cards/000214/files/2950_12263.html,2003-09-11,ShiftJIS,JIS X 0208,0
004651,日光,にっこう,につこう,,,,,NDC 915,旧字旧仮名,なし,2004-06-01,2014-09-18,http://www.aozora.gr.jp/cards/000214/card4651.html,000214,田山,花袋,たやま,かたい,たやま,かたい,Tayama,Katai,著者,1872-01-22,1930-05-13,なし,現代日本紀行文学全集　東日本編,ほるぷ出版,1976（昭和51）年8月1日,1976（昭和51）年8月1日初版,,,,,,,,,,,,,林幸雄,松永正敏,http://www.aozora.gr.jp/cards/000214/files/4651_ruby_15316.zip,2004-05-01,ShiftJIS,JIS X 0208,0,http://www.aozora.gr.jp/cards/000214/files/4651_15555.html,2004-05-01,ShiftJIS,JIS X 0208,0
055666,日本橋附近,にほんばしふきん,にほんはしふきん,,,,「東京日日新聞」1927（昭和2）年4月19日〜5月5日,NDC 915,新字新仮名,なし,2013-07-28,2014-09-16,http://www.aozora.gr.jp/cards/000214/card55666.html,000214,田山,花袋,たやま,かたい,たやま,かたい,Tayama,Katai,著者,1872-01-22,1930-05-13,なし,大東京繁昌記,毎日新聞社,1999（平成11）年5月15日,1999（平成11）年5月15日,1999（平成11）年5月15日,,,,,,,,,,,,門田裕志,仙酔ゑびす,http://www.aozora.gr.jp/cards/000214/files/55666_ruby_50616.zip,2013-10-05,ShiftJIS,JIS X 0208,1,http://www.aozora.gr.jp/cards/000214/files/55666_50797.html,2013-10-05,ShiftJIS,JIS X 0208,1
001081,ネギ一束,ネギひとたば,ねきひとたは,,,,,NDC 913,新字新仮名,なし,2000-09-28,2014-09-17,http://www.aozora.gr.jp/cards/000214/card1081.html,000214,田山,花袋,たやま,かたい,たやま,かたい,Tayama,Katai,著者,1872-01-22,1930-05-13,なし,蒲団・一兵卒,角川文庫、角川書店,1969（昭和44）年10月20日改版初版,1974（昭和49）年11月30日改版8版,,,,,,,,,,,,,久保あきら,伊藤時也,http://www.aozora.gr.jp/cards/000214/files/1081_ruby.zip,2001-10-12,ShiftJIS,JIS X 0208,1,http://www.aozora.gr.jp/cards/000214/files/1081.html,2001-10-12,ShiftJIS,JIS X 0208,1
001669,蒲団,ふとん,ふとん,,,,,NDC 913,新字新仮名,なし,2003-01-11,2014-09-17,http://www.aozora.gr.jp/cards/000214/card1669.html,000214,田山,花袋,たやま,かたい,たやま,かたい,Tayama,Katai,著者,1872-01-22,1930-05-13,なし,蒲団・重右衛門の最後,新潮文庫、新潮社,1952（昭和27）年3月15日,1997（平成9）年5月25日72刷,,,,,,,,,,,,,細渕真弓,細渕紀子,http://www.aozora.gr.jp/cards/000214/files/1669_ruby_8218.zip,2013-03-06,ShiftJIS,JIS X 0208,4,http://www.aozora.gr.jp/cards/000214/files/1669_8259.html,2013-03-06,ShiftJIS,JIS X 0208,4
001670,道綱の母,みちつなのはは,みちつなのはは,,,,,NDC 913,旧字旧仮名,なし,2003-04-28,2014-09-17,http://www.aozora.gr.jp/cards/000214/card1670.html,000214,田山,花袋,たやま,かたい,たやま,かたい,Tayama,Katai,著者,1872-01-22,1930-05-13,なし,田山花袋全集　第十二巻,文泉堂書店,1974（昭和49）年1月20日,1974（昭和49）年1月20日,,,,,,,,,,,,,柳沢成雄,松永正敏,http://www.aozora.gr.jp/cards/000214/files/1670_txt_9278.zip,2014-04-23,ShiftJIS,JIS X 0208,1,http://www.aozora.gr.jp/cards/000214/files/1670_9712.html,2014-04-23,ShiftJIS,JIS X 0208,1
004987,耶馬渓の一夜,やばけいのいちや,やはけいのいちや,,,,,NDC 915,新字旧仮名,なし,2004-12-19,2014-09-18,http://www.aozora.gr.jp/cards/000214/card4987.html,000214,田山,花袋,たやま,かたい,たやま,かたい,Tayama,Katai,著者,1872-01-22,1930-05-13,なし,現代日本紀行文学全集　南日本編,ほるぷ出版,1976（昭和51）年8月1日,1976（昭和51）年8月1日初版,1983（昭和58）年12月1日第4刷,,,,,,,,,,,,林幸雄,鈴木厚司,http://www.aozora.gr.jp/cards/000214/files/4987_ruby_16966.zip,2004-11-24,ShiftJIS,JIS X 0208,0,http://www.aozora.gr.jp/cards/000214/files/4987_17039.html,2004-11-24,ShiftJIS,JIS X 0208,0
051285,怪談牡丹灯籠,かいだんぼたんどうろう,かいたんほたんとうろう,01 序,01 じょ,,,NDC 914,新字新仮名,なし,2010-03-24,2014-09-21,http://www.aozora.gr.jp/cards/000141/card51285.html,000141,坪内,逍遥,つぼうち,しょうよう,つほうち,しようよう,Tsubouchi,Shoyo,著者,1859-06-22,1935-02-28,なし,圓朝全集　巻の二,近代文芸資料複刻叢書、世界文庫,1963（昭和38）年7月10日,1963（昭和38）年7月10日,1963（昭和38）年7月10日,,,,,,,,,,,,小林繁雄,仙酔ゑびす,http://www.aozora.gr.jp/cards/000141/files/51285_ruby_38202.zip,2010-02-08,ShiftJIS,JIS X 0208,0,http://www.aozora.gr.jp/cards/000141/files/51285_38199.html,2010-02-08,ShiftJIS,JIS X 0208,0
049438,斎藤緑雨と内田不知菴,さいとうりょくうとうちだふちあん,さいとうりよくうとうちたふちあん,,,,,NDC 910,新字旧仮名,なし,2015-04-06,2015-04-08,http://www.aozora.gr.jp/cards/000141/card49438.html,000141,坪内,逍遥,つぼうち,しょうよう,つほうち,しようよう,Tsubouchi,Shoyo,著者,1859-06-22,1935-02-28,なし,明治文学遊学案内,筑摩書房,2000（平成12）年8月25日,2000（平成12）年8月25日初版第1刷,2000（平成12）年8月25日初版第1刷,柹の蔕,中央公論社,1933（昭和8）年7月5日,,,,,,,,,川山隆,noriko saito,http://www.aozora.gr.jp/cards/000141/files/49438_ruby_56256.zip,2015-04-08,ShiftJIS,JIS X 0208,1,http://www.aozora.gr.jp/cards/000141/files/49438_56067.html,2015-04-08,ShiftJIS,JIS X 0208,1
003609,十歳以前に読んだ本,じっさいいぜんによんだほん,しつさいいせんによんたほん,――明治四十五年六月『少年世界』の為に――,――めいじよんじゅうごねんろくがつ『しょうねんせかい』のために――,,,NDC 916,新字旧仮名,なし,2001-09-12,2014-09-17,http://www.aozora.gr.jp/cards/000141/card3609.html,000141,坪内,逍遥,つぼうち,しょうよう,つほうち,しようよう,Tsubouchi,Shoyo,著者,1859-06-22,1935-02-28,なし,日本の名随筆36　読,作品社,1985（昭和60）年10月25日,1991（平成3）年9月1日第10刷,,逍遥選集　第十二巻,第一書房,1977（昭和52）年10月,,,,,,,,,渡邉つよし,門田裕志,http://www.aozora.gr.jp/cards/000141/files/3609_ruby_3800.zip,2005-01-28,ShiftJIS,JIS X 0208,1,http://www.aozora.gr.jp/cards/000141/files/3609_17701.html,2005-01-28,ShiftJIS,JIS X 0208,0
051359,ロミオとヂュリエット,ロミオとジュリエット,ろみおとしゆりえつと,01 新修「ロミオとヂュリエット」の序,01 しんしゅう「ロミオとジュリエット」のじょ,,,NDC 932,旧字旧仮名,なし,2017-06-22,2017-06-23,http://www.aozora.gr.jp/cards/000141/card51359.html,000141,坪内,逍遥,つぼうち,しょうよう,つほうち,しようよう,Tsubouchi,Shoyo,著者,1859-06-22,1935-02-28,なし,ロミオとヂュリエット　新修シェークスピヤ全集　第二十五卷,中央公論社,1933（昭和8）年10月30日,1933（昭和8）年10月30日,1933（昭和8）年10月30日,,,,,,,,,,,,土屋隆,フクポー,http://www.aozora.gr.jp/cards/000141/files/51359_ruby_61559.zip,2017-04-03,ShiftJIS,JIS X 0208,0,http://www.aozora.gr.jp/cards/000141/files/51359_61598.html,2017-04-03,ShiftJIS,JIS X 0208,0
050115,蒼白い月,あおじろいつき,あおしろいつき,,,,「サンエス」1920（大正9）年7月,NDC 913,新字新仮名,なし,2010-05-26,2014-09-21,http://www.aozora.gr.jp/cards/000023/card50115.html,000023,徳田,秋声,とくだ,しゅうせい,とくた,しゆうせい,Tokuda,Shusei,著者,1872-02-01,1943-11-18,なし,日本文学全集　8　徳田秋声集,集英社,1967（昭和42）年11月12日,1967（昭和42）年11月12日,1980（昭和55）年7月15日5版,,,,,,,,,,,,岡本ゆみ子,米田,http://www.aozora.gr.jp/cards/000023/files/50115_ruby_38217.zip,2010-06-04,ShiftJIS,JIS X 0208,1,http://www.aozora.gr.jp/cards/000023/files/50115_39094.html,2010-06-04,ShiftJIS,JIS X 0208,1
001701,足迹,あしあと,あしあと,,,,「読売新聞」1910（明治43）年7月30日〜11月18日,NDC 913,新字新仮名,なし,2003-03-18,2017-07-30,http://www.aozora.gr.jp/cards/000023/card1701.html,000023,徳田,秋声,とくだ,しゅうせい,とくた,しゆうせい,Tokuda,Shusei,著者,1872-02-01,1943-11-18,なし,日本の文学　9　徳田秋声（一）,中央公論社,1967（昭和42）年9月5日,1971（昭和46）年3月30日第5刷,1974（昭和49）年6月30日第10刷,,,,,,,,,,,,田古嶋香利,久保あきら,http://www.aozora.gr.jp/cards/000023/files/1701_ruby_8098.zip,2017-07-30,ShiftJIS,JIS X 0208,2,http://www.aozora.gr.jp/cards/000023/files/1701_9313.html,2017-07-30,ShiftJIS,JIS X 0208,2
000199,あらくれ,あらくれ,あらくれ,,,,,NDC 913,新字新仮名,なし,2000-06-23,2014-09-17,http://www.aozora.gr.jp/cards/000023/card199.html,000023,徳田,秋声,とくだ,しゅうせい,とくた,しゆうせい,Tokuda,Shusei,著者,1872-02-01,1943-11-18,なし,あらくれ,新潮文庫、新潮社,1949（昭和24）年10月31日発行、1969（昭和44）年6月20日21刷改版,1982（昭和57）年9月15日38刷,,,,,,,,,,,,,久保あきら,湯地光弘,http://www.aozora.gr.jp/cards/000023/files/199_ruby_4177.zip,2011-09-12,ShiftJIS,JIS X 0208,2,http://www.aozora.gr.jp/cards/000023/files/199_44926.html,2011-09-12,ShiftJIS,JIS X 0208,0
001700,新世帯,あらじょたい,あらしよたい,,,,,NDC 913,新字新仮名,なし,2002-01-30,2014-09-17,http://www.aozora.gr.jp/cards/000023/card1700.html,000023,徳田,秋声,とくだ,しゅうせい,とくた,しゆうせい,Tokuda,Shusei,著者,1872-02-01,1943-11-18,なし,日本の文学　9　徳田秋声（一）,中央公論社,1967（昭和42）年9月5日,1971（昭和46）年3月30日第5刷,1974（昭和49）年6月30日第10刷,,,,,,,,,,,,田古嶋香利,久保あきら,http://www.aozora.gr.jp/cards/000023/files/1700_ruby_6147.zip,2011-05-25,ShiftJIS,JIS X 0208,1,http://www.aozora.gr.jp/cards/000023/files/1700_43436.html,2011-05-25,ShiftJIS,JIS X 0208,0
004762,或売笑婦の話,あるばいしょうふのはなし,あるはいしようふのはなし,,,,「中央公論」1920（大正9）年4月,NDC 913,新字旧仮名,なし,2006-03-14,2016-02-03,http://www.aozora.gr.jp/cards/000023/card4762.html,000023,徳田,秋声,とくだ,しゅうせい,とくた,しゆうせい,Tokuda,Shusei,著者,1872-02-01,1943-11-18,なし,現代文学大系　11　徳田秋聲集,筑摩書房,1965（昭和40）年5月10日,1965（昭和40）年5月10日,1965（昭和40）年5月10日,,,,,,,,,,,,高柳典子,土屋隆,http://www.aozora.gr.jp/cards/000023/files/4762_ruby_21354.zip,2016-02-03,ShiftJIS,JIS X 0208,1,http://www.aozora.gr.jp/cards/000023/files/4762_21625.html,2016-02-03,ShiftJIS,JIS X 0208,1
001699,仮装人物,かそうじんぶつ,かそうしんふつ,,,,,NDC 913,新字新仮名,なし,2001-05-17,2014-09-17,http://www.aozora.gr.jp/cards/000023/card1699.html,000023,徳田,秋声,とくだ,しゅうせい,とくた,しゆうせい,Tokuda,Shusei,著者,1872-02-01,1943-11-18,なし,現代日本文学館８　徳田秋声,文藝春秋,1969（昭和44）年7月1日,,,,,,,,,,,,,,久保あきら,湯地光弘,http://www.aozora.gr.jp/cards/000023/files/1699_ruby_1922.zip,2012-01-26,ShiftJIS,JIS X 0208,5,http://www.aozora.gr.jp/cards/000023/files/1699_46893.html,2012-01-26,ShiftJIS,JIS X 0208,1
001702,黴,かび,かひ,,,,「東京朝日新聞」1911（明治44）年8月1日〜11月3日,NDC 913,新字新仮名,なし,2002-01-30,2017-07-30,http://www.aozora.gr.jp/cards/000023/card1702.html,000023,徳田,秋声,とくだ,しゅうせい,とくた,しゆうせい,Tokuda,Shusei,著者,1872-02-01,1943-11-18,なし,日本の文学　9　徳田秋声（一）,中央公論社,1967（昭和42）年9月5日,1971（昭和46）年3月30日第5刷,1974（昭和49）年6月30日第10刷,,,,,,,,,,,,田古嶋香利,久保あきら,http://www.aozora.gr.jp/cards/000023/files/1702_ruby_6150.zip,2017-07-30,ShiftJIS,JIS X 0208,2,http://www.aozora.gr.jp/cards/000023/files/1702_62367.html,2017-07-30,ShiftJIS,JIS X 0208,0
002951,躯,からだ,からた,,,,,NDC 913,新字新仮名,なし,2001-12-17,2014-09-17,http://www.aozora.gr.jp/cards/000023/card2951.html,000023,徳田,秋声,とくだ,しゅうせい,とくた,しゆうせい,Tokuda,Shusei,著者,1872-02-01,1943-11-18,なし,日本プロレタリア文学大系（序）,三一書房,1955（昭和30）年3月31日,1961（昭和36）年6月20日第2刷,,,,,,,,,,,,,Nana ohbe,林幸雄,http://www.aozora.gr.jp/cards/000023/files/2951_ruby_5662.zip,2012-09-13,ShiftJIS,JIS X 0208,1,http://www.aozora.gr.jp/cards/000023/files/2951_48802.html,2012-09-13,ShiftJIS,JIS X 0208,0
004629,霧ヶ峰から鷲ヶ峰へ,きりがみねからわしがみねへ,きりかみねからわしかみねへ,,,,「東京日日新聞」1934（昭和9）年9月26～27日,NDC 915,新字旧仮名,なし,2004-03-31,2014-09-18,http://www.aozora.gr.jp/cards/000023/card4629.html,000023,徳田,秋声,とくだ,しゅうせい,とくた,しゆうせい,Tokuda,Shusei,著者,1872-02-01,1943-11-18,なし,現代日本紀行文学全集　中部日本編,ほるぷ出版,1976（昭和51）年8月1日,1976（昭和51）年8月1日初版,1983（昭和58）年12月1日第4刷,,,,,,,,,,,,林幸雄,鈴木厚司,http://www.aozora.gr.jp/cards/000023/files/4629_ruby_14588.zip,2004-02-19,ShiftJIS,JIS X 0208,0,http://www.aozora.gr.jp/cards/000023/files/4629_14863.html,2004-02-19,ShiftJIS,JIS X 0208,0
001698,縮図,しゅくず,しゆくす,,,,,NDC 913,新字新仮名,なし,2000-12-11,2014-09-17,http://www.aozora.gr.jp/cards/000023/card1698.html,000023,徳田,秋声,とくだ,しゅうせい,とくた,しゆうせい,Tokuda,Shusei,著者,1872-02-01,1943-11-18,なし,現代日本文学館8　徳田秋声,文藝春秋,1969（昭和44）年7月1日,,,,,,,,,,,,,,久保あきら,松永正敏,http://www.aozora.gr.jp/cards/000023/files/1698_ruby_4968.zip,2012-01-23,ShiftJIS,JIS X 0208,2,http://www.aozora.gr.jp/cards/000023/files/1698_46840.html,2012-01-23,ShiftJIS,JIS X 0208,0
000948,絶望,ぜつぼう,せつほう,,,,,NDC 913,旧字旧仮名,なし,1999-02-12,2014-09-17,http://www.aozora.gr.jp/cards/000023/card948.html,000023,徳田,秋声,とくだ,しゅうせい,とくた,しゆうせい,Tokuda,Shusei,著者,1872-02-01,1943-11-18,なし,明治文學全集68　徳田秋聲集,筑摩書房,,,,,,,,,,,,,,,網迫,awatase,http://www.aozora.gr.jp/cards/000023/files/948_ruby_21312.zip,2006-01-06,ShiftJIS,JIS X 0208,2,http://www.aozora.gr.jp/cards/000023/files/948_21313.html,2006-01-06,ShiftJIS,JIS X 0208,0
050188,挿話,そうわ,そうわ,,,,「中央公論」1925（大正14）年1月,NDC 913,新字新仮名,なし,2010-06-30,2014-09-21,http://www.aozora.gr.jp/cards/000023/card50188.html,000023,徳田,秋声,とくだ,しゅうせい,とくた,しゆうせい,Tokuda,Shusei,著者,1872-02-01,1943-11-18,なし,日本文学全集　8　徳田秋声集,集英社,1967（昭和42）年11月12日,1967（昭和42）年11月12日,1980（昭和55）年8月8日5版,,,,,,,,,,,,岡本ゆみ子,米田,http://www.aozora.gr.jp/cards/000023/files/50188_ruby_38349.zip,2010-05-24,ShiftJIS,JIS X 0208,0,http://www.aozora.gr.jp/cards/000023/files/50188_39399.html,2010-05-24,ShiftJIS,JIS X 0208,0
001703,爛,ただれ,たたれ,,,,,NDC 913,新字新仮名,なし,2003-06-14,2014-09-17,http://www.aozora.gr.jp/cards/000023/card1703.html,000023,徳田,秋声,とくだ,しゅうせい,とくた,しゆうせい,Tokuda,Shusei,著者,1872-02-01,1943-11-18,なし,日本の文学　9　徳田秋声（一）,中央公論社,1967（昭和42）年9月5日,1971（昭和46）年3月30日第5刷,1974（昭和49）年6月30日第10刷,,,,,,,,,,,,田古嶋香利,久保あきら,http://www.aozora.gr.jp/cards/000023/files/1703_ruby_10317.zip,2003-05-27,ShiftJIS,JIS X 0208,0,http://www.aozora.gr.jp/cards/000023/files/1703_10320.html,2003-05-27,ShiftJIS,JIS X 0208,0
004766,チビの魂,チビのたましい,ちひのたましい,,,,「改造」1935（昭和10）年6月,NDC 913,新字旧仮名,なし,2007-06-05,2014-09-21,http://www.aozora.gr.jp/cards/000023/card4766.html,000023,徳田,秋声,とくだ,しゅうせい,とくた,しゆうせい,Tokuda,Shusei,著者,1872-02-01,1943-11-18,なし,現代文学大系　11　徳田秋声集,筑摩書房,1965（昭和40）年5月10日,1965（昭和40）年5月10日,1965（昭和40）年5月10日,,,,,,,,,,,,高柳典子,土屋隆,http://www.aozora.gr.jp/cards/000023/files/4766_ruby_26649.zip,2007-04-24,ShiftJIS,JIS X 0208,0,http://www.aozora.gr.jp/cards/000023/files/4766_26669.html,2007-04-24,ShiftJIS,JIS X 0208,0
004767,のらもの,のらもの,のらもの,,,,「中央公論」1937（昭和12）年3月,NDC 913,新字旧仮名,なし,2007-06-11,2014-09-21,http://www.aozora.gr.jp/cards/000023/card4767.html,000023,徳田,秋声,とくだ,しゅうせい,とくた,しゆうせい,Tokuda,Shusei,著者,1872-02-01,1943-11-18,なし,現代文学大系　11　徳田秋声集,筑摩書房,1965（昭和40）年5月10日,1965（昭和40）年5月10日,1965（昭和40）年5月10日,,,,,,,,,,,,高柳典子,土屋隆,http://www.aozora.gr.jp/cards/000023/files/4767_ruby_26650.zip,2007-04-24,ShiftJIS,JIS X 0208,0,http://www.aozora.gr.jp/cards/000023/files/4767_26672.html,2007-04-24,ShiftJIS,JIS X 0208,0
050570,媒介者,ばいかいしゃ,はいかいしや,,,,「東亞文藝　第一卷第四號」1909（明治42）年4月,NDC 913,旧字旧仮名,なし,2010-10-08,2014-09-21,http://www.aozora.gr.jp/cards/000023/card50570.html,000023,徳田,秋声,とくだ,しゅうせい,とくた,しゆうせい,Tokuda,Shusei,著者,1872-02-01,1943-11-18,なし,發禁作品集,八雲書店,1948（昭和23）年9月1日,1948（昭和23）年9月1日,1948（昭和23）年9月1日,,,,,,,,,,,,林幸雄,宮城高志,http://www.aozora.gr.jp/cards/000023/files/50570_ruby_39501.zip,2010-09-05,ShiftJIS,JIS X 0208,0,http://www.aozora.gr.jp/cards/000023/files/50570_40549.html,2010-09-05,ShiftJIS,JIS X 0208,0
004763,花が咲く,はながさく,はなかさく,,,,「改造」1924（大正13）年4月,NDC 913,新字旧仮名,なし,2007-06-11,2014-09-21,http://www.aozora.gr.jp/cards/000023/card4763.html,000023,徳田,秋声,とくだ,しゅうせい,とくた,しゆうせい,Tokuda,Shusei,著者,1872-02-01,1943-11-18,なし,現代文学大系　11　徳田秋声集,筑摩書房,1965（昭和40）年5月10日,1965（昭和40）年5月10日,1965（昭和40）年5月10日,,,,,,,,,,,,高柳典子,土屋隆,http://www.aozora.gr.jp/cards/000023/files/4763_ruby_26651.zip,2007-04-24,ShiftJIS,JIS X 0208,0,http://www.aozora.gr.jp/cards/000023/files/4763_26673.html,2007-04-24,ShiftJIS,JIS X 0208,0
004764,風呂桶,ふろおけ,ふろおけ,,,,「改造」1924（大正13）年8月,NDC 913,新字旧仮名,なし,2007-06-08,2014-09-21,http://www.aozora.gr.jp/cards/000023/card4764.html,000023,徳田,秋声,とくだ,しゅうせい,とくた,しゆうせい,Tokuda,Shusei,著者,1872-02-01,1943-11-18,なし,現代文学大系　11　徳田秋声集,筑摩書房,1965（昭和40）年5月10日,1965（昭和40）年5月10日,1965（昭和40）年5月10日,,,,,,,,,,,,高柳典子,土屋隆,http://www.aozora.gr.jp/cards/000023/files/4764_ruby_26652.zip,2007-04-24,ShiftJIS,JIS X 0208,0,http://www.aozora.gr.jp/cards/000023/files/4764_26670.html,2007-04-24,ShiftJIS,JIS X 0208,0
004765,町の踊り場,まちのおどりば,まちのおとりは,,,,「経済往来」1933（昭和8）年3月,NDC 913,新字旧仮名,なし,2007-06-08,2014-09-21,http://www.aozora.gr.jp/cards/000023/card4765.html,000023,徳田,秋声,とくだ,しゅうせい,とくた,しゆうせい,Tokuda,Shusei,著者,1872-02-01,1943-11-18,なし,現代文学大系　11　徳田秋声集,筑摩書房,1965（昭和40）年5月10日,1965（昭和40）年5月10日,1965（昭和40）年5月10日,,,,,,,,,,,,高柳典子,土屋隆,http://www.aozora.gr.jp/cards/000023/files/4765_ruby_26653.zip,2007-04-24,ShiftJIS,JIS X 0208,0,http://www.aozora.gr.jp/cards/000023/files/4765_26671.html,2007-04-24,ShiftJIS,JIS X 0208,0
003512,和解,わかい,わかい,,,,「新潮」1933（昭和8）年6月,NDC 913,新字旧仮名,なし,2003-11-14,2014-09-18,http://www.aozora.gr.jp/cards/000023/card3512.html,000023,徳田,秋声,とくだ,しゅうせい,とくた,しゆうせい,Tokuda,Shusei,著者,1872-02-01,1943-11-18,なし,徳田秋声全集　第十七巻,八木書店,1999(平成11)年1月18日,1999(平成11)年1月18日初版,1999(平成11)年1月18日初版,,,,,,,,,,,,kompass,高柳典子,http://www.aozora.gr.jp/cards/000023/files/3512_ruby_13336.zip,2003-10-23,ShiftJIS,JIS X 0208,0,http://www.aozora.gr.jp/cards/000023/files/3512_13503.html,2003-10-23,ShiftJIS,JIS X 0208,0
004988,佗しい放浪の旅,わびしいほうろうのたび,わひしいほうろうのたひ,,,,,NDC 915,新字旧仮名,なし,2004-03-31,2014-09-18,http://www.aozora.gr.jp/cards/000023/card4988.html,000023,徳田,秋声,とくだ,しゅうせい,とくた,しゆうせい,Tokuda,Shusei,著者,1872-02-01,1943-11-18,なし,現代日本紀行文学全集　南日本編,ほるぷ出版,1976（昭和51）年8月1日,1976（昭和51）年8月1日初版,1983（昭和58）年12月1日第4刷,,,,,,,,,,,,林幸雄,鈴木厚司,http://www.aozora.gr.jp/cards/000023/files/4988_ruby_14589.zip,2004-02-19,ShiftJIS,JIS X 0208,0,http://www.aozora.gr.jp/cards/000023/files/4988_14862.html,2004-02-19,ShiftJIS,JIS X 0208,0
002314,イズムの功過,イズムのこうか,いすむのこうか,,,,,NDC 914,新字新仮名,なし,1999-08-04,2014-09-17,http://www.aozora.gr.jp/cards/000148/card2314.html,000148,夏目,漱石,なつめ,そうせき,なつめ,そうせき,Natsume,Soseki,著者,1867-02-09,1916-12-09,なし,漱石文明論集,岩波文庫、岩波書店,1986（昭和61）年10月16日,1998（平成10）年7月24日第26刷,1999（平成11）年4月26日第27刷,,,,,,,,,,,,柴田卓治,福地博文,http://www.aozora.gr.jp/cards/000148/files/2314_ruby_2291.zip,2003-10-28,ShiftJIS,JIS X 0208,2,http://www.aozora.gr.jp/cards/000148/files/2314_13564.html,2003-10-28,ShiftJIS,JIS X 0208,0
001086,一夜,いちや,いちや,,,,,NDC 913,新字新仮名,なし,2000-09-11,2014-09-17,http://www.aozora.gr.jp/cards/000148/card1086.html,000148,夏目,漱石,なつめ,そうせき,なつめ,そうせき,Natsume,Soseki,著者,1867-02-09,1916-12-09,なし,夏目漱石全集2,ちくま文庫、筑摩書房,1987（昭和62）年10月27日,1987（昭和62）年10月27日第1刷,,筑摩全集類聚版夏目漱石全集,筑摩書房,1971（昭和46）年4月～1972（昭和47）年1月,,,,,,,,,柴田卓治,LUNA CAT,http://www.aozora.gr.jp/cards/000148/files/1086_ruby_5742.zip,2011-12-05,ShiftJIS,JIS X 0208,3,http://www.aozora.gr.jp/cards/000148/files/1086_14935.html,2011-12-05,ShiftJIS,JIS X 0208,1
000758,永日小品,えいじつしょうひん,えいしつしようひん,,,,1909（明治42）年1～3月,NDC 914,新字新仮名,なし,1999-06-14,2014-09-17,http://www.aozora.gr.jp/cards/000148/card758.html,000148,夏目,漱石,なつめ,そうせき,なつめ,そうせき,Natsume,Soseki,著者,1867-02-09,1916-12-09,なし,夏目漱石全集10,ちくま文庫、筑摩書房,1988（昭和63）年7月26日,1988（昭和63）年7月26日第1刷,,筑摩全集類聚版夏目漱石全集,筑摩書房,1971（昭和46）年4月～1972（昭和47）年1月,,,,,,,,,柴田卓治,大野晋,http://www.aozora.gr.jp/cards/000148/files/758_ruby_6056.zip,2011-01-13,ShiftJIS,JIS X 0208,4,http://www.aozora.gr.jp/cards/000148/files/758_14936.html,2011-01-13,ShiftJIS,JIS X 0208,1
002669,岡本一平著並画『探訪画趣』序,おかもといっぺいちょならびにが『たんぼうがしゅ』じょ,おかもといつへいちよならひにかたんほうかしゆしよ,,,,,NDC 914,新字新仮名,なし,2002-05-27,2014-09-17,http://www.aozora.gr.jp/cards/000148/card2669.html,000148,夏目,漱石,なつめ,そうせき,なつめ,そうせき,Natsume,Soseki,著者,1867-02-09,1916-12-09,なし,筑摩全集類聚版　夏目漱石全集　10,筑摩書房,1972（昭和47）年1月10日,1972（昭和47）年1月10日第1刷,,,,,,,,,,,,,Nana ohbe,米田進,http://www.aozora.gr.jp/cards/000148/files/2669_ruby_6341.zip,2003-05-11,ShiftJIS,JIS X 0208,1,http://www.aozora.gr.jp/cards/000148/files/2669_6501.html,2003-05-11,ShiftJIS,JIS X 0208,1
000792,思い出す事など,おもいだすことなど,おもいたすことなと,,,,「朝日新聞」1910（明治43）年10月～1911（明治44）年4月,NDC 914,新字新仮名,なし,1999-06-26,2014-09-17,http://www.aozora.gr.jp/cards/000148/card792.html,000148,夏目,漱石,なつめ,そうせき,なつめ,そうせき,Natsume,Soseki,著者,1867-02-09,1916-12-09,なし,夏目漱石全集7,ちくま文庫、筑摩書房,1988（昭和63）年4月26日,1988（昭和63）年4月26日第1刷,1996（平成8）年3月1日第3刷,筑摩全集類聚版夏目漱石全集,筑摩書房,1971（昭和46）年4月～1972（昭和47）年1月,,,,,,,,,柴田卓治,伊藤時也,http://www.aozora.gr.jp/cards/000148/files/792_ruby_2117.zip,2011-01-13,ShiftJIS,JIS X 0208,4,http://www.aozora.gr.jp/cards/000148/files/792_14937.html,2011-01-13,ShiftJIS,JIS X 0208,1
001046,カーライル博物館,カーライルはくぶつかん,かあらいるはくふつかん,,,,,NDC 914,新字新仮名,なし,2000-08-31,2014-09-17,http://www.aozora.gr.jp/cards/000148/card1046.html,000148,夏目,漱石,なつめ,そうせき,なつめ,そうせき,Natsume,Soseki,著者,1867-02-09,1916-12-09,なし,夏目漱石全集2,ちくま文庫、筑摩書房,1987（昭和62）年10月27日,1987（昭和62）年10月27日第1刷,,筑摩全集類聚版夏目漱石全集,筑摩書房,1971（昭和46）年4月～1972（昭和47）年1月,,,,,,,,,柴田卓治,LUNA CAT,http://www.aozora.gr.jp/cards/000148/files/1046_ruby_4521.zip,2004-02-26,ShiftJIS,JIS X 0208,1,http://www.aozora.gr.jp/cards/000148/files/1046_14938.html,2004-02-26,ShiftJIS,JIS X 0208,0
000769,薤露行,かいろこう,かいろこう,,,,,NDC 913,新字新仮名,なし,1998-09-20,2014-09-17,http://www.aozora.gr.jp/cards/000148/card769.html,000148,夏目,漱石,なつめ,そうせき,なつめ,そうせき,Natsume,Soseki,著者,1867-02-09,1916-12-09,なし,倫敦塔・幻影の盾　他五篇,岩波文庫、岩波書店,1930（昭和5）年12月20日、1990（平成2）年4月16日第23刷改版,1997（平成9）年1月16日第29刷,,,,,,,,,,,,,鈴木厚司,藤本篤子,http://www.aozora.gr.jp/cards/000148/files/769_ruby_565.zip,2004-02-26,ShiftJIS,JIS X 0208,4,http://www.aozora.gr.jp/cards/000148/files/769_14939.html,2004-02-26,ShiftJIS,JIS X 0208,0
002383,学者と名誉,がくしゃとめいよ,かくしやとめいよ,,,,,NDC 914,新字新仮名,なし,1999-08-13,2014-09-17,http://www.aozora.gr.jp/cards/000148/card2383.html,000148,夏目,漱石,なつめ,そうせき,なつめ,そうせき,Natsume,Soseki,著者,1867-02-09,1916-12-09,なし,漱石文明論集,岩波文庫、岩波書店,1986（昭和61）年10月16日,1998（平成10）年7月24日第26刷,1999（平成11）年4月26日第27刷,漱石全集　第8、11～16巻,岩波書店,1985（昭和60）～1986（昭和61）年,,,,,,,,,柴田卓治,しず,http://www.aozora.gr.jp/cards/000148/files/2383_ruby_2323.zip,2003-10-28,ShiftJIS,JIS X 0208,2,http://www.aozora.gr.jp/cards/000148/files/2383_13558.html,2003-10-28,ShiftJIS,JIS X 0208,0
000760,硝子戸の中,がらすどのうち,からすとのうち,,,,「朝日新聞」1915（大正4）年1月13日～2月23日,NDC 914,新字新仮名,なし,1999-08-22,2014-09-17,http://www.aozora.gr.jp/cards/000148/card760.html,000148,夏目,漱石,なつめ,そうせき,なつめ,そうせき,Natsume,Soseki,著者,1867-02-09,1916-12-09,なし,夏目漱石全集10,ちくま文庫、筑摩書房,1988（昭和63）年7月26日,1988（昭和63）年7月26日第1刷,,筑摩全集類聚版夏目漱石全集,筑摩書房,1971（昭和46）年4月～1972（昭和47）年1月,,,,,,,,,柴田卓治,大野晋,http://www.aozora.gr.jp/cards/000148/files/760_ruby_2341.zip,2012-09-09,ShiftJIS,JIS X 0208,6,http://www.aozora.gr.jp/cards/000148/files/760_14940.html,2012-09-09,ShiftJIS,JIS X 0208,1
002674,元日,がんじつ,かんしつ,,,,「朝日新聞」1910（明治43）年1月1日,NDC 914,新字新仮名,なし,2002-05-27,2014-09-17,http://www.aozora.gr.jp/cards/000148/card2674.html,000148,夏目,漱石,なつめ,そうせき,なつめ,そうせき,Natsume,Soseki,著者,1867-02-09,1916-12-09,なし,筑摩全集類聚版　夏目漱石全集　10,筑摩書房,1972（昭和47）年1月10日,1972（昭和47）年1月10日第1刷,,,,,,,,,,,,,Nana ohbe,米田進,http://www.aozora.gr.jp/cards/000148/files/2674_ruby_6327.zip,2003-05-11,ShiftJIS,JIS X 0208,1,http://www.aozora.gr.jp/cards/000148/files/2674_6494.html,2003-05-11,ShiftJIS,JIS X 0208,1
002670,木下杢太郎『唐草表紙』序,きのしたもくたろう『からくさひょうし』じょ,きのしたもくたろうからくさひようししよ,,,,,NDC 914,新字新仮名,なし,2002-05-27,2014-09-17,http://www.aozora.gr.jp/cards/000148/card2670.html,000148,夏目,漱石,なつめ,そうせき,なつめ,そうせき,Natsume,Soseki,著者,1867-02-09,1916-12-09,なし,筑摩全集類聚版　夏目漱石全集　10,筑摩書房,1972（昭和47）年1月10日,1972（昭和47）年1月10日第1刷,,,,,,,,,,,,,Nana ohbe,米田進,http://www.aozora.gr.jp/cards/000148/files/2670_ruby_6329.zip,2003-05-11,ShiftJIS,JIS X 0208,1,http://www.aozora.gr.jp/cards/000148/files/2670_6495.html,2003-05-11,ShiftJIS,JIS X 0208,1
000778,教育と文芸,きょういくとぶんげい,きよういくとふんけい,,,,,NDC 914,新字新仮名,なし,1999-08-04,2014-09-17,http://www.aozora.gr.jp/cards/000148/card778.html,000148,夏目,漱石,なつめ,そうせき,なつめ,そうせき,Natsume,Soseki,著者,1867-02-09,1916-12-09,なし,漱石文明論集,岩波文庫、岩波書店,1986（昭和61）年10月16日,1998（平成10）年7月24日第26刷,1999（平成11）年4月26日第27刷,,,,,,,,,,,,柴田卓治,福地博文,http://www.aozora.gr.jp/cards/000148/files/778_ruby_2283.zip,2003-10-28,ShiftJIS,JIS X 0208,2,http://www.aozora.gr.jp/cards/000148/files/778_13563.html,2003-10-28,ShiftJIS,JIS X 0208,0
000777,京に着ける夕,きょうにつけるゆうべ,きようにつけるゆうへ,,,,「京に着ける夕」1910（明治43）年3月　大阪朝日新聞,NDC 914,新字新仮名,なし,1999-05-12,2014-09-17,http://www.aozora.gr.jp/cards/000148/card777.html,000148,夏目,漱石,なつめ,そうせき,なつめ,そうせき,Natsume,Soseki,著者,1867-02-09,1916-12-09,なし,夏目漱石全集10,ちくま文庫、筑摩書房,1988（昭和63）年7月26日,,1996（平成8）年7月15日第5刷,筑摩全集類聚版夏目漱石全集,筑摩書房,1971（昭和46）年4月～1972（昭和47）年1月刊行,,,,,,,,,柴田卓治,大野晋,http://www.aozora.gr.jp/cards/000148/files/777_ruby_1717.zip,2011-05-25,ShiftJIS,JIS X 0208,2,http://www.aozora.gr.jp/cards/000148/files/777_43437.html,2011-05-25,ShiftJIS,JIS X 0208,0
002373,虚子君へ,きょしくんへ,きよしくんへ,,,,,NDC 772 914,新字新仮名,なし,1999-06-14,2014-09-17,http://www.aozora.gr.jp/cards/000148/card2373.html,000148,夏目,漱石,なつめ,そうせき,なつめ,そうせき,Natsume,Soseki,著者,1867-02-09,1916-12-09,なし,夏目漱石全集10,ちくま文庫、筑摩書房,1988（昭和63）年7月26日,1988（昭和63）年7月26日第1刷,,筑摩全集類聚版夏目漱石全集,筑摩書房,1971（昭和46）年4月～1972（昭和47）年1月刊行,,,,,,,,,柴田卓治,大野晋,http://www.aozora.gr.jp/cards/000148/files/2373_ruby_2077.zip,2003-11-28,ShiftJIS,JIS X 0208,2,http://www.aozora.gr.jp/cards/000148/files/2373_13940.html,2003-11-28,ShiftJIS,JIS X 0208,0
000776,草枕,くさまくら,くさまくら,,,,「新小説」1906（明治39）年9月,NDC 913,新字新仮名,なし,1999-02-17,2014-09-17,http://www.aozora.gr.jp/cards/000148/card776.html,000148,夏目,漱石,なつめ,そうせき,なつめ,そうせき,Natsume,Soseki,著者,1867-02-09,1916-12-09,なし,夏目漱石全集3,ちくま文庫、筑摩書房,1987（昭和62）年12月1日,1987（昭和62）年12月1日第1刷,1998（平成10）年10月5日第4刷,筑摩全集類聚版夏目漱石全集,筑摩書房,1971（昭和46）年4月～1972（昭和47）年1月,,,,,,,,,柴田卓治,伊藤時也,http://www.aozora.gr.jp/cards/000148/files/776_ruby_6020.zip,2011-05-21,ShiftJIS,JIS X 0208,5,http://www.aozora.gr.jp/cards/000148/files/776_14941.html,2011-05-21,ShiftJIS,JIS X 0208,2
000761,虞美人草,ぐびじんそう,くひしんそう,,,,「朝日新聞」1907（明治40）年6～10月,NDC 913,新字新仮名,なし,1999-04-03,2014-09-17,http://www.aozora.gr.jp/cards/000148/card761.html,000148,夏目,漱石,なつめ,そうせき,なつめ,そうせき,Natsume,Soseki,著者,1867-02-09,1916-12-09,なし,夏目漱石全集4,ちくま文庫、筑摩書房,1988（昭和63）年1月26日,1988（昭和63）年1月26日第1刷,1994（平成6）年4月10日第2刷,筑摩全集類聚版夏目漱石全集,筑摩書房,1971（昭和46）年4月～1972（昭和47）年1月,,,,,,,,,柴田卓治,伊藤時也,http://www.aozora.gr.jp/cards/000148/files/761_ruby_1861.zip,2004-01-31,ShiftJIS,JIS X 0208,3,http://www.aozora.gr.jp/cards/000148/files/761_14485.html,2004-01-31,ShiftJIS,JIS X 0208,0
000770,ケーベル先生,ケーベルせんせい,けえへるせんせい,,,,,NDC 914,新字新仮名,なし,1999-05-12,2014-09-17,http://www.aozora.gr.jp/cards/000148/card770.html,000148,夏目,漱石,なつめ,そうせき,なつめ,そうせき,Natsume,Soseki,著者,1867-02-09,1916-12-09,なし,夏目漱石全集10,ちくま文庫、筑摩書房,1988（昭和63）年7月26日,,,筑摩全集類聚版夏目漱石全集,筑摩書房,1971（昭和46）年4月～1972（昭和47）年1月刊行,,,,,,,,,柴田卓治,大野晋,http://www.aozora.gr.jp/cards/000148/files/770_ruby_1713.zip,2011-05-29,ShiftJIS,JIS X 0208,2,http://www.aozora.gr.jp/cards/000148/files/770_43504.html,2011-05-29,ShiftJIS,JIS X 0208,0
000771,ケーベル先生の告別,ケーベルせんせいのこくべつ,けえへるせんせいのこくへつ,,,,,NDC 914,新字新仮名,なし,1999-09-09,2014-09-17,http://www.aozora.gr.jp/cards/000148/card771.html,000148,夏目,漱石,なつめ,そうせき,なつめ,そうせき,Natsume,Soseki,著者,1867-02-09,1916-12-09,なし,硝子戸の中,角川文庫、角川書店,1954（昭和29）年6月10日,1994（平成6）年3月10日改版21版,1988（昭和63）年5月30日改版19版,,,,,,,,,,,,柴田卓治,しず,http://www.aozora.gr.jp/cards/000148/files/771_ruby_2407.zip,2003-11-21,ShiftJIS,JIS X 0208,1,http://www.aozora.gr.jp/cards/000148/files/771_13905.html,2003-11-21,ShiftJIS,JIS X 0208,0
000759,現代日本の開化,げんだいにほんのかいか,けんたいにほんのかいか,,,,,NDC 914,新字新仮名,なし,2000-02-01,2014-09-17,http://www.aozora.gr.jp/cards/000148/card759.html,000148,夏目,漱石,なつめ,そうせき,なつめ,そうせき,Natsume,Soseki,著者,1867-02-09,1916-12-09,なし,夏目漱石全集10,ちくま文庫、筑摩書房,1988（昭和63）年7月26日,1988（昭和63）年7月26日第1刷,,筑摩全集類聚版夏目漱石全集,筑摩書房,1971（昭和46）年4月～1972（昭和47）年1月,,,,,,,,,柴田卓治,大野晋,http://www.aozora.gr.jp/cards/000148/files/759_ruby_3240.zip,2011-09-08,ShiftJIS,JIS X 0208,2,http://www.aozora.gr.jp/cards/000148/files/759_44901.html,2011-09-08,ShiftJIS,JIS X 0208,0
000775,行人,こうじん,こうしん,,,,「朝日新聞」1912（大正元）年12月～1913（大正2）年11月,NDC 913,新字新仮名,なし,1999-06-13,2014-09-17,http://www.aozora.gr.jp/cards/000148/card775.html,000148,夏目,漱石,なつめ,そうせき,なつめ,そうせき,Natsume,Soseki,著者,1867-02-09,1916-12-09,なし,夏目漱石全集7,ちくま文庫、筑摩書房,1988（昭和63）年4月26日,1988（昭和63）年4月26日第1刷,1996（平成8）年3月1日第3刷,筑摩全集類聚版夏目漱石全集,筑摩書房,1971（昭和46）年4月～1972（昭和47）年1月,,,,,,,,,柴田卓治,伊藤時也,http://www.aozora.gr.jp/cards/000148/files/775_ruby_2064.zip,2004-02-26,ShiftJIS,JIS X 0208,2,http://www.aozora.gr.jp/cards/000148/files/775_14942.html,2004-02-26,ShiftJIS,JIS X 0208,0
000774,坑夫,こうふ,こうふ,,,,「朝日新聞」1908（明治41）年1～4月,NDC 913,新字新仮名,なし,1999-04-13,2014-09-17,http://www.aozora.gr.jp/cards/000148/card774.html,000148,夏目,漱石,なつめ,そうせき,なつめ,そうせき,Natsume,Soseki,著者,1867-02-09,1916-12-09,なし,夏目漱石全集4,ちくま文庫、筑摩書房,1988（昭和63）年1月26日,1988（昭和63）年1月26日第1刷,1994（平成6）年4月10日第2刷,筑摩全集類聚版夏目漱石全集,筑摩書房,1971（昭和46）年4月～1972（昭和47）年1月,,,,,,,,,柴田卓治,伊藤時也,http://www.aozora.gr.jp/cards/000148/files/774_ruby_1640.zip,2004-02-26,ShiftJIS,JIS X 0208,3,http://www.aozora.gr.jp/cards/000148/files/774_14943.html,2004-02-26,ShiftJIS,JIS X 0208,0
000773,こころ,こころ,こころ,,,,「朝日新聞」1914（大正3）年4～8月,NDC 913,新字新仮名,なし,1999-07-31,2014-09-17,http://www.aozora.gr.jp/cards/000148/card773.html,000148,夏目,漱石,なつめ,そうせき,なつめ,そうせき,Natsume,Soseki,著者,1867-02-09,1916-12-09,なし,こころ,集英社文庫、集英社,1991（平成3）年2月25日,1995（平成7）年6月14日第10刷,1996（平成8）年6月30日第14刷,,,,,,,,,,,,j.utiyama,伊藤時也,http://www.aozora.gr.jp/cards/000148/files/773_ruby_5968.zip,2010-10-31,ShiftJIS,JIS X 0208,12,http://www.aozora.gr.jp/cards/000148/files/773_14560.html,2010-10-31,ShiftJIS,JIS X 0208,3
004689,『心』広告文,『こころ』こうこくぶん,こころこうこくふん,,,,「時事新報」1914（大正3）年9月26日,NDC 916,新字旧仮名,なし,2003-04-19,2014-09-17,http://www.aozora.gr.jp/cards/000148/card4689.html,000148,夏目,漱石,なつめ,そうせき,なつめ,そうせき,Natsume,Soseki,著者,1867-02-09,1916-12-09,なし,漱石全集　第十六巻,岩波書店,1995（平成7）年4月19日,1995（平成7）年4月19日,1995（平成7）年4月19日,漱石全集　第十一巻,岩波書店,1966（昭和41）年10月,,,,,,,,,砂場清隆,小林繁雄,http://www.aozora.gr.jp/cards/000148/files/4689_txt_9473.zip,2003-03-31,ShiftJIS,JIS X 0208,0,http://www.aozora.gr.jp/cards/000148/files/4689_9474.html,2003-03-31,ShiftJIS,JIS X 0208,0
004688,『心』自序,『こころ』じじょ,こころししよ,,,,,NDC 914,新字旧仮名,なし,2003-04-19,2014-09-17,http://www.aozora.gr.jp/cards/000148/card4688.html,000148,夏目,漱石,なつめ,そうせき,なつめ,そうせき,Natsume,Soseki,著者,1867-02-09,1916-12-09,なし,漱石全集　第十六巻,岩波書店,1995（平成7）年4月19日,1995（平成7）年4月19日,1995（平成7）年4月19日,心,岩波書店,1914（大正3）年9月20日,,,,,,,,,砂場清隆,小林繁雄,http://www.aozora.gr.jp/cards/000148/files/4688_ruby_9465.zip,2003-03-31,ShiftJIS,JIS X 0208,0,http://www.aozora.gr.jp/cards/000148/files/4688_9466.html,2003-03-31,ShiftJIS,JIS X 0208,0
004687,『心』予告,『こころ』よこく,こころよこく,,,,「東京朝日新聞」1914（大正3）年4月16日、「大阪朝日新聞」1914（大正3）年4月17日,NDC 916,新字旧仮名,なし,2003-04-19,2014-09-17,http://www.aozora.gr.jp/cards/000148/card4687.html,000148,夏目,漱石,なつめ,そうせき,なつめ,そうせき,Natsume,Soseki,著者,1867-02-09,1916-12-09,なし,漱石全集　第十六巻,岩波書店,1995（平成7）年4月19日,1995（平成7）年4月19日,1995（平成7）年4月19日,,,,,,,,,,,,砂場清隆,小林繁雄,http://www.aozora.gr.jp/cards/000148/files/4687_ruby_9467.zip,2003-03-31,ShiftJIS,JIS X 0208,0,http://www.aozora.gr.jp/cards/000148/files/4687_9468.html,2003-03-31,ShiftJIS,JIS X 0208,0
001073,琴のそら音,ことのそらね,ことのそらね,,,,,NDC 913,新字新仮名,なし,2000-08-31,2014-09-17,http://www.aozora.gr.jp/cards/000148/card1073.html,000148,夏目,漱石,なつめ,そうせき,なつめ,そうせき,Natsume,Soseki,著者,1867-02-09,1916-12-09,なし,夏目漱石全集2,ちくま文庫、筑摩書房,1987（昭和62）年10月27日,1987（昭和62）年10月27日第1刷,,筑摩全集類聚版夏目漱石全集,筑摩書房,1971（昭和46）年4月～1972（昭和47）年1月,,,,,,,,,柴田卓治,LUNA CAT,http://www.aozora.gr.jp/cards/000148/files/1073_ruby_4526.zip,2004-02-26,ShiftJIS,JIS X 0208,1,http://www.aozora.gr.jp/cards/000148/files/1073_14944.html,2004-02-26,ShiftJIS,JIS X 0208,0
000766,コンラッドの描きたる自然について,コンラッドのえがきたるしぜんについて,こんらつとのえかきたるしせんについて,,,,,NDC 930,新字新仮名,なし,1999-06-14,2014-09-17,http://www.aozora.gr.jp/cards/000148/card766.html,000148,夏目,漱石,なつめ,そうせき,なつめ,そうせき,Natsume,Soseki,著者,1867-02-09,1916-12-09,なし,夏目漱石全集10,ちくま文庫、筑摩書房,1988（昭和63）年7月26日,1988（昭和63）年7月26日第1刷,,筑摩全集類聚版夏目漱石全集,筑摩書房,1971（昭和46）年4月～1972（昭和47）年1月刊行,,,,,,,,,柴田卓治,大野晋,http://www.aozora.gr.jp/cards/000148/files/766_ruby_2068.zip,2003-11-28,ShiftJIS,JIS X 0208,2,http://www.aozora.gr.jp/cards/000148/files/766_13942.html,2003-11-28,ShiftJIS,JIS X 0208,0
000793,作物の批評,さくぶつのひひょう,さくふつのひひよう,,,,,NDC 901,新字新仮名,なし,1999-09-15,2014-09-17,http://www.aozora.gr.jp/cards/000148/card793.html,000148,夏目,漱石,なつめ,そうせき,なつめ,そうせき,Natsume,Soseki,著者,1867-02-09,1916-12-09,なし,夏目漱石全集10,ちくま文庫、筑摩書房,1988（昭和63）年7月26日,1988（昭和63）年7月26日第1刷,1996（平成8）年7月15日第5刷,筑摩全集類聚版夏目漱石全集,筑摩書房,1971（昭和46）年4月～1972（昭和47）年1月,,,,,,,,,柴田卓治,大野晋,http://www.aozora.gr.jp/cards/000148/files/793_ruby_2448.zip,2004-02-26,ShiftJIS,JIS X 0208,1,http://www.aozora.gr.jp/cards/000148/files/793_14945.html,2004-02-26,ShiftJIS,JIS X 0208,0
000784,三山居士,さんざんこじ,さんさんこし,,,,,NDC 914,新字新仮名,なし,1999-05-12,2014-09-17,http://www.aozora.gr.jp/cards/000148/card784.html,000148,夏目,漱石,なつめ,そうせき,なつめ,そうせき,Natsume,Soseki,著者,1867-02-09,1916-12-09,なし,夏目漱石全集10,ちくま文庫、筑摩書房,1988（昭和63）年7月26日,1988（昭和63）年7月26日第1刷,1996（平成8）年7月15日第5刷,筑摩全集類聚版夏目漱石全集,筑摩書房,1971（昭和46）年4月～1972（昭和47）年1月,,,,,,,,,柴田卓治,大野晋,http://www.aozora.gr.jp/cards/000148/files/784_ruby_1721.zip,2011-06-03,ShiftJIS,JIS X 0208,2,http://www.aozora.gr.jp/cards/000148/files/784_43521.html,2011-06-03,ShiftJIS,JIS X 0208,0
000794,三四郎,さんしろう,さんしろう,,,,「朝日新聞」1908（明治41）年9月1日～12月29日,NDC 913,新字新仮名,なし,2000-07-01,2014-09-17,http://www.aozora.gr.jp/cards/000148/card794.html,000148,夏目,漱石,なつめ,そうせき,なつめ,そうせき,Natsume,Soseki,著者,1867-02-09,1916-12-09,なし,三四郎,角川文庫クラシックス、角川書店,1951（昭和26）年10月20日,1997（平成9）年6月10日第127刷,,,,,,,,,,,,,古村充,かとうかおり,http://www.aozora.gr.jp/cards/000148/files/794_ruby_4237.zip,2014-06-19,ShiftJIS,JIS X 0208,5,http://www.aozora.gr.jp/cards/000148/files/794_14946.html,2014-06-19,ShiftJIS,JIS X 0208,4
004682,『三四郎』予告,『さんしろう』よこく,さんしろうよこく,,,,「東京朝日新聞」「大阪朝日新聞」1908（明治41）年8月19日,NDC 914,新字旧仮名,なし,2003-04-19,2014-09-17,http://www.aozora.gr.jp/cards/000148/card4682.html,000148,夏目,漱石,なつめ,そうせき,なつめ,そうせき,Natsume,Soseki,著者,1867-02-09,1916-12-09,なし,漱石全集　第十六巻,岩波書店,1995（平成7）年4月19日,1995（平成7）年4月19日,1995（平成7）年4月19日,,,,,,,,,,,,砂場清隆,小林繁雄,http://www.aozora.gr.jp/cards/000148/files/4682_ruby_9463.zip,2003-03-31,ShiftJIS,JIS X 0208,0,http://www.aozora.gr.jp/cards/000148/files/4682_9464.html,2003-03-31,ShiftJIS,JIS X 0208,0
001749,子規の画,しきのえ,しきのえ,,,,,NDC 914,旧字旧仮名,なし,2005-10-11,2014-09-18,http://www.aozora.gr.jp/cards/000148/card1749.html,000148,夏目,漱石,なつめ,そうせき,なつめ,そうせき,Natsume,Soseki,著者,1867-02-09,1916-12-09,なし,漱石全集　第十七巻,岩波書店,1957（昭和32）年1月12日,1979（昭和54）年8月8日第4刷,1957（昭和32）年1月12日第1刷,,,,,,,,,,,,山田豊,土屋隆,http://www.aozora.gr.jp/cards/000148/files/1749_ruby_19433.zip,2005-09-29,ShiftJIS,JIS X 0208,0,http://www.aozora.gr.jp/cards/000148/files/1749_19606.html,2005-09-29,ShiftJIS,JIS X 0208,0
000795,子規の画,しきのえ,しきのえ,,,,,NDC 914,新字新仮名,なし,1999-05-12,2014-09-17,http://www.aozora.gr.jp/cards/000148/card795.html,000148,夏目,漱石,なつめ,そうせき,なつめ,そうせき,Natsume,Soseki,著者,1867-02-09,1916-12-09,なし,夏目漱石全集10,ちくま文庫、筑摩書房,1988（昭和63）年7月26日,,1996（平成8）年7月15日第5刷,筑摩全集類聚版夏目漱石全集,筑摩書房,1971（昭和46）年4月～1972（昭和47）年1月,,,,,,,,,柴田卓治,大野晋,http://www.aozora.gr.jp/cards/000148/files/795_ruby_1725.zip,2011-06-03,ShiftJIS,JIS X 0208,2,http://www.aozora.gr.jp/cards/000148/files/795_43522.html,2011-06-03,ShiftJIS,JIS X 0208,0
042297,「自然を写す文章」,「しぜんをうつすぶんしょう」,しせんをうつすふんしよう,,,,「新聲」1906（明治39）年11月1日号,NDC 914,旧字旧仮名,なし,2004-01-28,2014-09-18,http://www.aozora.gr.jp/cards/000148/card42297.html,000148,夏目,漱石,なつめ,そうせき,なつめ,そうせき,Natsume,Soseki,著者,1867-02-09,1916-12-09,なし,漱石全集　第三十四巻,岩波書店,1957（昭和32）年10月12日,1960（昭和35）年7月30日第3刷,1957（昭和32）年10月12日第1刷,,,,,,,,,,,,川向直樹,小林繁雄,http://www.aozora.gr.jp/cards/000148/files/42297_txt_14025.zip,2003-12-13,ShiftJIS,JIS X 0208,0,http://www.aozora.gr.jp/cards/000148/files/42297_14045.html,2003-12-13,ShiftJIS,JIS X 0208,0
000768,自転車日記,じてんしゃにっき,してんしやにつき,,,,,NDC 914,新字新仮名,なし,1999-10-29,2014-09-17,http://www.aozora.gr.jp/cards/000148/card768.html,000148,夏目,漱石,なつめ,そうせき,なつめ,そうせき,Natsume,Soseki,著者,1867-02-09,1916-12-09,なし,夏目漱石全集10,ちくま文庫、筑摩書房,1988（昭和63）年7月26日,1988（昭和63）年7月26日第1刷,,筑摩全集類聚版夏目漱石全集,筑摩書房,1971（昭和46）年4月～1972（昭和47）年1月,,,,,,,,,柴田卓治,大野晋,http://www.aozora.gr.jp/cards/000148/files/768_ruby_2686.zip,2004-02-26,ShiftJIS,JIS X 0208,1,http://www.aozora.gr.jp/cards/000148/files/768_14947.html,2004-02-26,ShiftJIS,JIS X 0208,0
000796,写生文,しゃせいぶん,しやせいふん,,,,,NDC 901,新字新仮名,なし,1999-09-15,2014-09-17,http://www.aozora.gr.jp/cards/000148/card796.html,000148,夏目,漱石,なつめ,そうせき,なつめ,そうせき,Natsume,Soseki,著者,1867-02-09,1916-12-09,なし,夏目漱石全集10,ちくま文庫、筑摩書房,1988（昭和63）年7月26日,,1996（平成8）年7月15日第5刷,筑摩全集類聚版夏目漱石全集,筑摩書房,1971（昭和46）年4月～1972（昭和47）年1月,,,,,,,,,柴田卓治,大野晋,http://www.aozora.gr.jp/cards/000148/files/796_ruby_2452.zip,2011-06-18,ShiftJIS,JIS X 0208,1,http://www.aozora.gr.jp/cards/000148/files/796_43612.html,2011-06-18,ShiftJIS,JIS X 0208,0
001104,趣味の遺伝,しゅみのいでん,しゆみのいてん,,,,,NDC 913,新字新仮名,なし,2000-09-11,2014-09-17,http://www.aozora.gr.jp/cards/000148/card1104.html,000148,夏目,漱石,なつめ,そうせき,なつめ,そうせき,Natsume,Soseki,著者,1867-02-09,1916-12-09,なし,夏目漱石全集2,ちくま文庫、筑摩書房,1987（昭和62）年10月27日,1987（昭和62）年10月27日第1刷,,筑摩全集類聚版夏目漱石全集,筑摩書房,1971（昭和46）年4月～1972（昭和47）年1月,,,,,,,,,柴田卓治,LUNA CAT,http://www.aozora.gr.jp/cards/000148/files/1104_ruby_4554.zip,2004-02-26,ShiftJIS,JIS X 0208,1,http://www.aozora.gr.jp/cards/000148/files/1104_14948.html,2004-02-26,ShiftJIS,JIS X 0208,0
000797,初秋の一日,しょしゅうのいちにち,しよしゆうのいちにち,,,,,NDC 914,新字新仮名,なし,1999-05-12,2014-09-17,http://www.aozora.gr.jp/cards/000148/card797.html,000148,夏目,漱石,なつめ,そうせき,なつめ,そうせき,Natsume,Soseki,著者,1867-02-09,1916-12-09,なし,夏目漱石全集10,ちくま文庫、筑摩書房,1988（昭和63）年7月26日,,1996（平成8）年7月15日第5刷,筑摩全集類聚版夏目漱石全集,筑摩書房,1971（昭和46）年4月～1972（昭和47）年1月,,,,,,,,,柴田卓治,大野晋,http://www.aozora.gr.jp/cards/000148/files/797_ruby_1729.zip,2011-06-03,ShiftJIS,JIS X 0208,2,http://www.aozora.gr.jp/cards/000148/files/797_43523.html,2011-06-03,ShiftJIS,JIS X 0208,0
002680,処女作追懐談,しょじょさくついかいだん,しよしよさくついかいたん,,,,「文章世界」1908（明治41）年9月15日,NDC 914,新字新仮名,なし,2002-05-27,2014-09-17,http://www.aozora.gr.jp/cards/000148/card2680.html,000148,夏目,漱石,なつめ,そうせき,なつめ,そうせき,Natsume,Soseki,著者,1867-02-09,1916-12-09,なし,筑摩全集類聚版　夏目漱石全集　10,筑摩書房,1972（昭和47）年1月10日,1972（昭和47）年1月10日第1刷,,,,,,,,,,,,,Nana ohbe,米田進,http://www.aozora.gr.jp/cards/000148/files/2680_ruby_6345.zip,2003-05-11,ShiftJIS,JIS X 0208,1,http://www.aozora.gr.jp/cards/000148/files/2680_10233.html,2003-05-11,ShiftJIS,JIS X 0208,2
000767,人生,じんせい,しんせい,,,,,NDC 914,新字旧仮名,なし,2000-02-04,2014-09-17,http://www.aozora.gr.jp/cards/000148/card767.html,000148,夏目,漱石,なつめ,そうせき,なつめ,そうせき,Natsume,Soseki,著者,1867-02-09,1916-12-09,なし,現代日本文學大系　17　夏目漱石集（一）,筑摩書房,1968（昭和43）年10月25日,,,,,,,,,,,,,,柿澤早苗,伊藤時也,http://www.aozora.gr.jp/cards/000148/files/767_ruby_3256.zip,2004-02-28,ShiftJIS,JIS X 0208,1,http://www.aozora.gr.jp/cards/000148/files/767_14955.html,2004-02-28,ShiftJIS,JIS X 0208,0
002575,鈴木三重吉宛書簡―明治三十九年,すずきみえきちあてしょかん―めいじさんじゅうくねん,すすきみえきちあてしよかんめいしさんしゆうくねん,,,,,NDC 915,旧字旧仮名,なし,2002-10-21,2014-09-17,http://www.aozora.gr.jp/cards/000148/card2575.html,000148,夏目,漱石,なつめ,そうせき,なつめ,そうせき,Natsume,Soseki,著者,1867-02-09,1916-12-09,なし,漱石全集　第十八卷,漱石全集刊行会,1928（昭和3）年9月5日,,,,,,,,,,,,,,石塚一郎,柳沢成雄,http://www.aozora.gr.jp/cards/000148/files/2575_ruby_3992.zip,2006-06-30,ShiftJIS,JIS X 0208,2,http://www.aozora.gr.jp/cards/000148/files/2575_7069.html,2006-06-30,ShiftJIS,JIS X 0208,1
042320,西洋にはない,せいようにはない,せいようにはない,,,,「俳味」1911（明治44）年6月1日,NDC 914,旧字旧仮名,なし,2005-10-16,2014-09-18,http://www.aozora.gr.jp/cards/000148/card42320.html,000148,夏目,漱石,なつめ,そうせき,なつめ,そうせき,Natsume,Soseki,著者,1867-02-09,1916-12-09,なし,漱石全集 第三十四巻,岩波書店,1957（昭和32）年10月12日,1960（昭和35）年7月30日第3刷,1957（昭和32）年10月12日第1刷,,,,,,,,,,,,川向直樹,土屋隆,http://www.aozora.gr.jp/cards/000148/files/42320_ruby_19559.zip,2005-09-29,ShiftJIS,JIS X 0208,0,http://www.aozora.gr.jp/cards/000148/files/42320_19605.html,2005-09-29,ShiftJIS,JIS X 0208,0
002315,戦争からきた行き違い,せんそうからきたいきちがい,せんそうからきたいきちかい,,,,,NDC 914,新字新仮名,なし,1999-09-09,2014-09-17,http://www.aozora.gr.jp/cards/000148/card2315.html,000148,夏目,漱石,なつめ,そうせき,なつめ,そうせき,Natsume,Soseki,著者,1867-02-09,1916-12-09,なし,硝子戸の中,角川文庫、角川書店,1954（昭和29）年6月10日,1994（平成6）年3月10日改版21版,1988（昭和63）年5月30日改版19版,,,,,,,,,,,,柴田卓治,しず,http://www.aozora.gr.jp/cards/000148/files/2315_ruby_2410.zip,2003-11-21,ShiftJIS,JIS X 0208,1,http://www.aozora.gr.jp/cards/000148/files/2315_13906.html,2003-11-21,ShiftJIS,JIS X 0208,0
001102,創作家の態度,そうさくかのたいど,そうさくかのたいと,,,,,NDC 914,新字新仮名,なし,2000-08-24,2014-09-17,http://www.aozora.gr.jp/cards/000148/card1102.html,000148,夏目,漱石,なつめ,そうせき,なつめ,そうせき,Natsume,Soseki,著者,1867-02-09,1916-12-09,なし,夏目漱石全集10,ちくま文庫、筑摩書房,1988（昭和63）年7月26日,1988（昭和63）年7月26日第1刷,,筑摩全集類聚版夏目漱石全集,筑摩書房,1971（昭和46）年4月～1972（昭和47）年1月刊行,,,,,,,,,柴田卓治,大野晋,http://www.aozora.gr.jp/cards/000148/files/1102_ruby_4488.zip,2004-02-28,ShiftJIS,JIS X 0208,2,http://www.aozora.gr.jp/cards/000148/files/1102_14956.html,2004-02-28,ShiftJIS,JIS X 0208,0
056143,それから,それから,それから,,,,「東京朝日新聞」、「大阪朝日新聞」1909（明治42）年6月27日〜10月4日,NDC 913,新字新仮名,なし,2013-08-30,2014-09-16,http://www.aozora.gr.jp/cards/000148/card56143.html,000148,夏目,漱石,なつめ,そうせき,なつめ,そうせき,Natsume,Soseki,著者,1867-02-09,1916-12-09,なし,それから,新潮文庫、新潮社,1948（昭和23）年11月30日、2010（平成22）年8月25日136刷改版,2013（平成25）年2月15日141刷,,,,,,,,,,,,,富田倫生,松永佳代,http://www.aozora.gr.jp/cards/000148/files/56143_ruby_50824.zip,2013-06-13,ShiftJIS,JIS X 0208,0,http://www.aozora.gr.jp/cards/000148/files/56143_50921.html,2013-06-13,ShiftJIS,JIS X 0208,0
001746,それから,それから,それから,,,,「東京朝日新聞」、「大阪朝日新聞」1909（明治42）年6月27日〜10月4日,NDC 913,新字旧仮名,なし,2005-04-30,2014-09-18,http://www.aozora.gr.jp/cards/000148/card1746.html,000148,夏目,漱石,なつめ,そうせき,なつめ,そうせき,Natsume,Soseki,著者,1867-02-09,1916-12-09,なし,漱石全集　第六巻,岩波書店,1994（平成6）年5月9日,1994（平成6）年5月9日,1994（平成6）年5月9日,,,,,,,,,,,,野口英司、Godot、oto,小林繁雄、門田裕志,http://www.aozora.gr.jp/cards/000148/files/1746_ruby_18324.zip,2013-03-13,ShiftJIS,JIS X 0208,2,http://www.aozora.gr.jp/cards/000148/files/1746_18325.html,2013-03-13,ShiftJIS,JIS X 0208,2
004681,『それから』予告,『それから』よこく,それからよこく,,,,「大阪朝日新聞」1909（明治42）年6月20日、「東京朝日新聞」1909（明治42）年6月21日,NDC 916,新字旧仮名,なし,2003-04-19,2014-09-17,http://www.aozora.gr.jp/cards/000148/card4681.html,000148,夏目,漱石,なつめ,そうせき,なつめ,そうせき,Natsume,Soseki,著者,1867-02-09,1916-12-09,なし,漱石全集　第十六巻,岩波書店,1995（平成7）年4月19日,1995（平成7）年4月19日,1995（平成7）年4月19日,,,,,,,,,,,,砂場清隆,小林繁雄,http://www.aozora.gr.jp/cards/000148/files/4681_ruby_9461.zip,2003-03-31,ShiftJIS,JIS X 0208,0,http://www.aozora.gr.jp/cards/000148/files/4681_9462.html,2003-03-31,ShiftJIS,JIS X 0208,0
002667,高浜虚子著『鶏頭』序,たかはまきょしちょ『けいとう』じょ,たかはまきよしちよけいとうしよ,,,,,NDC 914,新字新仮名,なし,2002-05-27,2014-09-17,http://www.aozora.gr.jp/cards/000148/card2667.html,000148,夏目,漱石,なつめ,そうせき,なつめ,そうせき,Natsume,Soseki,著者,1867-02-09,1916-12-09,なし,筑摩全集類聚版　夏目漱石全集　10,筑摩書房,1972（昭和47）年1月10日,1972（昭和47）年1月10日第1刷,,,,,,,,,,,,,Nana ohbe,米田進,http://www.aozora.gr.jp/cards/000148/files/2667_ruby_6347.zip,2003-05-11,ShiftJIS,JIS X 0208,1,http://www.aozora.gr.jp/cards/000148/files/2667_6504.html,2003-05-11,ShiftJIS,JIS X 0208,1
002370,田山花袋君に答う,たやまかたいくんにこたう,たやまかたいくんにこたう,,,,,NDC 914,新字新仮名,なし,1999-06-14,2014-09-17,http://www.aozora.gr.jp/cards/000148/card2370.html,000148,夏目,漱石,なつめ,そうせき,なつめ,そうせき,Natsume,Soseki,著者,1867-02-09,1916-12-09,なし,夏目漱石全集10,ちくま文庫、筑摩書房,1988（昭和63）年7月26日,1988（昭和63）年7月26日第1刷,,筑摩全集類聚版夏目漱石全集,筑摩書房,1971（昭和46）年4月～1972（昭和47）年1月刊行,,,,,,,,,柴田卓治,大野晋,http://www.aozora.gr.jp/cards/000148/files/2370_ruby_2080.zip,2003-11-28,ShiftJIS,JIS X 0208,2,http://www.aozora.gr.jp/cards/000148/files/2370_13941.html,2003-11-28,ShiftJIS,JIS X 0208,0
056900,「土」に就て,「つち」について,つちについて,,,,,NDC 914,旧字旧仮名,なし,2004-12-05,2014-09-18,http://www.aozora.gr.jp/cards/000148/card56900.html,000148,夏目,漱石,なつめ,そうせき,なつめ,そうせき,Natsume,Soseki,著者,1867-02-09,1916-12-09,なし,長塚節名作選　一,春陽堂書店,1987（昭和62）年8月20日,1987（昭和62）年8月20日第1刷,1987（昭和62）年8月20日第1刷,土,春陽堂,1912（明治45）年5月15日,,,,,,,,,町野修三,小林繁雄,http://www.aozora.gr.jp/cards/000148/files/56900_ruby_53913.zip,2014-06-29,ShiftJIS,JIS X 0208,1,http://www.aozora.gr.jp/cards/000148/files/56900_53914.html,2014-06-29,ShiftJIS,JIS X 0208,1
002668,『土』に就て,『つち』について,つちについて,長塚節著『土』序,ながつかたかしちょ『つち』じょ,,,NDC 914,新字新仮名,なし,2002-05-27,2014-09-17,http://www.aozora.gr.jp/cards/000148/card2668.html,000148,夏目,漱石,なつめ,そうせき,なつめ,そうせき,Natsume,Soseki,著者,1867-02-09,1916-12-09,なし,筑摩全集類聚版　夏目漱石全集　10,筑摩書房,1972（昭和47）年1月10日,1972（昭和47）年1月10日第1刷,,,,,,,,,,,,,Nana ohbe,米田進,http://www.aozora.gr.jp/cards/000148/files/2668_ruby_6349.zip,2003-05-25,ShiftJIS,JIS X 0208,1,http://www.aozora.gr.jp/cards/000148/files/2668_6505.html,2003-05-25,ShiftJIS,JIS X 0208,1
004686,艇長の遺書と中佐の詩,ていちょうのいしょとちゅうさのし,ていちようのいしよとちゆうさのし,,,,「東京朝日新聞　文芸欄」1910（明治43）年7月20日,NDC 914,新字旧仮名,なし,2003-04-10,2014-09-17,http://www.aozora.gr.jp/cards/000148/card4686.html,000148,夏目,漱石,なつめ,そうせき,なつめ,そうせき,Natsume,Soseki,著者,1867-02-09,1916-12-09,なし,漱石全集　第十六巻,岩波書店,1995（平成7）年4月19日,1995（平成7）年4月19日,1995（平成7）年4月19日,,,,,,,,,,,,砂場清隆,小林繁雄,http://www.aozora.gr.jp/cards/000148/files/4686_ruby_9477.zip,2003-04-01,ShiftJIS,JIS X 0208,0,http://www.aozora.gr.jp/cards/000148/files/4686_9478.html,2003-04-01,ShiftJIS,JIS X 0208,0
000798,手紙,てがみ,てかみ,,,,,NDC 913,新字新仮名,なし,1999-09-09,2014-09-17,http://www.aozora.gr.jp/cards/000148/card798.html,000148,夏目,漱石,なつめ,そうせき,なつめ,そうせき,Natsume,Soseki,著者,1867-02-09,1916-12-09,なし,硝子戸の中,角川文庫、角川書店,1954（昭和29）年6月10日,1994（平成6）年3月10日改版21版,1988（昭和63）年5月30日改版19版,,,,,,,,,,,,柴田卓治,しず,http://www.aozora.gr.jp/cards/000148/files/798_ruby_2413.zip,2011-09-09,ShiftJIS,JIS X 0208,2,http://www.aozora.gr.jp/cards/000148/files/798_43613.html,2011-09-09,ShiftJIS,JIS X 0208,1
042156,『伝説の時代』序,『でんせつのじだい』じょ,てんせつのしたいしよ,,,,「傳説の時代」尚文堂、1913（大正2）年,NDC 914,旧字旧仮名,なし,2004-08-07,2014-09-18,http://www.aozora.gr.jp/cards/000148/card42156.html,000148,夏目,漱石,なつめ,そうせき,なつめ,そうせき,Natsume,Soseki,著者,1867-02-09,1916-12-09,なし,ギリシア・ローマ神話,岩波文庫、岩波書店,1978（昭和53）年8月16日改版,1988（昭和63）年8月15日第17刷,1990（平成2）年2月15日第21刷,,,,,,,,,,,,鈴木厚司,kamille,http://www.aozora.gr.jp/cards/000148/files/42156_ruby_16023.zip,2004-07-15,ShiftJIS,JIS X 0208,0,http://www.aozora.gr.jp/cards/000148/files/42156_16098.html,2004-07-15,ShiftJIS,JIS X 0208,0
004672,点頭録,てんとうろく,てんとうろく,,,,,NDC 914,新字旧仮名,なし,2003-02-01,2014-09-17,http://www.aozora.gr.jp/cards/000148/card4672.html,000148,夏目,漱石,なつめ,そうせき,なつめ,そうせき,Natsume,Soseki,著者,1867-02-09,1916-12-09,なし,漱石全集　第十六巻,岩波書店,1995（平成7）年4月19日,1995（平成7）年4月19日,1995（平成7）年4月19日,,,,,,,,,,,,砂場清隆,小林繁雄,http://www.aozora.gr.jp/cards/000148/files/4672_ruby_8553.zip,2003-01-30,ShiftJIS,JIS X 0208,0,http://www.aozora.gr.jp/cards/000148/files/4672_8593.html,2003-01-29,ShiftJIS,JIS X 0208,0
002313,『東洋美術図譜』,『とうようびじゅつずふ』,とうようひしゆつすふ,,,,,NDC 914,新字新仮名,なし,1999-08-04,2014-09-17,http://www.aozora.gr.jp/cards/000148/card2313.html,000148,夏目,漱石,なつめ,そうせき,なつめ,そうせき,Natsume,Soseki,著者,1867-02-09,1916-12-09,なし,漱石文明論集,岩波文庫、岩波書店,1986（昭和61）年10月16日,1998（平成10）年7月24日第26刷,1999（平成11）年4月26日第27刷,,,,,,,,,,,,柴田卓治,福地博文,http://www.aozora.gr.jp/cards/000148/files/2313_ruby_2287.zip,2003-10-28,ShiftJIS,JIS X 0208,2,http://www.aozora.gr.jp/cards/000148/files/2313_13565.html,2003-10-28,ShiftJIS,JIS X 0208,0
000757,道楽と職業,どうらくとしょくぎょう,とうらくとしよくきよう,,,,,NDC 914,新字新仮名,なし,2000-01-06,2014-09-17,http://www.aozora.gr.jp/cards/000148/card757.html,000148,夏目,漱石,なつめ,そうせき,なつめ,そうせき,Natsume,Soseki,著者,1867-02-09,1916-12-09,なし,夏目漱石全集10,ちくま文庫、筑摩書房,1988（昭和63）年7月26日,1988（昭和63）年7月26日第1刷,,筑摩全集類聚版夏目漱石全集,筑摩書房,1971（昭和46）年4月～1972（昭和47）年1月刊行,,,,,,,,,柴田卓治,大野晋,http://www.aozora.gr.jp/cards/000148/files/757_ruby_2986.zip,2004-02-28,ShiftJIS,JIS X 0208,1,http://www.aozora.gr.jp/cards/000148/files/757_14957.html,2004-02-28,ShiftJIS,JIS X 0208,0
002682,長塚節氏の小説「土」,ながつかたかししのしょうせつ「つち」,なかつかたかししのしようせつつち,,,,,NDC 914,新字新仮名,なし,2002-05-27,2014-09-17,http://www.aozora.gr.jp/cards/000148/card2682.html,000148,夏目,漱石,なつめ,そうせき,なつめ,そうせき,Natsume,Soseki,著者,1867-02-09,1916-12-09,なし,筑摩全集類聚版　夏目漱石全集　10,筑摩書房,1972（昭和47）年1月10日,1972（昭和47）年1月10日第1刷,,,,,,,,,,,,,Nana ohbe,米田進,http://www.aozora.gr.jp/cards/000148/files/2682_ruby_6333.zip,2003-05-25,ShiftJIS,JIS X 0208,1,http://www.aozora.gr.jp/cards/000148/files/2682_6497.html,2003-05-25,ShiftJIS,JIS X 0208,1
000788,中味と形式,なかみとけいしき,なかみとけいしき,,,,,NDC 901,新字新仮名,なし,1999-12-01,2014-09-17,http://www.aozora.gr.jp/cards/000148/card788.html,000148,夏目,漱石,なつめ,そうせき,なつめ,そうせき,Natsume,Soseki,著者,1867-02-09,1916-12-09,なし,夏目漱石全集10,ちくま文庫、筑摩書房,1988（昭和63）年7月26日,1988（昭和63）年7月26日第1刷,1996（平成8）年7月15日第5刷,筑摩全集類聚版夏目漱石全集,筑摩書房,1971（昭和46）年4月～1972（昭和47）年1月,,,,,,,,,柴田卓治,大野晋,http://www.aozora.gr.jp/cards/000148/files/788_ruby_2857.zip,2011-09-08,ShiftJIS,JIS X 0208,1,http://www.aozora.gr.jp/cards/000148/files/788_44902.html,2011-09-08,ShiftJIS,JIS X 0208,0
000751,二百十日,にひゃくとおか,にひやくとおか,,,,「中央公論」1906（明治39）年10月,NDC 913,新字新仮名,なし,1999-02-19,2014-09-17,http://www.aozora.gr.jp/cards/000148/card751.html,000148,夏目,漱石,なつめ,そうせき,なつめ,そうせき,Natsume,Soseki,著者,1867-02-09,1916-12-09,なし,夏目漱石全集3,ちくま文庫、筑摩書房,1987（昭和62）年12月1日,1987（昭和62）年12月1日第1刷,1998（平成10）年10月5日第4刷,筑摩全集類聚版夏目漱石全集,筑摩書房,1971（昭和46）年4月～1972（昭和47）年1月,,,,,,,,,柴田卓治,伊藤時也,http://www.aozora.gr.jp/cards/000148/files/751_ruby_1539.zip,2004-02-28,ShiftJIS,JIS X 0208,2,http://www.aozora.gr.jp/cards/000148/files/751_14958.html,2004-02-28,ShiftJIS,JIS X 0208,0
002673,入社の辞,にゅうしゃのじ,にゆうしやのし,,,,「朝日新聞」1907（明治40）年5月3日,NDC 914,新字新仮名,なし,2002-05-27,2014-09-17,http://www.aozora.gr.jp/cards/000148/card2673.html,000148,夏目,漱石,なつめ,そうせき,なつめ,そうせき,Natsume,Soseki,著者,1867-02-09,1916-12-09,なし,筑摩全集類聚版　夏目漱石全集　10,筑摩書房,1972（昭和47）年1月10日,1972（昭和47）年1月10日第1刷,,,,,,,,,,,,,Nana ohbe,米田進,http://www.aozora.gr.jp/cards/000148/files/2673_ruby_6339.zip,2003-05-25,ShiftJIS,JIS X 0208,1,http://www.aozora.gr.jp/cards/000148/files/2673_6500.html,2003-05-25,ShiftJIS,JIS X 0208,1
004683,猫の広告文,ねこのこうこくぶん,ねこのこうこくふん,,,,「東京朝日新聞」1905（明治38）年11月15日,NDC 916,新字旧仮名,なし,2003-04-19,2014-09-17,http://www.aozora.gr.jp/cards/000148/card4683.html,000148,夏目,漱石,なつめ,そうせき,なつめ,そうせき,Natsume,Soseki,著者,1867-02-09,1916-12-09,なし,漱石全集　第十六巻,岩波書店,1995（平成7）年4月19日,1995（平成7）年4月19日,1995（平成7）年4月19日,,,,,,,,,,,,砂場清隆,小林繁雄,http://www.aozora.gr.jp/cards/000148/files/4683_ruby_9475.zip,2003-03-31,ShiftJIS,JIS X 0208,0,http://www.aozora.gr.jp/cards/000148/files/4683_9476.html,2003-03-31,ShiftJIS,JIS X 0208,0
000791,野分,のわき,のわき,,,,「ホトトギス」1907（明治40）年1月,NDC 913,新字新仮名,なし,1999-02-24,2015-04-18,http://www.aozora.gr.jp/cards/000148/card791.html,000148,夏目,漱石,なつめ,そうせき,なつめ,そうせき,Natsume,Soseki,著者,1867-02-09,1916-12-09,なし,夏目漱石全集3,ちくま文庫、筑摩書房,1987（昭和62）年12月1日,1987（昭和62）年12月1日第1刷,1998（平成10）年10月5日第4刷,筑摩全集類聚版　夏目漱石全集　2,筑摩書房,1972（昭和47）年1月,,,,,,,,,柴田卓治,伊藤時也,http://www.aozora.gr.jp/cards/000148/files/791_ruby_1549.zip,2015-04-18,ShiftJIS,JIS X 0208,3,http://www.aozora.gr.jp/cards/000148/files/791_14959.html,2015-04-18,ShiftJIS,JIS X 0208,3
004684,『煤煙』の序,『ばいえん』のじょ,はいえんのしよ,,,,「東京朝日新聞　文芸欄」1909（明治42）年11月25日,NDC 914,新字旧仮名,なし,2003-04-19,2014-09-17,http://www.aozora.gr.jp/cards/000148/card4684.html,000148,夏目,漱石,なつめ,そうせき,なつめ,そうせき,Natsume,Soseki,著者,1867-02-09,1916-12-09,なし,漱石全集　第十六巻,岩波書店,1995（平成7）年4月19日,1995（平成7）年4月19日,1995（平成7）年4月19日,,,,,,,,,,,,砂場清隆,小林繁雄,http://www.aozora.gr.jp/cards/000148/files/4684_ruby_9469.zip,2003-04-01,ShiftJIS,JIS X 0208,0,http://www.aozora.gr.jp/cards/000148/files/4684_9470.html,2003-04-01,ShiftJIS,JIS X 0208,0
000787,博士問題とマードック先生と余,はかせもんだいとマードックせんせいとよ,はかせもんたいとまあとつくせんせいとよ,,,,,NDC 914,新字新仮名,なし,1999-08-05,2014-09-17,http://www.aozora.gr.jp/cards/000148/card787.html,000148,夏目,漱石,なつめ,そうせき,なつめ,そうせき,Natsume,Soseki,著者,1867-02-09,1916-12-09,なし,漱石文明論集,岩波文庫、岩波書店,1986（昭和61）年10月16日,1998（平成10）年7月24日第26刷,1999（平成11）年4月26日第27刷,,,,,,,,,,,,柴田卓治,しず,http://www.aozora.gr.jp/cards/000148/files/787_ruby_2295.zip,2003-10-28,ShiftJIS,JIS X 0208,2,http://www.aozora.gr.jp/cards/000148/files/787_13560.html,2003-10-28,ShiftJIS,JIS X 0208,0
002376,博士問題の成行,はかせもんだいのなりゆき,はかせもんたいのなりゆき,,,,,NDC 914,新字新仮名,なし,1999-08-05,2014-09-17,http://www.aozora.gr.jp/cards/000148/card2376.html,000148,夏目,漱石,なつめ,そうせき,なつめ,そうせき,Natsume,Soseki,著者,1867-02-09,1916-12-09,なし,漱石文明論集,岩波文庫、岩波書店,1986（昭和61）年10月16日,1998（平成10）年7月24日第26刷,1999（平成11）年4月26日第27刷,,,,,,,,,,,,柴田卓治,しず,http://www.aozora.gr.jp/cards/000148/files/2376_ruby_2303.zip,2003-10-28,ShiftJIS,JIS X 0208,2,http://www.aozora.gr.jp/cards/000148/files/2376_13561.html,2003-10-28,ShiftJIS,JIS X 0208,0
000762,長谷川君と余,はせがわくんとよ,はせかわくんとよ,,,,「朝日新聞」1909（明治42）年8月,NDC 914,新字新仮名,なし,1999-05-12,2014-09-17,http://www.aozora.gr.jp/cards/000148/card762.html,000148,夏目,漱石,なつめ,そうせき,なつめ,そうせき,Natsume,Soseki,著者,1867-02-09,1916-12-09,なし,夏目漱石全集10,ちくま文庫、筑摩書房,1988（昭和63）年7月26日,1988（昭和63）年7月26日第1刷,,筑摩全集類聚版夏目漱石全集,筑摩書房,1971（昭和46）年4月～1972（昭和47）年1月,,,,,,,,,柴田卓治,大野晋,http://www.aozora.gr.jp/cards/000148/files/762_ruby_1705.zip,2004-02-28,ShiftJIS,JIS X 0208,2,http://www.aozora.gr.jp/cards/000148/files/762_14960.html,2004-02-28,ShiftJIS,JIS X 0208,0
000765,彼岸過迄,ひがんすぎまで,ひかんすきまて,,,,「朝日新聞」1912（明治45）年1～4月,NDC 913,新字新仮名,なし,1999-09-18,2014-09-17,http://www.aozora.gr.jp/cards/000148/card765.html,000148,夏目,漱石,なつめ,そうせき,なつめ,そうせき,Natsume,Soseki,著者,1867-02-09,1916-12-09,なし,夏目漱石全集6,ちくま文庫、筑摩書房,1988（昭和63）年3月29日,1988（昭和63）年3月29日第1刷,1993（平成5）年2月25日第2刷,筑摩全集類聚版夏目漱石全集,筑摩書房,1971（昭和46）年4月～1972（昭和47）年1月,,,,,,,,,柴田卓治,伊藤時也,http://www.aozora.gr.jp/cards/000148/files/765_ruby_2469.zip,2011-05-03,ShiftJIS,JIS X 0208,5,http://www.aozora.gr.jp/cards/000148/files/765_14961.html,2011-05-03,ShiftJIS,JIS X 0208,2
050478,「額の男」を読む,「ひたいのおとこ」をよむ,ひたいのおとこをよむ,,,,「大阪朝日新聞」1909（明治42）年9月5日,NDC 910,旧字旧仮名,なし,2011-01-18,2014-09-21,http://www.aozora.gr.jp/cards/000148/card50478.html,000148,夏目,漱石,なつめ,そうせき,なつめ,そうせき,Natsume,Soseki,著者,1867-02-09,1916-12-09,なし,漱石全集　第十一卷　評論　雜篇,岩波書店,1966（昭和41）年 10月24日,1975（昭和50）年 10月9日第2刷,1966（昭和41）年 10月24日第1刷,,,,,,,,,,,,ちゃお,笹平健一,http://www.aozora.gr.jp/cards/000148/files/50478_ruby_40733.zip,2010-12-05,ShiftJIS,JIS X 0208,0,http://www.aozora.gr.jp/cards/000148/files/50478_41578.html,2010-12-05,ShiftJIS,JIS X 0208,0
000754,文芸委員は何をするか,ぶんげいいいんはなにをするか,ふんけいいいんはなにをするか,,,,,NDC 914,新字新仮名,なし,1999-08-13,2014-09-17,http://www.aozora.gr.jp/cards/000148/card754.html,000148,夏目,漱石,なつめ,そうせき,なつめ,そうせき,Natsume,Soseki,著者,1867-02-09,1916-12-09,なし,漱石文明論集,岩波文庫、岩波書店,1986（昭和61）年10月16日,1998（平成10）年7月24日第26刷,1999（平成11）年4月26日第27刷,漱石全集　第8、11～16巻,岩波書店,1985（昭和60）～1986（昭和61）年,,,,,,,,,柴田卓治,しず,http://www.aozora.gr.jp/cards/000148/files/754_ruby_2320.zip,2003-10-28,ShiftJIS,JIS X 0208,2,http://www.aozora.gr.jp/cards/000148/files/754_13559.html,2003-10-28,ShiftJIS,JIS X 0208,0
000756,文芸と道徳,ぶんげいとどうとく,ふんけいととうとく,,,,,NDC 901,新字新仮名,なし,1999-12-23,2014-09-17,http://www.aozora.gr.jp/cards/000148/card756.html,000148,夏目,漱石,なつめ,そうせき,なつめ,そうせき,Natsume,Soseki,著者,1867-02-09,1916-12-09,なし,夏目漱石全集10,ちくま文庫、筑摩書房,1988（昭和63）年7月26日,1988（昭和63）年7月26日第1刷,,筑摩全集類聚版夏目漱石全集,筑摩書房,1971（昭和46）年4月～1972（昭和47）年1月,,,,,,,,,柴田卓治,大野晋,http://www.aozora.gr.jp/cards/000148/files/756_ruby_2948.zip,2004-02-28,ShiftJIS,JIS X 0208,3,http://www.aozora.gr.jp/cards/000148/files/756_14962.html,2004-02-28,ShiftJIS,JIS X 0208,0
004685,文芸とヒロイツク,ぶんげいとヒロイック,ふんけいとひろいつく,,,,「東京朝日新聞　文芸欄」1910（明治43）年7月19日,NDC 901,新字旧仮名,なし,2003-04-10,2014-09-17,http://www.aozora.gr.jp/cards/000148/card4685.html,000148,夏目,漱石,なつめ,そうせき,なつめ,そうせき,Natsume,Soseki,著者,1867-02-09,1916-12-09,なし,漱石全集　第十六巻,岩波書店,1995（平成7）年4月19日,1995（平成7）年4月19日,1995（平成7）年4月19日,,,,,,,,,,,,砂場清隆,小林繁雄,http://www.aozora.gr.jp/cards/000148/files/4685_ruby_9479.zip,2003-04-01,ShiftJIS,JIS X 0208,0,http://www.aozora.gr.jp/cards/000148/files/4685_9480.html,2003-04-01,ShiftJIS,JIS X 0208,0
000755,文芸の哲学的基礎,ぶんげいのてつがくてききそ,ふんけいのてつかくてききそ,,,,,NDC 901,新字新仮名,なし,2000-04-11,2014-09-17,http://www.aozora.gr.jp/cards/000148/card755.html,000148,夏目,漱石,なつめ,そうせき,なつめ,そうせき,Natsume,Soseki,著者,1867-02-09,1916-12-09,なし,夏目漱石全集10,ちくま文庫、筑摩書房,1988（昭和63）年7月26日,1988（昭和63）年7月26日第1刷,,筑摩全集類聚版夏目漱石全集,筑摩書房,1971（昭和46）年4月～1972（昭和47）年1月,,,,,,,,,柴田卓治,大野晋,http://www.aozora.gr.jp/cards/000148/files/755_ruby_3617.zip,2008-05-01,ShiftJIS,JIS X 0208,2,http://www.aozora.gr.jp/cards/000148/files/755_14963.html,2008-05-01,ShiftJIS,JIS X 0208,1
002681,文芸は男子一生の事業とするに足らざる乎,ぶんげいはだんしいっしょうのじぎょうとするにたらざるか,ふんけいはたんしいつしようのしきようとするにたらさるか,,,,「新潮」1908（明治41）年11月1日号,NDC 916,新字新仮名,なし,2002-05-27,2014-09-17,http://www.aozora.gr.jp/cards/000148/card2681.html,000148,夏目,漱石,なつめ,そうせき,なつめ,そうせき,Natsume,Soseki,著者,1867-02-09,1916-12-09,なし,筑摩全集類聚版　夏目漱石全集　10,筑摩書房,1972（昭和47）年1月10日,1972（昭和47）年1月10日第1刷,,,,,,,,,,,,,Nana ohbe,米田進,http://www.aozora.gr.jp/cards/000148/files/2681_ruby_6323.zip,2003-05-25,ShiftJIS,JIS X 0208,1,http://www.aozora.gr.jp/cards/000148/files/2681_6492.html,2003-05-25,ShiftJIS,JIS X 0208,1
002679,文士の生活,ぶんしのせいかつ,ふんしのせいかつ,夏目漱石氏－収入－衣食住－娯楽－趣味－愛憎－日常生活－執筆の前後,なつめそうせきし－しゅうにゅう－いしょくじゅう－ごらく－しゅみ－あいぞう－にちじょうせいかつ－しっぴつのぜんご,,「大阪朝日新聞」1914（大正3）年3月22日,NDC 916,新字新仮名,なし,2002-05-27,2014-09-17,http://www.aozora.gr.jp/cards/000148/card2679.html,000148,夏目,漱石,なつめ,そうせき,なつめ,そうせき,Natsume,Soseki,著者,1867-02-09,1916-12-09,なし,筑摩全集類聚版　夏目漱石全集　10,筑摩書房,1972（昭和47）年1月10日,1972（昭和47）年1月10日第1刷,,,,,,,,,,,,,Nana ohbe,米田進,http://www.aozora.gr.jp/cards/000148/files/2679_ruby_6325.zip,2003-05-25,ShiftJIS,JIS X 0208,1,http://www.aozora.gr.jp/cards/000148/files/2679_6493.html,2003-05-25,ShiftJIS,JIS X 0208,1
002371,文壇の趨勢,ぶんだんのすうせい,ふんたんのすうせい,,,,,NDC 914,新字新仮名,なし,1999-06-14,2014-09-17,http://www.aozora.gr.jp/cards/000148/card2371.html,000148,夏目,漱石,なつめ,そうせき,なつめ,そうせき,Natsume,Soseki,著者,1867-02-09,1916-12-09,なし,夏目漱石全集10,ちくま文庫、筑摩書房,1988（昭和63）年7月26日,1988（昭和63）年7月26日第1刷,,筑摩全集類聚版夏目漱石全集,筑摩書房,1971（昭和46）年4月～1972（昭和47）年1月刊行,,,,,,,,,柴田卓治,大野晋,http://www.aozora.gr.jp/cards/000148/files/2371_ruby_2071.zip,2003-11-28,ShiftJIS,JIS X 0208,2,http://www.aozora.gr.jp/cards/000148/files/2371_13943.html,2003-11-28,ShiftJIS,JIS X 0208,0
000753,文鳥,ぶんちょう,ふんちよう,,,,「大阪朝日」1908（明治41）年6月,NDC 913,新字新仮名,なし,1999-05-12,2014-09-17,http://www.aozora.gr.jp/cards/000148/card753.html,000148,夏目,漱石,なつめ,そうせき,なつめ,そうせき,Natsume,Soseki,著者,1867-02-09,1916-12-09,なし,夏目漱石全集10,ちくま文庫、筑摩書房,1988（昭和63）年7月26日,,,筑摩全集類聚版夏目漱石全集,筑摩書房,1971（昭和46）年4月～1972（昭和47）年1月刊行,,,,,,,,,柴田卓治,大野晋,http://www.aozora.gr.jp/cards/000148/files/753_ruby_1701.zip,2011-03-20,ShiftJIS,JIS X 0208,2,http://www.aozora.gr.jp/cards/000148/files/753_42587.html,2011-03-20,ShiftJIS,JIS X 0208,0
000763,変な音,へんなおと,へんなおと,,,,,NDC 914,新字新仮名,なし,1999-05-12,2014-09-17,http://www.aozora.gr.jp/cards/000148/card763.html,000148,夏目,漱石,なつめ,そうせき,なつめ,そうせき,Natsume,Soseki,著者,1867-02-09,1916-12-09,なし,夏目漱石全集10,ちくま文庫、筑摩書房,1988（昭和63）年7月26日,1988（昭和63）年7月26日第1刷,,筑摩全集類聚版夏目漱石全集,筑摩書房,1971（昭和46）年4月～1972（昭和47）年1月,,,,,,,,,柴田卓治,大野晋,http://www.aozora.gr.jp/cards/000148/files/763_ruby_1709.zip,2011-06-03,ShiftJIS,JIS X 0208,2,http://www.aozora.gr.jp/cards/000148/files/763_43525.html,2011-06-03,ShiftJIS,JIS X 0208,0
000764,変な音,へんなおと,へんなおと,,,,,NDC 914,旧字旧仮名,なし,1999-12-18,2014-09-17,http://www.aozora.gr.jp/cards/000148/card764.html,000148,夏目,漱石,なつめ,そうせき,なつめ,そうせき,Natsume,Soseki,著者,1867-02-09,1916-12-09,なし,漱石全集　第十七巻,岩波書店,1957（昭和32）年1月12日,1960（昭和35）年9月10日第2版,,,,,,,,,,,,,山田豊,Juki,http://www.aozora.gr.jp/cards/000148/files/764_ruby_2927.zip,2011-06-03,ShiftJIS,JIS X 0208,2,http://www.aozora.gr.jp/cards/000148/files/764_43524.html,2011-06-03,ShiftJIS,JIS X 0208,0
001750,僕の昔,ぼくのむかし,ほくのむかし,,,,,NDC 914,新字新仮名,なし,2005-10-11,2014-09-18,http://www.aozora.gr.jp/cards/000148/card1750.html,000148,夏目,漱石,なつめ,そうせき,なつめ,そうせき,Natsume,Soseki,著者,1867-02-09,1916-12-09,なし,吾輩は猫である（他一編）,旺文社文庫、旺文社,1965（昭和40）年7月10日,1969（昭和44）年7月1日重版,1974（昭和49）年第44刷,,,,,,,,,,,,もりみつじゅんじ,土屋隆,http://www.aozora.gr.jp/cards/000148/files/1750_ruby_19434.zip,2005-09-29,ShiftJIS,JIS X 0208,0,http://www.aozora.gr.jp/cards/000148/files/1750_19607.html,2005-09-29,ShiftJIS,JIS X 0208,0
000752,坊っちゃん,ぼっちゃん,ほつちやん,,,,「ホトトギス」1906（明治39）年4月,NDC 913,新字新仮名,なし,1999-09-13,2014-09-17,http://www.aozora.gr.jp/cards/000148/card752.html,000148,夏目,漱石,なつめ,そうせき,なつめ,そうせき,Natsume,Soseki,著者,1867-02-09,1916-12-09,なし,ちくま日本文学全集　夏目漱石,筑摩書房,1992（平成4）年1月20日,1992（平成4）年1月20日第1刷,1998（平成10）年3月15日第2刷,夏目漱石全集,ちくま文庫、筑摩書房,1987（昭和62）年10月27日,,,,,,,,,真先芳秋,柳沢成雄,http://www.aozora.gr.jp/cards/000148/files/752_ruby_2438.zip,2011-05-20,ShiftJIS,JIS X 0208,6,http://www.aozora.gr.jp/cards/000148/files/752_14964.html,2011-05-20,ShiftJIS,JIS X 0208,1
002375,マードック先生の『日本歴史』,マードックせんせいの『にほんれきし』,まあとつくせんせいのにほんれきし,,,,,NDC 914,新字新仮名,なし,1999-08-05,2014-09-17,http://www.aozora.gr.jp/cards/000148/card2375.html,000148,夏目,漱石,なつめ,そうせき,なつめ,そうせき,Natsume,Soseki,著者,1867-02-09,1916-12-09,なし,漱石文明論集,岩波文庫、岩波書店,1986（昭和61）年10月16日,1998（平成10）年7月24日第26刷,1999（平成11）年4月26日第27刷,,,,,,,,,,,,柴田卓治,しず,http://www.aozora.gr.jp/cards/000148/files/2375_ruby_2299.zip,2003-10-28,ShiftJIS,JIS X 0208,2,http://www.aozora.gr.jp/cards/000148/files/2375_13562.html,2003-10-28,ShiftJIS,JIS X 0208,0
001751,正岡子規,まさおかしき,まさおかしき,,,,「ホトトギス」1908（明治41）年9月1日号,NDC 914,新字新仮名,なし,2002-05-27,2014-09-17,http://www.aozora.gr.jp/cards/000148/card1751.html,000148,夏目,漱石,なつめ,そうせき,なつめ,そうせき,Natsume,Soseki,著者,1867-02-09,1916-12-09,なし,筑摩全集類聚版　夏目漱石全集　10,筑摩書房,1972（昭和47）年1月10日,1972（昭和47）年1月10日第1刷,,,,,,,,,,,,,Nana ohbe,米田進,http://www.aozora.gr.jp/cards/000148/files/1751_ruby_6331.zip,2003-05-25,ShiftJIS,JIS X 0208,1,http://www.aozora.gr.jp/cards/000148/files/1751_6496.html,2003-05-25,ShiftJIS,JIS X 0208,1
000780,幻影の盾,まぼろしのたて,まほろしのたて,,,,「ホトトギス」1905（明治38）年4月,NDC 913,新字新仮名,なし,1998-09-20,2014-09-17,http://www.aozora.gr.jp/cards/000148/card780.html,000148,夏目,漱石,なつめ,そうせき,なつめ,そうせき,Natsume,Soseki,著者,1867-02-09,1916-12-09,なし,倫敦塔・幻影の盾,新潮文庫、新潮社,1952（昭和27）年7月10日、1968（昭和43）年9月15日20刷改版,1997（平成9）年4月25日第69刷,1995（平成7）年8月15日第68刷,,,,,,,,,,,,藤本篤子,かとうかおり,http://www.aozora.gr.jp/cards/000148/files/780_ruby_569.zip,2004-02-29,ShiftJIS,JIS X 0208,3,http://www.aozora.gr.jp/cards/000148/files/780_14966.html,2004-02-29,ShiftJIS,JIS X 0208,0
000781,満韓ところどころ,まんかんところどころ,まんかんところところ,,,,「朝日新聞」1909（明治42）年10～12月,NDC 915,新字新仮名,なし,1999-06-20,2014-09-17,http://www.aozora.gr.jp/cards/000148/card781.html,000148,夏目,漱石,なつめ,そうせき,なつめ,そうせき,Natsume,Soseki,著者,1867-02-09,1916-12-09,なし,夏目漱石全集7,ちくま文庫、筑摩書房,1988（昭和63）年4月26日,1988（昭和63）年4月26日第1刷,1996（平成8）年3月1日第3刷,筑摩全集類聚版夏目漱石全集,筑摩書房,1971（昭和46）年4月～1972（昭和47）年1月,,,,,,,,,柴田卓治,伊藤時也,http://www.aozora.gr.jp/cards/000148/files/781_ruby_2101.zip,2004-02-29,ShiftJIS,JIS X 0208,2,http://www.aozora.gr.jp/cards/000148/files/781_14965.html,2004-02-29,ShiftJIS,JIS X 0208,0
000783,道草,みちくさ,みちくさ,,,,「朝日新聞」1915（大正4）年6月3日〜9月14日,NDC 913,新字新仮名,なし,1999-01-22,2014-09-17,http://www.aozora.gr.jp/cards/000148/card783.html,000148,夏目,漱石,なつめ,そうせき,なつめ,そうせき,Natsume,Soseki,著者,1867-02-09,1916-12-09,なし,道草,岩波文庫、岩波書店,1942（昭和17）年8月25日、1990（平成2）年4月16日第43刷改版,1995（平成7）年2月15日第49刷,1995（平成7）年2月15日第49刷,漱石全集　第6巻,岩波書店,1985（昭和60）年,,,,,,,,,らんむろ・さてぃ,細渕紀子,http://www.aozora.gr.jp/cards/000148/files/783_ruby_1311.zip,2013-03-04,ShiftJIS,JIS X 0208,7,http://www.aozora.gr.jp/cards/000148/files/783_14967.html,2013-03-04,ShiftJIS,JIS X 0208,2
000786,無題,むだい,むたい,,,,,NDC 914,新字新仮名,なし,1999-09-02,2014-09-17,http://www.aozora.gr.jp/cards/000148/card786.html,000148,夏目,漱石,なつめ,そうせき,なつめ,そうせき,Natsume,Soseki,著者,1867-02-09,1916-12-09,なし,漱石文明論集,岩波文庫、岩波書店,1986（昭和61）年10月16日,1998（平成10）年7月24日第26刷,1999（平成11）年4月26日第27刷,,,,,,,,,,,,柴田卓治,木本敦子,http://www.aozora.gr.jp/cards/000148/files/786_ruby_2375.zip,2004-02-29,ShiftJIS,JIS X 0208,1,http://www.aozora.gr.jp/cards/000148/files/786_14968.html,2004-02-29,ShiftJIS,JIS X 0208,0
000782,明暗,めいあん,めいあん,,,,「朝日新聞」1916（大正5）年5月26日～12月14日,NDC 913,新字新仮名,なし,1999-08-12,2014-09-17,http://www.aozora.gr.jp/cards/000148/card782.html,000148,夏目,漱石,なつめ,そうせき,なつめ,そうせき,Natsume,Soseki,著者,1867-02-09,1916-12-09,なし,夏目漱石全集9,ちくま文庫、筑摩書房,1988（昭和63）年6月28日,1988（昭和63）年6月28日第1刷,1996（平成8）年7月15日第3刷,筑摩全集類聚版夏目漱石全集,筑摩書房,1971（昭和46）年4月～1972（昭和47）年1月,,,,,,,,,柴田卓治,伊藤時也,http://www.aozora.gr.jp/cards/000148/files/782_ruby_2315.zip,2004-02-29,ShiftJIS,JIS X 0208,4,http://www.aozora.gr.jp/cards/000148/files/782_14969.html,2004-02-29,ShiftJIS,JIS X 0208,0
002372,明治座の所感を虚子君に問れて,めいじざのしょかんをきょしくんにとわれて,めいしさのしよかんをきよしくんにとわれて,,,,,NDC 772 914,新字新仮名,なし,1999-06-14,2014-09-17,http://www.aozora.gr.jp/cards/000148/card2372.html,000148,夏目,漱石,なつめ,そうせき,なつめ,そうせき,Natsume,Soseki,著者,1867-02-09,1916-12-09,なし,夏目漱石全集10,ちくま文庫、筑摩書房,1988（昭和63）年7月26日,1988（昭和63）年7月26日第1刷,,筑摩全集類聚版夏目漱石全集,筑摩書房,1971（昭和46）年4月～1972（昭和47）年1月刊行,,,,,,,,,柴田卓治,大野晋,http://www.aozora.gr.jp/cards/000148/files/2372_ruby_2074.zip,2003-11-28,ShiftJIS,JIS X 0208,2,http://www.aozora.gr.jp/cards/000148/files/2372_13944.html,2003-11-28,ShiftJIS,JIS X 0208,0
001747,模倣と独立,もほうとどくりつ,もほうととくりつ,,,,,NDC 914,新字新仮名,なし,2001-03-26,2014-09-17,http://www.aozora.gr.jp/cards/000148/card1747.html,000148,夏目,漱石,なつめ,そうせき,なつめ,そうせき,Natsume,Soseki,著者,1867-02-09,1916-12-09,なし,夏目漱石全集10,ちくま文庫、筑摩書房,1988（昭和63）年7月26日,1998（平成10）年7月24日第26刷,1996（平成8）年7月15日第5刷,,,,,,,,,,,,柴田卓治,双沢薫,http://www.aozora.gr.jp/cards/000148/files/1747_ruby_5349.zip,2004-02-29,ShiftJIS,JIS X 0208,1,http://www.aozora.gr.jp/cards/000148/files/1747_14970.html,2004-02-29,ShiftJIS,JIS X 0208,0
000785,門,もん,もん,,,,「朝日新聞」1910（明治43）年3月1日～6月12日,NDC 913,新字新仮名,なし,1999-04-22,2015-03-07,http://www.aozora.gr.jp/cards/000148/card785.html,000148,夏目,漱石,なつめ,そうせき,なつめ,そうせき,Natsume,Soseki,著者,1867-02-09,1916-12-09,なし,夏目漱石全集6,ちくま文庫、筑摩書房,1988（昭和63）年3月29日,1988（昭和63）年3月29日第1刷,1993（平成5）年2月25日第2刷,筑摩全集類聚版夏目漱石全集,筑摩書房,1971（昭和46）年4月～1972（昭和47）年1月,,,,,,,,,柴田卓治,高橋知仁,http://www.aozora.gr.jp/cards/000148/files/785_ruby_1656.zip,2015-03-07,ShiftJIS,JIS X 0208,4,http://www.aozora.gr.jp/cards/000148/files/785_14971.html,2015-03-07,ShiftJIS,JIS X 0208,1
000799,夢十夜,ゆめじゅうや,ゆめしゆうや,,,,,NDC 913,新字新仮名,なし,1997-12-16,2014-09-17,http://www.aozora.gr.jp/cards/000148/card799.html,000148,夏目,漱石,なつめ,そうせき,なつめ,そうせき,Natsume,Soseki,著者,1867-02-09,1916-12-09,なし,夏目漱石全集10,ちくま文庫、筑摩書房,1988（昭和63）年7月26日,1996（平成8）年7月15日第5刷,,筑摩全集類聚版夏目漱石全集,筑摩書房,1971（昭和46）年4月～1972（昭和47）年1月,,,,,,,,,野口英司,,http://www.aozora.gr.jp/cards/000148/files/799_ruby_6024.zip,2013-07-17,ShiftJIS,JIS X 0208,8,http://www.aozora.gr.jp/cards/000148/files/799_14972.html,2013-07-17,ShiftJIS,JIS X 0208,2
002675,余と万年筆,よとまんねんひつ,よとまんねんひつ,,,,,NDC 914,新字新仮名,なし,2002-05-27,2014-09-17,http://www.aozora.gr.jp/cards/000148/card2675.html,000148,夏目,漱石,なつめ,そうせき,なつめ,そうせき,Natsume,Soseki,著者,1867-02-09,1916-12-09,なし,筑摩全集類聚版　夏目漱石全集　10,筑摩書房,1972（昭和47）年1月10日,1972（昭和47）年1月10日第1刷,,,,,,,,,,,,,Nana ohbe,米田進,http://www.aozora.gr.jp/cards/000148/files/2675_ruby_6355.zip,2005-11-04,ShiftJIS,JIS X 0208,2,http://www.aozora.gr.jp/cards/000148/files/2675_6508.html,2005-11-04,ShiftJIS,JIS X 0208,2
002678,予の描かんと欲する作品,よのえがかんとほっするさくひん,よのえかかんとほつするさくひん,,,,「新潮」1909（明治42）年2月1日,NDC 916,新字新仮名,なし,2002-05-27,2014-09-17,http://www.aozora.gr.jp/cards/000148/card2678.html,000148,夏目,漱石,なつめ,そうせき,なつめ,そうせき,Natsume,Soseki,著者,1867-02-09,1916-12-09,なし,筑摩全集類聚版　夏目漱石全集　10,筑摩書房,1972（昭和47）年1月10日,1972（昭和47）年1月10日第1刷,,,,,,,,,,,,,Nana ohbe,米田進,http://www.aozora.gr.jp/cards/000148/files/2678_ruby.zip,2002-05-27,ShiftJIS,JIS X 0208,0,http://www.aozora.gr.jp/cards/000148/files/2678_6507.html,2002-08-26,ShiftJIS,JIS X 0208,0
002676,落第,らくだい,らくたい,,,,「中学文芸」1906（明治39）年9月15日,NDC 916,新字新仮名,なし,2002-05-27,2014-09-17,http://www.aozora.gr.jp/cards/000148/card2676.html,000148,夏目,漱石,なつめ,そうせき,なつめ,そうせき,Natsume,Soseki,著者,1867-02-09,1916-12-09,なし,筑摩全集類聚版　夏目漱石全集　10,筑摩書房,1972（昭和47）年1月10日,1972（昭和47）年1月10日第1刷,,,,,,,,,,,,,Nana ohbe,米田進,http://www.aozora.gr.jp/cards/000148/files/2676_ruby_6343.zip,2003-05-25,ShiftJIS,JIS X 0208,1,http://www.aozora.gr.jp/cards/000148/files/2676_6502.html,2003-05-25,ShiftJIS,JIS X 0208,1
000779,倫敦消息,ロンドンしょうそく,ろんとんしようそく,,,,,NDC 915,新字新仮名,なし,1999-11-13,2014-09-17,http://www.aozora.gr.jp/cards/000148/card779.html,000148,夏目,漱石,なつめ,そうせき,なつめ,そうせき,Natsume,Soseki,著者,1867-02-09,1916-12-09,なし,夏目漱石全集10,ちくま文庫、筑摩書房,1988（昭和63）年7月26日,1988（昭和63）年7月26日第1刷,1996（平成8）年7月15日第5刷,筑摩全集類聚版夏目漱石全集,筑摩書房,1971（昭和46）年4月～1972（昭和47）年1月,,,,,,,,,柴田卓治,大野晋,http://www.aozora.gr.jp/cards/000148/files/779_ruby_2743.zip,2004-02-29,ShiftJIS,JIS X 0208,3,http://www.aozora.gr.jp/cards/000148/files/779_14973.html,2004-02-29,ShiftJIS,JIS X 0208,0
001076,倫敦塔,ロンドンとう,ろんとんとう,,,,,NDC 913,新字新仮名,なし,2000-08-31,2014-09-17,http://www.aozora.gr.jp/cards/000148/card1076.html,000148,夏目,漱石,なつめ,そうせき,なつめ,そうせき,Natsume,Soseki,著者,1867-02-09,1916-12-09,なし,夏目漱石全集2,ちくま文庫、筑摩書房,1987（昭和62）年10月27日,1987（昭和62）年10月27日第1刷,,筑摩全集類聚版夏目漱石全集,筑摩書房,1971（昭和46）年4月～1972（昭和47）年1月,,,,,,,,,柴田卓治,LUNA CAT,http://www.aozora.gr.jp/cards/000148/files/1076_ruby_4527.zip,2004-02-29,ShiftJIS,JIS X 0208,2,http://www.aozora.gr.jp/cards/000148/files/1076_14974.html,2004-02-29,ShiftJIS,JIS X 0208,0
000789,吾輩は猫である,わがはいはねこである,わかはいはねこてある,,,,「ホトトギス」1905（明治38）年1月、2月、4月、6月、7月、10月、1906（明治39）年1月、3月、4月、8月,NDC 913,新字新仮名,なし,1999-09-21,2017-10-09,http://www.aozora.gr.jp/cards/000148/card789.html,000148,夏目,漱石,なつめ,そうせき,なつめ,そうせき,Natsume,Soseki,著者,1867-02-09,1916-12-09,なし,夏目漱石全集1,ちくま文庫、筑摩書房,1987（昭和62）年9月29日,1987（昭和62）年9月29日,1994（平成6）年9月30日第4刷,筑摩全集類聚版夏目漱石全集,筑摩書房,1971（昭和46）年4月～1972（昭和47）年1月,,,,,,,,,柴田卓治,田尻幹二、高橋真也、しず、瀬戸さえ子、おのしげひこ、渡部峰子,http://www.aozora.gr.jp/cards/000148/files/789_ruby_5639.zip,2015-02-03,ShiftJIS,JIS X 0208,14,http://www.aozora.gr.jp/cards/000148/files/789_14547.html,2015-02-03,ShiftJIS,JIS X 0208,8
000790,吾輩ハ猫デアル,わがはいハねこデアル,わかはいはねこてある,,,,「ホトトギス」1905（明治38）年1月、2月、4月、6月、7月、10月、1906（明治39）年1月、3月、4月、8月,NDC 913,旧字旧仮名,なし,1999-09-21,2017-07-17,http://www.aozora.gr.jp/cards/000148/card790.html,000148,夏目,漱石,なつめ,そうせき,なつめ,そうせき,Natsume,Soseki,著者,1867-02-09,1916-12-09,なし,新選　名著復刻全集　近代文学館　吾輩ハ猫デアル,財団法人　日本近代文学館,,1974（昭和49）年12月1日第13刷,,,,,,,,,,,,,柴田卓治、かなゐ,かなゐ,,,,,,http://www.aozora.gr.jp/cards/000148/files/790.html,1999-09-21,ShiftJIS,JIS X 0208,0
002672,『吾輩は猫である』下篇自序,『わがはいはねこである』げへんじじょ,わかはいはねこてあるけへんししよ,,,,,NDC 914,新字新仮名,なし,2002-05-27,2014-09-17,http://www.aozora.gr.jp/cards/000148/card2672.html,000148,夏目,漱石,なつめ,そうせき,なつめ,そうせき,Natsume,Soseki,著者,1867-02-09,1916-12-09,なし,筑摩全集類聚版　夏目漱石全集第十巻,筑摩書房,1972（昭和47）年1月10日,1972（昭和47）年1月10日第1刷,,,,,,,,,,,,,Nana ohbe,米田進,http://www.aozora.gr.jp/cards/000148/files/2672_ruby_6337.zip,2007-07-20,ShiftJIS,JIS X 0208,2,http://www.aozora.gr.jp/cards/000148/files/2672_6499.html,2007-07-20,ShiftJIS,JIS X 0208,2
047148,『吾輩は猫である』上篇自序,『わがはいはねこである』じょうへんじじょ,わかはいはねこてあるしようへんししよ,,,,,NDC 914,新字新仮名,なし,2008-08-22,2014-09-21,http://www.aozora.gr.jp/cards/000148/card47148.html,000148,夏目,漱石,なつめ,そうせき,なつめ,そうせき,Natsume,Soseki,著者,1867-02-09,1916-12-09,なし,夏目漱石全集第十巻,筑摩書房,1966（昭和41）年8月30日,1966（昭和41）年8月30日初版,1966（昭和41）年8月30日初版,,,,,,,,,,,,富田倫生,林幸雄,http://www.aozora.gr.jp/cards/000148/files/47148_ruby_32216.zip,2008-07-22,ShiftJIS,JIS X 0208,0,http://www.aozora.gr.jp/cards/000148/files/47148_32217.html,2008-07-22,ShiftJIS,JIS X 0208,0
002671,『吾輩は猫である』中篇自序,『わがはいはねこである』ちゅうへんじじょ,わかはいはねこてあるちゆうへんししよ,,,,,NDC 914,新字新仮名,なし,2002-05-27,2014-09-17,http://www.aozora.gr.jp/cards/000148/card2671.html,000148,夏目,漱石,なつめ,そうせき,なつめ,そうせき,Natsume,Soseki,著者,1867-02-09,1916-12-09,なし,筑摩全集類聚版　夏目漱石全集第十巻,筑摩書房,1972（昭和47）年1月10日,1972（昭和47）年1月10日第1刷,,,,,,,,,,,,,Nana ohbe,米田進,http://www.aozora.gr.jp/cards/000148/files/2671_ruby_6335.zip,2011-05-22,ShiftJIS,JIS X 0208,2,http://www.aozora.gr.jp/cards/000148/files/2671_6498.html,2011-05-22,ShiftJIS,JIS X 0208,2
002677,私の経過した学生時代,わたしのけいかしたがくせいじだい,わたしのけいかしたかくせいしたい,,,,「中学世界」1909（明治42）年1月1日,NDC 916,新字新仮名,なし,2002-05-27,2014-09-17,http://www.aozora.gr.jp/cards/000148/card2677.html,000148,夏目,漱石,なつめ,そうせき,なつめ,そうせき,Natsume,Soseki,著者,1867-02-09,1916-12-09,なし,筑摩全集類聚版　夏目漱石全集　10,筑摩書房,1972（昭和47）年1月10日,1972（昭和47）年1月10日第1刷,,,,,,,,,,,,,Nana ohbe,米田進,http://www.aozora.gr.jp/cards/000148/files/2677_ruby_6351.zip,2003-05-25,ShiftJIS,JIS X 0208,1,http://www.aozora.gr.jp/cards/000148/files/2677_6506.html,2003-05-25,ShiftJIS,JIS X 0208,1
000772,私の個人主義,わたしのこじんしゅぎ,わたしのこしんしゆき,,,,,NDC 914,新字新仮名,なし,1998-11-19,2014-09-17,http://www.aozora.gr.jp/cards/000148/card772.html,000148,夏目,漱石,なつめ,そうせき,なつめ,そうせき,Natsume,Soseki,著者,1867-02-09,1916-12-09,なし,ちくま日本文学全集　夏目漱石,筑摩書房,1992（平成4）年1月20日,1992（平成4）年1月20日 第1刷,1998（平成10）年3月15日第2刷,夏目漱石全集10,ちくま文庫、筑摩書房,1988（昭和63）年7月26日,,,,,,,,,真先芳秋,かとうかおり,http://www.aozora.gr.jp/cards/000148/files/772_ruby_33099.zip,2008-10-05,ShiftJIS,JIS X 0208,2,http://www.aozora.gr.jp/cards/000148/files/772_33100.html,2008-10-05,ShiftJIS,JIS X 0208,0
004095,あきあはせ,あきあわせ,あきあわせ,,,,,NDC 913,新字旧仮名,なし,2003-04-09,2014-09-17,http://www.aozora.gr.jp/cards/000064/card4095.html,000064,樋口,一葉,ひぐち,いちよう,ひくち,いちよう,Higuchi,Ichiyo,著者,1872-05-02,1896-11-23,なし,全集樋口一葉　第二巻　小説編二〈復刻版〉,小学館,1979（昭和54）年10月1日、1996（平成8）年11月10日復刻版,1996（平成8）年11月10日復刻版第1刷,,,,,,,,,,,,,もりみつじゅんじ,浅原庸子,http://www.aozora.gr.jp/cards/000064/files/4095_ruby_9505.zip,2003-03-23,ShiftJIS,JIS X 0208,0,http://www.aozora.gr.jp/cards/000064/files/4095_9535.html,2003-03-23,ShiftJIS,JIS X 0208,0
055659,暁月夜,あけづきよ,あけつきよ,,,,「都の花　第百一號」金港堂、1893（明治26）年2月19日,NDC 913,旧字旧仮名,なし,2013-09-06,2014-09-16,http://www.aozora.gr.jp/cards/000064/card55659.html,000064,樋口,一葉,ひぐち,いちよう,ひくち,いちよう,Higuchi,Ichiyo,著者,1872-05-02,1896-11-23,なし,都の花　第百一號,金港堂,1893（明治26）年2月19日,1893（明治26）年2月19日,1893（明治26）年2月19日,,,,,,,,,,,,万波通彦,Juki,http://www.aozora.gr.jp/cards/000064/files/55659_ruby_51157.zip,2013-08-08,ShiftJIS,JIS X 0208,0,http://www.aozora.gr.jp/cards/000064/files/55659_51158.html,2013-08-08,ShiftJIS,JIS X 0208,0
001043,雨の夜,あめのよ,あめのよ,,,,,NDC 913,新字旧仮名,なし,2000-08-19,2014-09-17,http://www.aozora.gr.jp/cards/000064/card1043.html,000064,樋口,一葉,ひぐち,いちよう,ひくち,いちよう,Higuchi,Ichiyo,著者,1872-05-02,1896-11-23,なし,日本の名随筆43　雨,作品社,1986（昭和61）年5月25日,1991（平成3）年10月20日第10刷,,,,,,,,,,,,,加藤恭子,浦田伴俊,http://www.aozora.gr.jp/cards/000064/files/1043_ruby_18856.zip,2005-06-26,ShiftJIS,JIS X 0208,1,http://www.aozora.gr.jp/cards/000064/files/1043_18857.html,2005-06-26,ShiftJIS,JIS X 0208,0
056880,うつせみ,うつせみ,うつせみ,,,,「讀賣新聞」1895（明治28）年8月27日号～31日号,NDC 913,新字旧仮名,なし,2016-10-19,2016-09-09,http://www.aozora.gr.jp/cards/000064/card56880.html,000064,樋口,一葉,ひぐち,いちよう,ひくち,いちよう,Higuchi,Ichiyo,著者,1872-05-02,1896-11-23,なし,にごりえ・たけくらべ,新潮文庫、新潮社,1949（昭和24）年6月30日,2005（平成17）年5月20日126刷,2014（平成26）年4月20日129刷,,,,,,,,,,,,岡村和彦,青米,http://www.aozora.gr.jp/cards/000064/files/56880_ruby_59989.zip,2016-09-09,ShiftJIS,JIS X 0208,0,http://www.aozora.gr.jp/cards/000064/files/56880_60034.html,2016-09-09,ShiftJIS,JIS X 0208,0
000390,うつせみ,うつせみ,うつせみ,,,,「讀賣新聞」1895（明治28）年8月27～31日,NDC 913,旧字旧仮名,なし,1997-10-15,2016-09-06,http://www.aozora.gr.jp/cards/000064/card390.html,000064,樋口,一葉,ひぐち,いちよう,ひくち,いちよう,Higuchi,Ichiyo,著者,1872-05-02,1896-11-23,なし,日本現代文學全集　10　樋口一葉集,講談社,1962（昭和37）年11月19日,1969（昭和44）年10月1日第5刷,,,,,,,,,,,,,青空文庫,小林繁雄、米田進,http://www.aozora.gr.jp/cards/000064/files/390_ruby_15298.zip,2004-03-19,ShiftJIS,JIS X 0208,0,http://www.aozora.gr.jp/cards/000064/files/390_15299.html,2004-03-19,ShiftJIS,JIS X 0208,0
056007,うつせみ,うつせみ,うつせみ,,,,「讀賣新聞」1895（明治28）年8月27～31日,NDC 913,旧字旧仮名,なし,2014-12-08,2016-09-06,http://www.aozora.gr.jp/cards/000064/card56007.html,000064,樋口,一葉,ひぐち,いちよう,ひくち,いちよう,Higuchi,Ichiyo,著者,1872-05-02,1896-11-23,なし,樋口一葉全集第二卷,新世社,1941（昭和16）年7月18日,1942（昭和17）年4月10日再版,1941（昭和16）年7月18日,校訂一葉全集,博文館,1897（明治30）年1月9日,,,,,,,,,万波通彦,岡村和彦,http://www.aozora.gr.jp/cards/000064/files/56007_ruby_54941.zip,2014-11-14,ShiftJIS,JIS X 0208,0,http://www.aozora.gr.jp/cards/000064/files/56007_54982.html,2014-11-14,ShiftJIS,JIS X 0208,0
055667,うらむらさき,うらむらさき,うらむらさき,,,,「新文壇　二號」1896（明治29）年2月5日,NDC 913,旧字旧仮名,なし,2014-11-29,2014-10-23,http://www.aozora.gr.jp/cards/000064/card55667.html,000064,樋口,一葉,ひぐち,いちよう,ひくち,いちよう,Higuchi,Ichiyo,著者,1872-05-02,1896-11-23,なし,樋口一葉全集第二卷,新世社,1941（昭和16）年7月18日,1942（昭和17）年4月10日再版,1941（昭和16）年7月18日初版,校訂一葉全集,博文館,1897（明治30）年1月9日,,,,,,,,,万波通彦,岡村和彦,http://www.aozora.gr.jp/cards/000064/files/55667_ruby_54747.zip,2014-10-23,ShiftJIS,JIS X 0208,0,http://www.aozora.gr.jp/cards/000064/files/55667_54792.html,2014-10-23,ShiftJIS,JIS X 0208,0
000388,大つごもり,おおつごもり,おおつこもり,,,,,NDC 913,旧字旧仮名,なし,1997-10-15,2014-09-17,http://www.aozora.gr.jp/cards/000064/card388.html,000064,樋口,一葉,ひぐち,いちよう,ひくち,いちよう,Higuchi,Ichiyo,著者,1872-05-02,1896-11-23,なし,日本現代文學全集　10　樋口一葉集,講談社,1962（昭和37）年11月19日第1刷,1969（昭和44）年10月1日第5刷,,,,,,,,,,,,,青空文庫,小林繁雄、米田進,http://www.aozora.gr.jp/cards/000064/files/388_ruby_15294.zip,2004-03-18,ShiftJIS,JIS X 0208,0,http://www.aozora.gr.jp/cards/000064/files/388_15295.html,2004-03-18,ShiftJIS,JIS X 0208,0
056039,大つごもり,おおつごもり,おおつこもり,,,,「文学界」1894（明治27）年12月号,NDC 913,新字旧仮名,なし,2015-03-04,2015-02-17,http://www.aozora.gr.jp/cards/000064/card56039.html,000064,樋口,一葉,ひぐち,いちよう,ひくち,いちよう,Higuchi,Ichiyo,著者,1872-05-02,1896-11-23,なし,にごりえ・たけくらべ,新潮文庫、新潮社,1949（昭和24）年6月30日、2003（平成15）年1月10日改版,2008（平成20）年6月10日128刷,2005（平成17）年5月20日126刷,,,,,,,,,,,,酔いどれ狸,Juki,http://www.aozora.gr.jp/cards/000064/files/56039_ruby_55938.zip,2015-02-17,ShiftJIS,JIS X 0208,0,http://www.aozora.gr.jp/cards/000064/files/56039_55983.html,2015-02-17,ShiftJIS,JIS X 0208,0
055661,経つくゑ,きょうつくえ,きようつくえ,,,,「甲陽新報」1892（明治25）年10月18日～25日,NDC 913,旧字旧仮名,なし,2013-11-19,2014-09-16,http://www.aozora.gr.jp/cards/000064/card55661.html,000064,樋口,一葉,ひぐち,いちよう,ひくち,いちよう,Higuchi,Ichiyo,著者,1872-05-02,1896-11-23,なし,文藝倶楽部　第六編,博文館,1895（明治28）年6月20日,1895（明治28）年6月20日,1895（明治28）年6月20日,,,,,,,,,,,,万波通彦,Juki,http://www.aozora.gr.jp/cards/000064/files/55661_ruby_51550.zip,2013-10-06,ShiftJIS,JIS X 0208,0,http://www.aozora.gr.jp/cards/000064/files/55661_51591.html,2013-10-06,ShiftJIS,JIS X 0208,0
004529,琴の音,ことのね,ことのね,,,,「文學界　第十二號」文學界雜誌社、1893（明治26）年12月30日,NDC 913,新字旧仮名,なし,2007-09-08,2014-09-21,http://www.aozora.gr.jp/cards/000064/card4529.html,000064,樋口,一葉,ひぐち,いちよう,ひくち,いちよう,Higuchi,Ichiyo,著者,1872-05-02,1896-11-23,なし,新日本古典文学大系　明治編　24　樋口一葉集,岩波書店,2001（平成13）年10月15日,2001（平成13）年10月15日第1刷,2001（平成13）年10月15日第1刷,,,,,,,,,,,,土屋隆,noriko saito,http://www.aozora.gr.jp/cards/000064/files/4529_ruby_27465.zip,2013-10-13,ShiftJIS,JIS X 0208,1,http://www.aozora.gr.jp/cards/000064/files/4529_27841.html,2013-10-13,ShiftJIS,JIS X 0208,1
056009,琴の音,ことのね,ことのね,,,,「文學界　第十二號」文學界雜誌社、1893（明治26）年12月30日,NDC 913,旧字旧仮名,なし,2013-12-19,2014-09-16,http://www.aozora.gr.jp/cards/000064/card56009.html,000064,樋口,一葉,ひぐち,いちよう,ひくち,いちよう,Higuchi,Ichiyo,著者,1872-05-02,1896-11-23,なし,文學界　第十二號,　,1893（明治26）年12月,1893（明治26）年12月,1893（明治26）年12月,,,,,,,,,,,,万波通彦,Juki,http://www.aozora.gr.jp/cards/000064/files/56009_ruby_51739.zip,2013-12-23,ShiftJIS,JIS X 0208,1,http://www.aozora.gr.jp/cards/000064/files/56009_51779.html,2013-12-23,ShiftJIS,JIS X 0208,1
055669,この子,このこ,このこ,,,,「日本之家庭」1896（明治29）年1月,NDC 913,旧字旧仮名,なし,2014-10-24,2014-09-15,http://www.aozora.gr.jp/cards/000064/card55669.html,000064,樋口,一葉,ひぐち,いちよう,ひくち,いちよう,Higuchi,Ichiyo,著者,1872-05-02,1896-11-23,なし,樋口一葉全集第二卷,新世社,1941（昭和16）年7月18日,1942（昭和17）年4月10日再版,　,校訂一葉全集,博文館,1897（明治30）年1月9日,,,,,,,,,万波通彦,Juki,http://www.aozora.gr.jp/cards/000064/files/55669_ruby_54491.zip,2014-09-12,ShiftJIS,JIS X 0208,0,http://www.aozora.gr.jp/cards/000064/files/55669_54442.html,2014-09-12,ShiftJIS,JIS X 0208,0
004380,さをのしづく,さおのしずく,さおのしすく,,,,,NDC 913,旧字旧仮名,なし,2004-02-11,2014-09-18,http://www.aozora.gr.jp/cards/000064/card4380.html,000064,樋口,一葉,ひぐち,いちよう,ひくち,いちよう,Higuchi,Ichiyo,著者,1872-05-02,1896-11-23,なし,樋口一葉全集　第三卷（下）,筑摩書房,1978（昭和53）年11月10日,1988（昭和63）年4月30初版第4刷,1978（昭和53）年11月10日,,,,,,,,,,,,三州生桑,今井忠夫,http://www.aozora.gr.jp/cards/000064/files/4380_txt_7718.zip,2004-01-20,ShiftJIS,JIS X 0208,0,http://www.aozora.gr.jp/cards/000064/files/4380_14361.html,2004-01-20,ShiftJIS,JIS X 0208,0
000386,十三夜,じゅうさんや,しゆうさんや,,,,「文藝倶樂部　閨秀小説號」博文館、1895（明治28）年12月10日,NDC 913,旧字旧仮名,なし,1997-10-15,2014-09-17,http://www.aozora.gr.jp/cards/000064/card386.html,000064,樋口,一葉,ひぐち,いちよう,ひくち,いちよう,Higuchi,Ichiyo,著者,1872-05-02,1896-11-23,なし,日本現代文學全集　10　樋口一葉集,講談社,1962（昭和37）年11月19日,1969（昭和44）年10月1日第5刷,,,,,,,,,,,,,青空文庫,小林繁雄、米田進,http://www.aozora.gr.jp/cards/000064/files/386_ruby_15290.zip,2014-05-11,ShiftJIS,JIS X 0208,1,http://www.aozora.gr.jp/cards/000064/files/386_15291.html,2014-05-11,ShiftJIS,JIS X 0208,1
056040,十三夜,じゅうさんや,しゆうさんや,,,,「文藝倶樂部・臨時増刊閨秀小説」博文館、1895（明治28）年12月10日,NDC 913,新字旧仮名,なし,2015-11-23,2015-09-01,http://www.aozora.gr.jp/cards/000064/card56040.html,000064,樋口,一葉,ひぐち,いちよう,ひくち,いちよう,Higuchi,Ichiyo,著者,1872-05-02,1896-11-23,なし,にごりえ・たけくらべ,新潮文庫、新潮社,1949（昭和24）年6月30日,2008（平成20）年6月10日128刷,2005（平成17）年5月20日126刷,,,,,,,,,,,,酔いどれ狸,Juki,http://www.aozora.gr.jp/cards/000064/files/56040_ruby_57511.zip,2015-09-01,ShiftJIS,JIS X 0208,0,http://www.aozora.gr.jp/cards/000064/files/56040_57512.html,2015-09-01,ShiftJIS,JIS X 0208,0
055670,十三夜,じゅうさんや,しゆうさんや,,,,「文藝倶樂部　閨秀小説號」博文館、1895（明治28）年12月10日,NDC 913,旧字旧仮名,なし,2015-11-23,2015-09-01,http://www.aozora.gr.jp/cards/000064/card55670.html,000064,樋口,一葉,ひぐち,いちよう,ひくち,いちよう,Higuchi,Ichiyo,著者,1872-05-02,1896-11-23,なし,文藝倶樂部　閨秀小説號,博文館,1895（明治28）年12月10日,1895（明治28）年12月10日,1895（明治28）年12月10日,,,,,,,,,,,,万波通彦,Juki,http://www.aozora.gr.jp/cards/000064/files/55670_ruby_57509.zip,2015-09-01,ShiftJIS,JIS X 0208,0,http://www.aozora.gr.jp/cards/000064/files/55670_57510.html,2015-09-01,ShiftJIS,JIS X 0208,0
004096,すゞろごと,すずろごと,すすろこと,,,,,NDC 913,新字旧仮名,なし,2003-04-09,2014-09-17,http://www.aozora.gr.jp/cards/000064/card4096.html,000064,樋口,一葉,ひぐち,いちよう,ひくち,いちよう,Higuchi,Ichiyo,著者,1872-05-02,1896-11-23,なし,全集樋口一葉　第二巻　小説編二〈復刻版〉,小学館,1979(昭和54)年10月1日、1996（平成8）年11月10日復刻,1996（平成8）年11月10日復刻版第1刷,,,,,,,,,,,,,もりみつじゅんじ,浅原庸子,http://www.aozora.gr.jp/cards/000064/files/4096_ruby_9506.zip,2003-03-23,ShiftJIS,JIS X 0208,0,http://www.aozora.gr.jp/cards/000064/files/4096_9536.html,2003-03-23,ShiftJIS,JIS X 0208,0
000389,たけくらべ,たけくらべ,たけくらへ,,,,「文學界」文學界雑誌社、1895（明治28）年1～3、8、11、12月、1896（明治29）年1月,NDC 913,旧字旧仮名,なし,1997-10-07,2014-09-17,http://www.aozora.gr.jp/cards/000064/card389.html,000064,樋口,一葉,ひぐち,いちよう,ひくち,いちよう,Higuchi,Ichiyo,著者,1872-05-02,1896-11-23,なし,日本現代文學全集　10　樋口一葉集,講談社,1962（昭和37）年11月19日,1969（昭和44）年10月1日第5刷,,,,,,,,,,,,,青空文庫,小林繁雄、米田進,http://www.aozora.gr.jp/cards/000064/files/389_ruby_15296.zip,2011-04-30,ShiftJIS,JIS X 0208,2,http://www.aozora.gr.jp/cards/000064/files/389_15297.html,2011-04-30,ShiftJIS,JIS X 0208,1
056041,たけくらべ,たけくらべ,たけくらへ,,,,「文学界」文学界雑誌社、1895（明治28）年1～3、8、11、12月、1896（明治29）年1月,NDC 913,新字旧仮名,なし,2014-11-11,2014-10-26,http://www.aozora.gr.jp/cards/000064/card56041.html,000064,樋口,一葉,ひぐち,いちよう,ひくち,いちよう,Higuchi,Ichiyo,著者,1872-05-02,1896-11-23,なし,にごりえ・たけくらべ,新潮文庫、新潮社,1949（昭和24）年6月30日、2003（平成15）年1月10日改版,2008（平成20）年6月10日128刷,2005（平成17）年5月20日126刷,,,,,,,,,,,,酔いどれ狸,岡村和彦,http://www.aozora.gr.jp/cards/000064/files/56041_ruby_54720.zip,2014-10-13,ShiftJIS,JIS X 0208,0,http://www.aozora.gr.jp/cards/000064/files/56041_54765.html,2014-10-13,ShiftJIS,JIS X 0208,0
001857,月の夜,つきのよ,つきのよ,,,,,NDC 913,新字旧仮名,なし,2000-11-06,2014-09-17,http://www.aozora.gr.jp/cards/000064/card1857.html,000064,樋口,一葉,ひぐち,いちよう,ひくち,いちよう,Higuchi,Ichiyo,著者,1872-05-02,1896-11-23,なし,日本の名随筆58　月,作品社,1987（昭和62）年8月25日,1989（平成1）年1月25日第2刷,,一葉全集　後篇,博文館,1912（大正1）年6月,,,,,,,,,葵,もりみつじゅんじ,http://www.aozora.gr.jp/cards/000064/files/1857_ruby_18925.zip,2005-06-28,ShiftJIS,JIS X 0208,0,http://www.aozora.gr.jp/cards/000064/files/1857_18926.html,2005-06-28,ShiftJIS,JIS X 0208,0
000387,にごりえ,にごりえ,にこりえ,,,,「文藝倶樂部第九篇」博文館、1895（明治28）年9月20日,NDC 913,旧字旧仮名,なし,1997-10-15,2014-09-17,http://www.aozora.gr.jp/cards/000064/card387.html,000064,樋口,一葉,ひぐち,いちよう,ひくち,いちよう,Higuchi,Ichiyo,著者,1872-05-02,1896-11-23,なし,日本現代文學全集　10　樋口一葉集,講談社,1962（昭和37）年11月19日,1969（昭和44）年10月1日第5刷,,,,,,,,,,,,,青空文庫,小林繁雄、米田進,http://www.aozora.gr.jp/cards/000064/files/387_ruby_15292.zip,2004-03-18,ShiftJIS,JIS X 0208,0,http://www.aozora.gr.jp/cards/000064/files/387_15293.html,2004-03-18,ShiftJIS,JIS X 0208,0
056042,にごりえ,にごりえ,にこりえ,,,,「文芸倶楽部」1895（明治28）年9月号,NDC 913,新字旧仮名,なし,2014-12-05,2014-11-14,http://www.aozora.gr.jp/cards/000064/card56042.html,000064,樋口,一葉,ひぐち,いちよう,ひくち,いちよう,Higuchi,Ichiyo,著者,1872-05-02,1896-11-23,なし,にごりえ・たけくらべ,新潮文庫、新潮社,1949（昭和24）年6月30日、2003（平成15）年1月10日116刷改版,2008（平成20）年6月10日128刷,2005（平成17）年5月20日126刷,,,,,,,,,,,,酔いどれ狸,岡村和彦,http://www.aozora.gr.jp/cards/000064/files/56042_ruby_54937.zip,2014-11-14,ShiftJIS,JIS X 0208,0,http://www.aozora.gr.jp/cards/000064/files/56042_54978.html,2014-11-14,ShiftJIS,JIS X 0208,0
055672,にごりえ,にごりえ,にこりえ,,,,「文藝倶樂部第九篇」1895（明治28）年9月20日,NDC 913,旧字旧仮名,なし,2016-05-02,2016-05-06,http://www.aozora.gr.jp/cards/000064/card55672.html,000064,樋口,一葉,ひぐち,いちよう,ひくち,いちよう,Higuchi,Ichiyo,著者,1872-05-02,1896-11-23,なし,文藝倶樂部第九篇,博文館,1895（明治28）年9月20日,1895（明治28）年9月20日,1895（明治28）年9月20日,,,,,,,,,,,,万波通彦,岡村和彦、日高直哉,http://www.aozora.gr.jp/cards/000064/files/55672_ruby_58768.zip,2016-05-06,ShiftJIS,JIS X 0208,1,http://www.aozora.gr.jp/cards/000064/files/55672_58811.html,2016-05-06,ShiftJIS,JIS X 0208,1
004094,軒もる月,のきもるつき,のきもるつき,,,,「毎日新聞」1895（明治28）年4月3、5日,NDC 913,新字旧仮名,なし,2003-04-09,2014-09-17,http://www.aozora.gr.jp/cards/000064/card4094.html,000064,樋口,一葉,ひぐち,いちよう,ひくち,いちよう,Higuchi,Ichiyo,著者,1872-05-02,1896-11-23,なし,全集樋口一葉　第二巻　小説編二〈復刻版〉,小学館,1979(昭和54)年10月1日、1996（平成8）年11月10日復刻版,1996（平成8）年11月10日復刻版第1刷,,,,,,,,,,,,,もりみつじゅんじ,浅原庸子,http://www.aozora.gr.jp/cards/000064/files/4094_ruby_9507.zip,2003-03-23,ShiftJIS,JIS X 0208,0,http://www.aozora.gr.jp/cards/000064/files/4094_9537.html,2003-03-23,ShiftJIS,JIS X 0208,0
056010,軒もる月,のきもるつき,のきもるつき,,,,「毎日新聞」1895（明治28）年4月3、5日,NDC 913,旧字旧仮名,なし,2014-12-11,2014-11-14,http://www.aozora.gr.jp/cards/000064/card56010.html,000064,樋口,一葉,ひぐち,いちよう,ひくち,いちよう,Higuchi,Ichiyo,著者,1872-05-02,1896-11-23,なし,樋口一葉全集第二卷,新世社,1941（昭和16）年7月18日,1942（昭和17）年4月10日再版,1941（昭和16）年7月18日,校訂一葉全集,博文館,1897（明治30）年1月9日,,,,,,,,,万波通彦,岡村和彦,http://www.aozora.gr.jp/cards/000064/files/56010_ruby_54945.zip,2014-11-14,ShiftJIS,JIS X 0208,0,http://www.aozora.gr.jp/cards/000064/files/56010_54986.html,2014-11-14,ShiftJIS,JIS X 0208,0
055663,花ごもり,はなごもり,はなこもり,,,,其一～其四「文學界　第十四號」文學界社雜誌社、1894（明治27）年2月28日<br>其五～其七「文學界　第十六號」文學界社雜誌社、1894（明治27）年4月30日,NDC 913,旧字旧仮名,なし,2016-11-23,2016-11-23,http://www.aozora.gr.jp/cards/000064/card55663.html,000064,樋口,一葉,ひぐち,いちよう,ひくち,いちよう,Higuchi,Ichiyo,著者,1872-05-02,1896-11-23,なし,文學界　第十四號,文學界社雜誌社,1894（明治27）年2月28日,1894（明治27）年2月28日,1894（明治27）年2月28日,,,,文學界　第十六號,文學界社雜誌社,1894（明治27）年4月30日,1894（明治27）年4月30日,1894（明治27）年4月30日,,,,万波通彦,Juki,http://www.aozora.gr.jp/cards/000064/files/55663_ruby_60092.zip,2016-09-09,ShiftJIS,JIS X 0208,0,http://www.aozora.gr.jp/cards/000064/files/55663_60138.html,2016-09-09,ShiftJIS,JIS X 0208,0
004379,反古しらべ,ほごしらべ,ほこしらへ,,,,,NDC 914,旧字旧仮名,なし,2005-05-28,2014-09-18,http://www.aozora.gr.jp/cards/000064/card4379.html,000064,樋口,一葉,ひぐち,いちよう,ひくち,いちよう,Higuchi,Ichiyo,著者,1872-05-02,1896-11-23,なし,樋口一葉全集　第三卷（下）,筑摩書房,1978（昭和53）年11月10日,1988（昭和63）年4月30日初版第4刷,1981（昭和56）年9月30日初版第2刷,,,,,,,,,,,,三州生桑,土屋隆,http://www.aozora.gr.jp/cards/000064/files/4379_txt_18328.zip,2005-05-07,ShiftJIS,JIS X 0208,0,http://www.aozora.gr.jp/cards/000064/files/4379_18460.html,2005-05-07,ShiftJIS,JIS X 0208,0
004527,闇桜,やみざくら,やみさくら,,,,「武蔵野　第一編」1892（明治25）年3月23日,NDC 913,新字旧仮名,なし,2007-09-04,2014-09-21,http://www.aozora.gr.jp/cards/000064/card4527.html,000064,樋口,一葉,ひぐち,いちよう,ひくち,いちよう,Higuchi,Ichiyo,著者,1872-05-02,1896-11-23,なし,新日本古典文学大系　明治編　24　樋口一葉集,岩波書店,2001（平成13）年10月15日,2001（平成13）年10月15日第1刷,2001（平成13）年10月15日第1刷,,,,,,,,,,,,土屋隆,noriko saito,http://www.aozora.gr.jp/cards/000064/files/4527_ruby_27466.zip,2007-08-09,ShiftJIS,JIS X 0208,0,http://www.aozora.gr.jp/cards/000064/files/4527_27840.html,2007-08-09,ShiftJIS,JIS X 0208,0
004528,雪の日,ゆきのひ,ゆきのひ,,,,「文学界　第三号」1893（明治26）年3月31日,NDC 913,新字旧仮名,なし,2007-09-08,2014-09-21,http://www.aozora.gr.jp/cards/000064/card4528.html,000064,樋口,一葉,ひぐち,いちよう,ひくち,いちよう,Higuchi,Ichiyo,著者,1872-05-02,1896-11-23,なし,新日本古典文学大系　明治編　24　樋口一葉集,岩波書店,2001（平成13）年10月15日,2001（平成13）年10月15日第1刷,2001（平成13）年10月15日第1刷,,,,,,,,,,,,土屋隆,noriko saito,http://www.aozora.gr.jp/cards/000064/files/4528_ruby_27467.zip,2007-08-09,ShiftJIS,JIS X 0208,0,http://www.aozora.gr.jp/cards/000064/files/4528_27842.html,2007-08-09,ShiftJIS,JIS X 0208,0
000392,ゆく雲,ゆくくも,ゆくくも,,,,,NDC 913,旧字旧仮名,なし,1997-10-15,2014-09-17,http://www.aozora.gr.jp/cards/000064/card392.html,000064,樋口,一葉,ひぐち,いちよう,ひくち,いちよう,Higuchi,Ichiyo,著者,1872-05-02,1896-11-23,なし,日本現代文學全集　10　樋口一葉集,講談社,1962（昭和37）年11月19日,1969（昭和44）年10月1日第5刷,,,,,,,,,,,,,青空文庫,小林繁雄、米田進,http://www.aozora.gr.jp/cards/000064/files/392_ruby_15302.zip,2004-03-19,ShiftJIS,JIS X 0208,0,http://www.aozora.gr.jp/cards/000064/files/392_15303.html,2004-03-19,ShiftJIS,JIS X 0208,0
056043,ゆく雲,ゆくくも,ゆくくも,,,,「太陽」1895（明治28）年5月号,NDC 913,新字旧仮名,なし,2014-11-26,2014-10-13,http://www.aozora.gr.jp/cards/000064/card56043.html,000064,樋口,一葉,ひぐち,いちよう,ひくち,いちよう,Higuchi,Ichiyo,著者,1872-05-02,1896-11-23,なし,にごりえ・たけくらべ,新潮文庫、新潮社,1949（昭和24）年6月30日、2003（平成15）年1月10日改版,2008（平成20）年6月10日128刷,2005（平成17）年5月20日126刷,,,,,,,,,,,,酔いどれ狸,岡村和彦,http://www.aozora.gr.jp/cards/000064/files/56043_ruby_54743.zip,2014-10-13,ShiftJIS,JIS X 0208,0,http://www.aozora.gr.jp/cards/000064/files/56043_54788.html,2014-10-13,ShiftJIS,JIS X 0208,0
055665,別れ霜,わかれじも,わかれしも,,,,「改進新聞」1892（明治25）年3月31日～4月10日、4月12日、14日～17日,NDC 913,旧字旧仮名,なし,2014-11-20,2014-10-26,http://www.aozora.gr.jp/cards/000064/card55665.html,000064,樋口,一葉,ひぐち,いちよう,ひくち,いちよう,Higuchi,Ichiyo,著者,1872-05-02,1896-11-23,なし,樋口一葉全集第一卷,新世社,1942（昭和17）年1月30日,1942（昭和17）年1月30日,1942（昭和17）年1月30日,校訂一葉全集,博文館,1897（明治30）年1月9日,,,,,,,,,万波通彦,岡村和彦,http://www.aozora.gr.jp/cards/000064/files/55665_ruby_54734.zip,2014-10-26,ShiftJIS,JIS X 0208,0,http://www.aozora.gr.jp/cards/000064/files/55665_54779.html,2014-10-26,ShiftJIS,JIS X 0208,0
056889,わかれ道,わかれみち,わかれみち,,,,「国民之友　二百七十七号」1896（明治29）年1月4日,NDC 913,新字旧仮名,なし,2017-05-02,2017-03-11,http://www.aozora.gr.jp/cards/000064/card56889.html,000064,樋口,一葉,ひぐち,いちよう,ひくち,いちよう,Higuchi,Ichiyo,著者,1872-05-02,1896-11-23,なし,にごりえ・たけくらべ,新潮文庫、新潮社,1949（昭和24）年6月30日,2005（平成17）年5月20日126刷,2005（平成17）年5月20日126刷,,,,,,,,,,,,岡村和彦,Juki,http://www.aozora.gr.jp/cards/000064/files/56889_ruby_61291.zip,2017-03-11,ShiftJIS,JIS X 0208,0,http://www.aozora.gr.jp/cards/000064/files/56889_61334.html,2017-03-11,ShiftJIS,JIS X 0208,0
000391,わかれ道,わかれみち,わかれみち,,,,,NDC 913,旧字旧仮名,なし,1997-10-15,2014-09-17,http://www.aozora.gr.jp/cards/000064/card391.html,000064,樋口,一葉,ひぐち,いちよう,ひくち,いちよう,Higuchi,Ichiyo,著者,1872-05-02,1896-11-23,なし,日本現代文學全集　10　樋口一葉集,講談社,1962（昭和37）年11月19日,1969（昭和44）年10月1日第5刷,,,,,,,,,,,,,青空文庫,小林繁雄、米田進,http://www.aozora.gr.jp/cards/000064/files/391_ruby_15300.zip,2004-03-19,ShiftJIS,JIS X 0208,0,http://www.aozora.gr.jp/cards/000064/files/391_15301.html,2004-03-19,ShiftJIS,JIS X 0208,0
056008,わかれ道,わかれみち,わかれみち,,,,「国民之友　二七七号」1896（明治29）年1月4日,NDC 913,旧字旧仮名,なし,2014-12-02,2014-11-14,http://www.aozora.gr.jp/cards/000064/card56008.html,000064,樋口,一葉,ひぐち,いちよう,ひくち,いちよう,Higuchi,Ichiyo,著者,1872-05-02,1896-11-23,なし,樋口一葉全集第二卷,新世社,1941（昭和16）年7月18日,1942（昭和17）年4月10日再版,1941（昭和16）年7月18日,校訂一葉全集,博文館,1897（明治30）年1月9日,,,,,,,,,万波通彦,岡村和彦,http://www.aozora.gr.jp/cards/000064/files/56008_ruby_54933.zip,2014-11-14,ShiftJIS,JIS X 0208,0,http://www.aozora.gr.jp/cards/000064/files/56008_54974.html,2014-11-14,ShiftJIS,JIS X 0208,0
049279,亜細亜諸国との和戦は我栄辱に関するなきの説,アジアしょこくとのわせんはわがえいじょくにかんするなきのせつ,あしあしよこくとのわせんはわかえいしよくにかんするなきのせつ,,,,「郵便報知新聞」報知社、1875（明治8）年10月7日,NDC 121 210,旧字旧仮名,なし,2016-09-10,2016-07-27,http://www.aozora.gr.jp/cards/000296/card49279.html,000296,福沢,諭吉,ふくざわ,ゆきち,ふくさわ,ゆきち,Fukuzawa,Yukichi,著者,1835-01-10,1901-02-03,なし,福澤諭吉全集　第20卷,岩波書店,1963（昭和38）年6月5日,1971（昭和46）年5月13日再版,1971（昭和46）年5月13日再版,郵便報知新聞,報知社,1875（明治8）年10月7日,,,,,,,,,田中哲郎,富田晶子,http://www.aozora.gr.jp/cards/000296/files/49279_txt_59588.zip,2016-06-10,ShiftJIS,JIS X 0208,0,http://www.aozora.gr.jp/cards/000296/files/49279_59630.html,2016-06-10,ShiftJIS,JIS X 0208,0
049832,御時務の儀に付申上候書付,おんじむのぎにつきもうしあげそうろうかきつけ,おんしむのきにつきもうしあけそうろうかきつけ,,,,,NDC 121 210,旧字旧仮名,なし,2016-09-10,2016-06-10,http://www.aozora.gr.jp/cards/000296/card49832.html,000296,福沢,諭吉,ふくざわ,ゆきち,ふくさわ,ゆきち,Fukuzawa,Yukichi,著者,1835-01-10,1901-02-03,なし,福澤諭吉全集　第20卷,岩波書店,1963（昭和38）年6月5日,1971（昭和46）年5月13日再版,1971（昭和46）年5月13日再版,,,,,,,,,,,,田中哲郎,富田晶子,http://www.aozora.gr.jp/cards/000296/files/49832_ruby_59589.zip,2016-06-10,ShiftJIS,JIS X 0208,0,http://www.aozora.gr.jp/cards/000296/files/49832_59631.html,2016-06-10,ShiftJIS,JIS X 0208,0
043029,女大学評論,おんなだいがくひょうろん,おんなたいかくひようろん,,,,「時事新報」1899（明治32）年連載,NDC 159,新字新仮名,なし,2006-07-20,2014-09-18,http://www.aozora.gr.jp/cards/000296/card43029.html,000296,福沢,諭吉,ふくざわ,ゆきち,ふくさわ,ゆきち,Fukuzawa,Yukichi,著者,1835-01-10,1901-02-03,なし,女大学評論・新女大学,講談社学術文庫、講談社,2001（平成13）年1月10日,2001（平成13）年1月10日第1刷,2001（平成13）年1月10日第1刷,福澤諭吉全集　第六巻,岩波書店,1959（昭和34）年,,,,,,,,,片瀬しろ,小林繁雄,http://www.aozora.gr.jp/cards/000296/files/43029_ruby_23223.zip,2006-06-27,ShiftJIS,JIS X 0208,0,http://www.aozora.gr.jp/cards/000296/files/43029_23560.html,2006-06-27,ShiftJIS,JIS X 0208,0
047054,学者安心論,がくしゃあんしんろん,かくしやあんしんろん,,,,「学者安心論」1876（明治9）年4月,NDC 370,新字新仮名,なし,2008-04-25,2014-09-21,http://www.aozora.gr.jp/cards/000296/card47054.html,000296,福沢,諭吉,ふくざわ,ゆきち,ふくさわ,ゆきち,Fukuzawa,Yukichi,著者,1835-01-10,1901-02-03,なし,福沢諭吉教育論集,岩波文庫、岩波書店,1991（平成3）年3月18日,1991（平成3）年3月18日第1刷,1991（平成3）年3月18日第1刷,福沢諭吉選集　第3巻,岩波書店,1980（昭和55）年12月18日,,,,,,,,,田中哲郎,noriko saito,http://www.aozora.gr.jp/cards/000296/files/47054_ruby_29646.zip,2008-03-24,ShiftJIS,JIS X 0208,0,http://www.aozora.gr.jp/cards/000296/files/47054_30634.html,2008-03-24,ShiftJIS,JIS X 0208,0
047061,学問のすすめ,がくもんのすすめ,かくもんのすすめ,,,,「学問のすすめ」1872（明治5）年2月,NDC 370,新字新仮名,なし,2008-02-01,2014-09-21,http://www.aozora.gr.jp/cards/000296/card47061.html,000296,福沢,諭吉,ふくざわ,ゆきち,ふくさわ,ゆきち,Fukuzawa,Yukichi,著者,1835-01-10,1901-02-03,なし,日本の名著　33　福沢諭吉,中公バックス、中央公論社,1984（昭和59）年7月20日,1984（昭和59）年7月20日初版,1984（昭和59）年7月20日初版,福沢諭吉全集　第三巻,岩波書店,1959（昭和34）年4月,,,,,,,,,任天堂株式会社,松永正敏,http://www.aozora.gr.jp/cards/000296/files/47061_ruby_28378.zip,2014-07-01,ShiftJIS,JIS X 0208,6,http://www.aozora.gr.jp/cards/000296/files/47061_29420.html,2014-04-28,ShiftJIS,JIS X 0208,6
046684,学問の独立,がくもんのどくりつ,かくもんのとくりつ,,,,「時事新報」1883（明治16）年1月20日～2月5日,NDC 371,新字新仮名,なし,2007-04-19,2014-09-21,http://www.aozora.gr.jp/cards/000296/card46684.html,000296,福沢,諭吉,ふくざわ,ゆきち,ふくさわ,ゆきち,Fukuzawa,Yukichi,著者,1835-01-10,1901-02-03,なし,福沢諭吉教育論集,岩波文庫、岩波書店,1991（平成3）年3月18日,1991（平成3）年3月18日第1刷,1991（平成3）年3月18日第1刷,福沢諭吉選集　第3巻,岩波書店,1980（昭和55）年12月18日,,,,,,,,,田中哲郎,noriko saito,http://www.aozora.gr.jp/cards/000296/files/46684_ruby_26314.zip,2007-04-04,ShiftJIS,JIS X 0208,0,http://www.aozora.gr.jp/cards/000296/files/46684_26527.html,2007-04-04,ShiftJIS,JIS X 0208,0
047149,学校の説,がっこうのせつ,かつこうのせつ,（一名、慶応義塾学校の説）,（いちめい、けいおうぎじゅくがっこうのせつ）,,,NDC 377,新字新仮名,なし,2007-10-15,2014-09-21,http://www.aozora.gr.jp/cards/000296/card47149.html,000296,福沢,諭吉,ふくざわ,ゆきち,ふくさわ,ゆきち,Fukuzawa,Yukichi,著者,1835-01-10,1901-02-03,なし,福沢諭吉教育論集,岩波文庫、岩波書店,1991（平成3）年3月18日,1991（平成3）年3月18日第1刷,1991（平成3）年3月18日第1刷,福沢諭吉選集　第3巻,岩波書店,1980（昭和55）年12月18日,,,,,,,,,田中哲郎,noriko saito,http://www.aozora.gr.jp/cards/000296/files/47149_ruby_27921.zip,2007-08-17,ShiftJIS,JIS X 0208,0,http://www.aozora.gr.jp/cards/000296/files/47149_27961.html,2007-08-17,ShiftJIS,JIS X 0208,0
047219,家庭習慣の教えを論ず,かていしゅうかんのおしえをろんず,かていしゆうかんのおしえをろんす,,,,「家庭叢談　第九号」1876（明治9）年10月,NDC 367,新字新仮名,なし,2009-02-04,2014-09-21,http://www.aozora.gr.jp/cards/000296/card47219.html,000296,福沢,諭吉,ふくざわ,ゆきち,ふくさわ,ゆきち,Fukuzawa,Yukichi,著者,1835-01-10,1901-02-03,なし,福沢諭吉家族論集,岩波文庫、岩波書店,1999（平成11）年6月16日,1999（平成11）年6月16日第1刷,1999（平成11）年6月16日第1刷,福澤諭吉全集　第19巻,岩波書店,1962（昭和37）年11月5日,,,,,,,,,田中哲郎,うきき,http://www.aozora.gr.jp/cards/000296/files/47219_ruby_33285.zip,2009-01-13,ShiftJIS,JIS X 0208,0,http://www.aozora.gr.jp/cards/000296/files/47219_34167.html,2009-01-13,ShiftJIS,JIS X 0208,0
045664,旧藩情,きゅうはんじょう,きゆうはんしよう,,,,,NDC 121 210,新字新仮名,なし,2006-12-05,2014-09-18,http://www.aozora.gr.jp/cards/000296/card45664.html,000296,福沢,諭吉,ふくざわ,ゆきち,ふくさわ,ゆきち,Fukuzawa,Yukichi,著者,1835-01-10,1901-02-03,なし,明治十年丁丑公論・瘠我慢の説,講談社学術文庫、講談社,1985（昭和60）年3月10日,1998（平成10）年2月20日第10刷,1993（平成5）年6月17日第6刷,,,,,,,,,,,,kazuishi,田中哲郎,http://www.aozora.gr.jp/cards/000296/files/45664_ruby_24519.zip,2006-11-07,ShiftJIS,JIS X 0208,0,http://www.aozora.gr.jp/cards/000296/files/45664_24680.html,2006-11-07,ShiftJIS,JIS X 0208,0
049778,教育の事,きょういくのこと,きよういくのこと,,,,「福澤文集　巻之一」1878（明治11）年1月,NDC 370,新字新仮名,なし,2011-03-18,2014-09-16,http://www.aozora.gr.jp/cards/000296/card49778.html,000296,福沢,諭吉,ふくざわ,ゆきち,ふくさわ,ゆきち,Fukuzawa,Yukichi,著者,1835-01-10,1901-02-03,なし,福沢諭吉家族論集,岩波文庫、岩波書店,1999（平成11）年6月16日,1999（平成11）年6月16日第1刷,1999（平成11）年6月16日第1刷,福澤諭吉全集　第4巻,岩波書店,1959（昭和34）年6月1日初版、1970（昭和45）年1月13日再版,,,,,,,,,田中哲郎,noriko saito,http://www.aozora.gr.jp/cards/000296/files/49778_ruby_42045.zip,2011-01-29,ShiftJIS,JIS X 0208,0,http://www.aozora.gr.jp/cards/000296/files/49778_42211.html,2011-01-29,ShiftJIS,JIS X 0208,0
046734,教育の目的,きょういくのもくてき,きよういくのもくてき,,,,「東京学士会員雑誌　第1号」1879（明治12）年6月,NDC 371,新字新仮名,なし,2007-04-12,2014-09-21,http://www.aozora.gr.jp/cards/000296/card46734.html,000296,福沢,諭吉,ふくざわ,ゆきち,ふくさわ,ゆきち,Fukuzawa,Yukichi,著者,1835-01-10,1901-02-03,なし,福沢諭吉教育論集,岩波文庫、岩波書店,1991（平成3）年3月18日,1991（平成3）年3月18日第1刷,1991（平成3）年3月18日第1刷,福沢諭吉選集　第3巻,岩波書店,1980（昭和55）年12月18日,,,,,,,,,田中哲郎,noriko saito,http://www.aozora.gr.jp/cards/000296/files/46734_ruby_25781.zip,2007-02-13,ShiftJIS,JIS X 0208,0,http://www.aozora.gr.jp/cards/000296/files/46734_26143.html,2007-02-13,ShiftJIS,JIS X 0208,0
047295,京都学校の記,きょうとがっこうのき,きようとかつこうのき,,,,,NDC 372,新字新仮名,なし,2007-12-17,2014-09-21,http://www.aozora.gr.jp/cards/000296/card47295.html,000296,福沢,諭吉,ふくざわ,ゆきち,ふくさわ,ゆきち,Fukuzawa,Yukichi,著者,1835-01-10,1901-02-03,なし,福沢諭吉教育論集,岩波文庫、岩波書店,1991（平成3）年3月18日,1991（平成3）年3月18日第1刷,1991（平成3）年3月18日第1刷,福沢諭吉選集　第3巻,岩波書店,1980（昭和55）年12月18日,,,,,,,,,田中哲郎,noriko saito,http://www.aozora.gr.jp/cards/000296/files/47295_ruby_28353.zip,2007-11-27,ShiftJIS,JIS X 0208,0,http://www.aozora.gr.jp/cards/000296/files/47295_28827.html,2007-11-27,ShiftJIS,JIS X 0208,0
049756,慶応義塾学生諸氏に告ぐ,けいおうぎじゅくがくせいしょしにつぐ,けいおうきしゆくかくせいしよしにつく,,,,「時事新報」1886（明治19）年2月2日,NDC 371,新字新仮名,なし,2009-02-04,2014-09-21,http://www.aozora.gr.jp/cards/000296/card49756.html,000296,福沢,諭吉,ふくざわ,ゆきち,ふくさわ,ゆきち,Fukuzawa,Yukichi,著者,1835-01-10,1901-02-03,なし,福沢諭吉教育論集,岩波文庫、岩波書店,1991（平成3）年3月18日,1991（平成3）年3月18日第1刷,1991（平成3）年3月18日第1刷,福沢諭吉選集　第3巻,岩波書店,1980（昭和55）年12月18日,,,,,,,,,田中哲郎,noriko saito,http://www.aozora.gr.jp/cards/000296/files/49756_ruby_33301.zip,2009-01-13,ShiftJIS,JIS X 0208,0,http://www.aozora.gr.jp/cards/000296/files/49756_34168.html,2009-01-13,ShiftJIS,JIS X 0208,0
047150,慶応義塾新議,けいおうぎじゅくしんぎ,けいおうきしゆくしんき,,,,,NDC 377,新字新仮名,なし,2007-10-15,2014-09-21,http://www.aozora.gr.jp/cards/000296/card47150.html,000296,福沢,諭吉,ふくざわ,ゆきち,ふくさわ,ゆきち,Fukuzawa,Yukichi,著者,1835-01-10,1901-02-03,なし,福沢諭吉教育論集,岩波文庫、岩波書店,1991（平成3）年3月18日,1991（平成3）年3月18日第1刷,1991（平成3）年3月18日第1刷,福沢諭吉選集　第3巻,岩波書店,1980（昭和55）年12月18日,,,,,,,,,田中哲郎,noriko saito,http://www.aozora.gr.jp/cards/000296/files/47150_ruby_27922.zip,2007-08-16,ShiftJIS,JIS X 0208,0,http://www.aozora.gr.jp/cards/000296/files/47150_27962.html,2007-08-16,ShiftJIS,JIS X 0208,0
047151,慶応義塾の記,けいおうぎじゅくのき,けいおうきしゆくのき,,,,,NDC 377,新字新仮名,なし,2007-10-20,2014-09-21,http://www.aozora.gr.jp/cards/000296/card47151.html,000296,福沢,諭吉,ふくざわ,ゆきち,ふくさわ,ゆきち,Fukuzawa,Yukichi,著者,1835-01-10,1901-02-03,なし,福沢諭吉教育論集,岩波文庫、岩波書店,1991（平成3）年3月18日,1991（平成3）年3月18日第1刷,1991（平成3）年3月18日第1刷,福沢諭吉選集　第3巻,岩波書店,1980（昭和55）年12月18日,,,,,,,,,田中哲郎,noriko saito,http://www.aozora.gr.jp/cards/000296/files/47151_ruby_27923.zip,2007-08-16,ShiftJIS,JIS X 0208,0,http://www.aozora.gr.jp/cards/000296/files/47151_27963.html,2007-08-16,ShiftJIS,JIS X 0208,0
046685,経世の学、また講究すべし,けいせいのがく、またこうきゅうすべし,けいせいのかくまたこうきゆうすへし,,,,「時事新報」1882（明治15）年3月23日,NDC 121 370,新字新仮名,なし,2007-01-27,2014-09-21,http://www.aozora.gr.jp/cards/000296/card46685.html,000296,福沢,諭吉,ふくざわ,ゆきち,ふくさわ,ゆきち,Fukuzawa,Yukichi,著者,1835-01-10,1901-02-03,なし,福沢諭吉教育論集,岩波文庫、岩波書店,1991（平成3）年3月18日,1991（平成3）年3月18日第1刷,1991（平成3）年3月18日第1刷,福沢諭吉選集　第3巻,岩波書店,1980（昭和55）年12月18日,,,,,,,,,田中哲郎,noriko saito,http://www.aozora.gr.jp/cards/000296/files/46685_ruby_24921.zip,2006-12-30,ShiftJIS,JIS X 0208,0,http://www.aozora.gr.jp/cards/000296/files/46685_25534.html,2006-12-30,ShiftJIS,JIS X 0208,0
047063,修身要領,しゅうしんようりょう,しゆうしんようりよう,,,,「時事新報」時事新報社、1900（明治33）年2月25日,NDC 377,新字旧仮名,なし,2008-08-09,2014-09-21,http://www.aozora.gr.jp/cards/000296/card47063.html,000296,福沢,諭吉,ふくざわ,ゆきち,ふくさわ,ゆきち,Fukuzawa,Yukichi,著者,1835-01-10,1901-02-03,なし,福沢諭吉選集　第3巻,岩波書店,1980（昭和55）年12月18日,1984（昭和59）年8月30日第3刷,　,,,,,,,,,,,,田中哲郎,小林和明,http://www.aozora.gr.jp/cards/000296/files/47063_ruby_32086.zip,2008-07-09,ShiftJIS,JIS X 0208,0,http://www.aozora.gr.jp/cards/000296/files/47063_32088.html,2008-07-09,ShiftJIS,JIS X 0208,0
050545,小学教育の事,しょうがくきょういくのこと,しようかくきよういくのこと,,,,「福澤文集　二編」1879（明治12）年8月,NDC 371,新字新仮名,なし,2009-12-17,2014-09-21,http://www.aozora.gr.jp/cards/000296/card50545.html,000296,福沢,諭吉,ふくざわ,ゆきち,ふくさわ,ゆきち,Fukuzawa,Yukichi,著者,1835-01-10,1901-02-03,なし,福沢諭吉教育論集,岩波文庫、岩波書店,1991（平成3）年3月18日,1991（平成3）年3月18日第1刷,1991（平成3）年3月18日第1刷,福沢諭吉選集　第12巻,岩波書店,1981（昭和56）年9月25日,,,,,,,,,田中哲郎,noriko saito,http://www.aozora.gr.jp/cards/000296/files/50545_ruby_36803.zip,2009-10-29,ShiftJIS,JIS X 0208,0,http://www.aozora.gr.jp/cards/000296/files/50545_37054.html,2009-10-29,ShiftJIS,JIS X 0208,0
043064,新女大学,しんおんなだいがく,しんおんなたいかく,,,,「時事新報」1899（明治32）年,NDC 159,新字新仮名,なし,2006-12-05,2014-09-18,http://www.aozora.gr.jp/cards/000296/card43064.html,000296,福沢,諭吉,ふくざわ,ゆきち,ふくさわ,ゆきち,Fukuzawa,Yukichi,著者,1835-01-10,1901-02-03,なし,女大学評論・新女大学,講談社学術文庫、講談社,2001（平成13）年1月10日,2001（平成13）年1月10日第1刷,2001（平成13）年1月10日第1刷,福澤諭吉全集　第六巻,岩波書店,1959（昭和34）年10月1日,,,,,,,,,片瀬しろ,田中哲郎,http://www.aozora.gr.jp/cards/000296/files/43064_ruby_24472.zip,2006-11-07,ShiftJIS,JIS X 0208,0,http://www.aozora.gr.jp/cards/000296/files/43064_24679.html,2006-11-07,ShiftJIS,JIS X 0208,0
050298,人生の楽事,じんせいのらくじ,しんせいのらくし,,,,「時事新報」1893（明治26）年11月14日,NDC 370,旧字旧仮名,なし,2011-05-07,2014-09-16,http://www.aozora.gr.jp/cards/000296/card50298.html,000296,福沢,諭吉,ふくざわ,ゆきち,ふくさわ,ゆきち,Fukuzawa,Yukichi,著者,1835-01-10,1901-02-03,なし,福澤諭吉全集　第14卷,岩波書店,1961（昭和36）年2月1日,1970（昭和45）年11月13日再版,1970（昭和45）年11月13日再版,,,,,,,,,,,,田中哲郎,小林繁雄,http://www.aozora.gr.jp/cards/000296/files/50298_ruby_42406.zip,2011-04-04,ShiftJIS,JIS X 0208,0,http://www.aozora.gr.jp/cards/000296/files/50298_42685.html,2011-04-04,ShiftJIS,JIS X 0208,0
049757,成学即身実業の説、学生諸氏に告ぐ,せいがくそくしんじつぎょうのせつ、がくせいしょしにつぐ,せいかくそくしんしつきようのせつかくせいしよしにつく,,,,「時事新報」1886（明治19）年2月18日,NDC 371,新字新仮名,なし,2009-02-04,2014-09-21,http://www.aozora.gr.jp/cards/000296/card49757.html,000296,福沢,諭吉,ふくざわ,ゆきち,ふくさわ,ゆきち,Fukuzawa,Yukichi,著者,1835-01-10,1901-02-03,なし,福沢諭吉教育論集,岩波文庫、岩波書店,1991（平成3）年3月18日,1991（平成3）年3月18日第1刷,1991（平成3）年3月18日第1刷,福沢諭吉選集　第3巻,岩波書店,1980（昭和55）年12月18日,,,,,,,,,田中哲郎,noriko saito,http://www.aozora.gr.jp/cards/000296/files/49757_ruby_33300.zip,2009-01-13,ShiftJIS,JIS X 0208,0,http://www.aozora.gr.jp/cards/000296/files/49757_34169.html,2009-01-13,ShiftJIS,JIS X 0208,0
050273,政事と教育と分離すべし,せいじときょういくとぶんりすべし,せいしときよういくとふんりすへし,,,,「時事新報」1884（明治17）年12月7～8日,NDC 371,新字新仮名,なし,2009-07-04,2014-09-21,http://www.aozora.gr.jp/cards/000296/card50273.html,000296,福沢,諭吉,ふくざわ,ゆきち,ふくさわ,ゆきち,Fukuzawa,Yukichi,著者,1835-01-10,1901-02-03,なし,福沢諭吉教育論集,岩波文庫、岩波書店,1991（平成3）年3月18日,1991（平成3）年3月18日第1刷,1991（平成3）年3月18日第1刷,福澤諭吉全集　第9巻,岩波書店,1960（昭和35）年4月1日,,,,,,,,,田中哲郎,noriko saito,http://www.aozora.gr.jp/cards/000296/files/50273_ruby_35109.zip,2009-06-18,ShiftJIS,JIS X 0208,0,http://www.aozora.gr.jp/cards/000296/files/50273_35408.html,2009-06-18,ShiftJIS,JIS X 0208,0
047152,中元祝酒の記,ちゅうげんいわいざけのき,ちゆうけんいわいさけのき,,,,,NDC 377,新字新仮名,なし,2007-10-20,2014-09-21,http://www.aozora.gr.jp/cards/000296/card47152.html,000296,福沢,諭吉,ふくざわ,ゆきち,ふくさわ,ゆきち,Fukuzawa,Yukichi,著者,1835-01-10,1901-02-03,なし,福沢諭吉教育論集,岩波文庫、岩波書店,1991（平成3）年3月18日,1991（平成3）年3月18日第1刷,1991（平成3）年3月18日第1刷,福沢諭吉選集　第3巻,岩波書店,1980（昭和55）年12月18日,,,,,,,,,田中哲郎,noriko saito,http://www.aozora.gr.jp/cards/000296/files/47152_ruby_27924.zip,2007-08-16,ShiftJIS,JIS X 0208,0,http://www.aozora.gr.jp/cards/000296/files/47152_27964.html,2007-08-16,ShiftJIS,JIS X 0208,0
047030,徳育如何,とくいくいかん,とくいくいかん,,,,「時事新報」時事新報社、1882（明治15）年10月21～25日,NDC 371,新字新仮名,なし,2007-06-25,2014-09-21,http://www.aozora.gr.jp/cards/000296/card47030.html,000296,福沢,諭吉,ふくざわ,ゆきち,ふくさわ,ゆきち,Fukuzawa,Yukichi,著者,1835-01-10,1901-02-03,なし,福沢諭吉教育論集,岩波文庫、岩波書店,1991（平成3）年3月18日,1991（平成3）年3月18日第1刷,,福沢諭吉選集　第3巻,岩波書店,1980（昭和55）年12月18日,,,,,,,,,田中哲郎,noriko saito,http://www.aozora.gr.jp/cards/000296/files/47030_ruby_26828.zip,2007-05-05,ShiftJIS,JIS X 0208,0,http://www.aozora.gr.jp/cards/000296/files/47030_26841.html,2007-05-05,ShiftJIS,JIS X 0208,0
050307,読倫理教科書,どくりんりきょうかしょ,とくりんりきようかしよ,,,,「時事新報」1890（明治23）年3月18日,NDC 371,新字新仮名,なし,2009-07-04,2014-09-21,http://www.aozora.gr.jp/cards/000296/card50307.html,000296,福沢,諭吉,ふくざわ,ゆきち,ふくさわ,ゆきち,Fukuzawa,Yukichi,著者,1835-01-10,1901-02-03,なし,福沢諭吉教育論集,岩波文庫、岩波書店,1991（平成3）年3月18日,1991（平成3）年3月18日第1刷,1991（平成3）年3月18日第1刷,福澤諭吉全集　第12巻,岩波書店,1960（昭和35）年10月1日,,,,,,,,,田中哲郎,noriko saito,http://www.aozora.gr.jp/cards/000296/files/50307_ruby_35111.zip,2009-06-12,ShiftJIS,JIS X 0208,0,http://www.aozora.gr.jp/cards/000296/files/50307_35381.html,2009-06-12,ShiftJIS,JIS X 0208,0
046890,中津留別の書,なかつりゅうべつのしょ,なかつりゆうへつのしよ,,,,「新聞雑誌　第37号付録」1872（明治5）年3月,NDC 371,新字新仮名,なし,2007-04-12,2014-09-21,http://www.aozora.gr.jp/cards/000296/card46890.html,000296,福沢,諭吉,ふくざわ,ゆきち,ふくさわ,ゆきち,Fukuzawa,Yukichi,著者,1835-01-10,1901-02-03,なし,福沢諭吉教育論集,岩波文庫、岩波書店,1991（平成3）年3月18日,1991（平成3）年3月18日第1刷,1991（平成3）年3月18日第1刷,福沢諭吉選集　第9巻,岩波書店,1981（昭和56）年1月26日,,,,,,,,,田中哲郎,noriko saito,http://www.aozora.gr.jp/cards/000296/files/46890_ruby_25782.zip,2007-02-13,ShiftJIS,JIS X 0208,0,http://www.aozora.gr.jp/cards/000296/files/46890_26144.html,2007-02-13,ShiftJIS,JIS X 0208,0
047343,肉食之説,にくじきのせつ,にくしきのせつ,,,,,NDC 498 648,旧字旧仮名,なし,2011-06-07,2014-09-16,http://www.aozora.gr.jp/cards/000296/card47343.html,000296,福沢,諭吉,ふくざわ,ゆきち,ふくさわ,ゆきち,Fukuzawa,Yukichi,著者,1835-01-10,1901-02-03,なし,福澤諭吉全集　第20卷,岩波書店,1963（昭和38）年6月5日,1971（昭和46）年5月13日再版,1963（昭和38）年6月5日,,,,,,,,,,,,田中哲郎,小林繁雄,http://www.aozora.gr.jp/cards/000296/files/47343_ruby_42674.zip,2011-05-07,ShiftJIS,JIS X 0208,0,http://www.aozora.gr.jp/cards/000296/files/47343_42900.html,2011-05-07,ShiftJIS,JIS X 0208,0
047293,日本男子論,にほんだんしろん,にほんたんしろん,,,,「時事新報」1888（明治21）年1月13日～24日,NDC 367,新字新仮名,なし,2009-02-04,2014-09-21,http://www.aozora.gr.jp/cards/000296/card47293.html,000296,福沢,諭吉,ふくざわ,ゆきち,ふくさわ,ゆきち,Fukuzawa,Yukichi,著者,1835-01-10,1901-02-03,なし,福沢諭吉家族論集,岩波文庫、岩波書店,1999（平成11）年6月16日,1999（平成11）年6月16日第1刷,1999（平成11）年6月16日第1刷,福沢諭吉選集　第9巻,岩波書店,1981（昭和56）年1月26日,,,,,,,,,田中哲郎,うきき,http://www.aozora.gr.jp/cards/000296/files/47293_ruby_33286.zip,2009-01-13,ShiftJIS,JIS X 0208,0,http://www.aozora.gr.jp/cards/000296/files/47293_34170.html,2009-01-13,ShiftJIS,JIS X 0208,0
001864,福翁自伝,ふくおうじでん,ふくおうしてん,02 福翁自伝,02 ふくおうじでん,,「時事新報」時事新報社、1898（明治31）年7月1日号～1899（明治32）年2月16日号,NDC 289,新字新仮名,なし,2017-06-15,2017-07-21,http://www.aozora.gr.jp/cards/000296/card1864.html,000296,福沢,諭吉,ふくざわ,ゆきち,ふくさわ,ゆきち,Fukuzawa,Yukichi,著者,1835-01-10,1901-02-03,なし,福澤諭吉著作集　第12巻　福翁自伝　福澤全集緒言,慶應義塾大学出版会,2003（平成15）年11月17日,2003（平成15）年11月17日初版第1刷,2003（平成15）年11月17日初版第1刷,福翁自傳,時事新報社,1899（明治32）年6月15日,,,,,,,,,田中哲郎,りゅうぞう,http://www.aozora.gr.jp/cards/000296/files/1864_ruby_61551.zip,2017-07-21,ShiftJIS,JIS X 0208,1,http://www.aozora.gr.jp/cards/000296/files/1864_61590.html,2017-07-21,ShiftJIS,JIS X 0208,1
046686,物理学の要用,ぶつりがくのようよう,ふつりかくのようよう,,,,「時事新報」1882（明治15）年3月22日,NDC 121 420,新字新仮名,なし,2007-01-27,2014-09-21,http://www.aozora.gr.jp/cards/000296/card46686.html,000296,福沢,諭吉,ふくざわ,ゆきち,ふくさわ,ゆきち,Fukuzawa,Yukichi,著者,1835-01-10,1901-02-03,なし,福沢諭吉教育論集,岩波文庫、岩波書店,1991（平成3）年3月18日,1991（平成3）年3月18日第1刷,1991（平成3）年3月18日第1刷,福沢諭吉選集　第3巻,岩波書店,1980（昭和55）年12月18日,,,,,,,,,田中哲郎,noriko saito,http://www.aozora.gr.jp/cards/000296/files/46686_ruby_24922.zip,2006-12-30,ShiftJIS,JIS X 0208,0,http://www.aozora.gr.jp/cards/000296/files/46686_25533.html,2006-12-30,ShiftJIS,JIS X 0208,0
050553,文明教育論,ぶんめいきょういくろん,ふんめいきよういくろん,,,,「時事新報」時事新報社、1889（明治22）年8月5日,NDC 371,新字新仮名,なし,2009-12-17,2014-09-21,http://www.aozora.gr.jp/cards/000296/card50553.html,000296,福沢,諭吉,ふくざわ,ゆきち,ふくさわ,ゆきち,Fukuzawa,Yukichi,著者,1835-01-10,1901-02-03,なし,福沢諭吉教育論集,岩波文庫、岩波書店,1991（平成3）年3月18日,1991（平成3）年3月18日第1刷,1991（平成3）年3月18日第1刷,福澤諭吉全集　第12巻,岩波書店,1960（昭和35）年10月1日,,,,,,,,,田中哲郎,noriko saito,http://www.aozora.gr.jp/cards/000296/files/50553_ruby_36804.zip,2009-10-29,ShiftJIS,JIS X 0208,0,http://www.aozora.gr.jp/cards/000296/files/50553_37053.html,2009-10-29,ShiftJIS,JIS X 0208,0
046848,明治三十一年三月十二日三田演説会に於ける演説,めいじさんじゅういちねんさんがつじゅうににちみたえんぜつかいにおけるえんぜつ,めいしさんしゆういちねんさんかつしゆうににちみたえんせつかいにおけるえんせつ,,,,「慶應義塾學報　第二號」1898（明治31）年4月,NDC 370,旧字旧仮名,なし,2011-05-07,2014-09-16,http://www.aozora.gr.jp/cards/000296/card46848.html,000296,福沢,諭吉,ふくざわ,ゆきち,ふくさわ,ゆきち,Fukuzawa,Yukichi,著者,1835-01-10,1901-02-03,なし,福澤諭吉全集　第19卷,岩波書店,1962（昭和37）年11月5日,1971（昭和46）年4月13日再版,1971（昭和46）年4月13日再版,,,,,,,,,,,,田中哲郎,小林繁雄,http://www.aozora.gr.jp/cards/000296/files/46848_ruby_42407.zip,2011-04-01,ShiftJIS,JIS X 0208,0,http://www.aozora.gr.jp/cards/000296/files/46848_42686.html,2011-04-01,ShiftJIS,JIS X 0208,0
046826,瘠我慢の説,やせがまんのせつ,やせかまんのせつ,02 瘠我慢の説,02 やせがまんのせつ,,「時事新報」1901（明治34）年1月1日,NDC 121 312,新字新仮名,なし,2006-12-14,2014-09-18,http://www.aozora.gr.jp/cards/000296/card46826.html,000296,福沢,諭吉,ふくざわ,ゆきち,ふくさわ,ゆきち,Fukuzawa,Yukichi,著者,1835-01-10,1901-02-03,なし,明治十年丁丑公論・瘠我慢の説,講談社学術文庫、講談社,1985（昭和60）年3月10日,1998（平成10）年2月20日第10刷,1993（平成5）年6月17日第6刷,明治十年丁丑公論・瘠我慢の説,時事新報社,1901（明治34）年5月2日,,,,,,,,,kazuishi,田中哲郎,http://www.aozora.gr.jp/cards/000296/files/46826_ruby_24770.zip,2006-11-07,ShiftJIS,JIS X 0208,0,http://www.aozora.gr.jp/cards/000296/files/46826_24771.html,2006-11-07,ShiftJIS,JIS X 0208,0
046827,瘠我慢の説,やせがまんのせつ,やせかまんのせつ,03 書簡,03 しょかん,,「明治十年丁丑公論・瘠我慢の説」時事新報社、1901（明治34）年5月2日,NDC 915,新字新仮名,なし,2006-12-14,2014-09-18,http://www.aozora.gr.jp/cards/000296/card46827.html,000296,福沢,諭吉,ふくざわ,ゆきち,ふくさわ,ゆきち,Fukuzawa,Yukichi,著者,1835-01-10,1901-02-03,なし,明治十年丁丑公論・瘠我慢の説,講談社学術文庫、講談社,1985（昭和60）年3月10日,1998（平成10）年2月20日第10刷,1993（平成5）年6月17日第6刷,明治十年丁丑公論・瘠我慢の説,時事新報社,1901（明治34）年5月2日,,,,,,,,,kazuishi,田中哲郎,http://www.aozora.gr.jp/cards/000296/files/46827_ruby_24772.zip,2006-11-07,ShiftJIS,JIS X 0208,0,http://www.aozora.gr.jp/cards/000296/files/46827_24773.html,2006-11-07,ShiftJIS,JIS X 0208,0
047353,養生の心得,ようじょうのこころえ,ようしようのこころえ,,,,,NDC 498,旧字旧仮名,なし,2011-06-07,2014-09-16,http://www.aozora.gr.jp/cards/000296/card47353.html,000296,福沢,諭吉,ふくざわ,ゆきち,ふくさわ,ゆきち,Fukuzawa,Yukichi,著者,1835-01-10,1901-02-03,なし,福澤諭吉全集　第20卷,岩波書店,1963（昭和38）年6月5日,1971（昭和46）年5月13日再版,1963（昭和38）年6月5日,,,,,,,,,,,,田中哲郎,小林繁雄,http://www.aozora.gr.jp/cards/000296/files/47353_ruby_42675.zip,2011-05-08,ShiftJIS,JIS X 0208,0,http://www.aozora.gr.jp/cards/000296/files/47353_42899.html,2011-05-08,ShiftJIS,JIS X 0208,1
001869,浮雲,うきぐも,うきくも,,,,,NDC 913,新字新仮名,なし,2008-12-25,2014-09-21,http://www.aozora.gr.jp/cards/000006/card1869.html,000006,二葉亭,四迷,ふたばてい,しめい,ふたはてい,しめい,Futabatei,Shimei,著者,1864-04-04,1909-05-10,なし,浮雲,新潮文庫、新潮社,1951（昭和26）年12月15日,1997（平成9）年4月10日81刷,2006（平成18）年6月15日87刷,,,,,,,,,,,,佐野暢之、任天堂株式会社,小林繁雄、門田裕志,http://www.aozora.gr.jp/cards/000006/files/1869_ruby_33306.zip,2008-12-02,ShiftJIS,JIS X 0208,0,http://www.aozora.gr.jp/cards/000006/files/1869_33656.html,2008-12-02,ShiftJIS,JIS X 0208,0
046659,エスペラントの話,エスペラントのはなし,えすへらんとのはなし,,,,「女学世界」1906（明治39）年9月,NDC 899,新字旧仮名,なし,2007-02-11,2016-09-21,http://www.aozora.gr.jp/cards/000006/card46659.html,000006,二葉亭,四迷,ふたばてい,しめい,ふたはてい,しめい,Futabatei,Shimei,著者,1864-04-04,1909-05-10,なし,現代日本文學大系　1　政治小説・坪内逍遙・二葉亭四迷集,筑摩書房,1971（昭和46）年2月5日,1985（昭和60）年11月10日初版第15刷,1985（昭和60）年11月10日初版第15刷,,,,,,,,,,,,土屋隆,Juki,http://www.aozora.gr.jp/cards/000006/files/46659_ruby_25028.zip,2007-01-08,ShiftJIS,JIS X 0208,0,http://www.aozora.gr.jp/cards/000006/files/46659_25721.html,2007-01-08,ShiftJIS,JIS X 0208,0
047064,嫉妬する夫の手記,しっとするおっとのしゅき,しつとするおつとのしゆき,,,,,NDC 914,新字旧仮名,なし,2008-08-07,2014-09-21,http://www.aozora.gr.jp/cards/000006/card47064.html,000006,二葉亭,四迷,ふたばてい,しめい,ふたはてい,しめい,Futabatei,Shimei,著者,1864-04-04,1909-05-10,なし,日本の名随筆　別巻77　嫉妬,作品社,1997（平成9）年7月25日,1997（平成9）年7月25日第1刷,1997（平成9）年7月25日第1刷　,二葉亭四迷全集　第八巻,岩波書店,1965（昭和40）年4月,,,,,,,,,浦山敦子,noriko saito,http://www.aozora.gr.jp/cards/000006/files/47064_txt_31250.zip,2008-06-04,ShiftJIS,JIS X 0208,0,http://www.aozora.gr.jp/cards/000006/files/47064_31847.html,2008-06-04,ShiftJIS,JIS X 0208,0
001868,小説総論,しょうせつそうろん,しようせつそうろん,,,,,NDC 901,新字新仮名,なし,2000-11-08,2014-09-17,http://www.aozora.gr.jp/cards/000006/card1868.html,000006,二葉亭,四迷,ふたばてい,しめい,ふたはてい,しめい,Futabatei,Shimei,著者,1864-04-04,1909-05-10,なし,平凡・私は懐疑派だ,講談社文芸文庫、講談社,1997（平成9）年12月10日,,,二葉亭四迷全集,筑摩書房,1984（昭和59）年11月～1991（平成3）年11月,,,,,,,,,長住由生,はやしだかずこ,http://www.aozora.gr.jp/cards/000006/files/1868_ruby_22436.zip,2006-03-29,ShiftJIS,JIS X 0208,1,http://www.aozora.gr.jp/cards/000006/files/1868_22437.html,2006-03-29,ShiftJIS,JIS X 0208,0
004627,旅日記,たびにっき,たひにつき,東海道線,とうかいどうせん,,「東京朝日新聞」1908（明治41）年7月8～14日,NDC 915,新字旧仮名,なし,2004-12-28,2014-09-18,http://www.aozora.gr.jp/cards/000006/card4627.html,000006,二葉亭,四迷,ふたばてい,しめい,ふたはてい,しめい,Futabatei,Shimei,著者,1864-04-04,1909-05-10,なし,現代日本紀行文学全集　中部日本編,ほるぷ出版,1976（昭和51）年8月1日,1976（昭和51）年8月1日初版,1976（昭和51）年8月1日初版,,,,,,,,,,,,林幸雄,土屋隆,http://www.aozora.gr.jp/cards/000006/files/4627_ruby_17006.zip,2004-12-05,ShiftJIS,JIS X 0208,0,http://www.aozora.gr.jp/cards/000006/files/4627_17128.html,2004-12-05,ShiftJIS,JIS X 0208,0
003310,平凡,へいぼん,へいほん,,,,,NDC 913,新字新仮名,なし,2003-01-21,2014-09-17,http://www.aozora.gr.jp/cards/000006/card3310.html,000006,二葉亭,四迷,ふたばてい,しめい,ふたはてい,しめい,Futabatei,Shimei,著者,1864-04-04,1909-05-10,なし,平凡・私は懐疑派だ,講談社　講談社文芸文庫,1997（平成9）年12月10日,1997（平成9）年12月10日第1刷,,二葉亭四迷全集　第一巻,筑摩書房,1984（昭和59）年11月,,,,,,,,,砂場清隆,松永正敏,http://www.aozora.gr.jp/cards/000006/files/3310_ruby_8278.zip,2003-01-15,ShiftJIS,JIS X 0208,0,http://www.aozora.gr.jp/cards/000006/files/3310_8291.html,2003-01-15,ShiftJIS,JIS X 0208,0
003311,遺言状・遺族善後策,ゆいごんじょう・いぞくぜんごさく,ゆいこんしよういそくせんこさく,,,,,NDC 916,新字新仮名,なし,2002-10-12,2014-09-17,http://www.aozora.gr.jp/cards/000006/card3311.html,000006,二葉亭,四迷,ふたばてい,しめい,ふたはてい,しめい,Futabatei,Shimei,著者,1864-04-04,1909-05-10,なし,平凡・私は懐疑派だ,講談社　講談社文芸文庫,1997（平成9）年12月10日第1刷発行,1997（平成9）年12月10日第1刷発行,,二葉亭四迷全集　第七巻,筑摩書房,1991（平成3）年11月,,,,,,,,,砂場清隆,門田裕志,http://www.aozora.gr.jp/cards/000006/files/3311_ruby_7023.zip,2002-10-09,ShiftJIS,JIS X 0208,1,http://www.aozora.gr.jp/cards/000006/files/3311_7024.html,2002-10-09,ShiftJIS,JIS X 0208,1
000901,余が言文一致の由来,よがげんぶんいっちのゆらい,よかけんふんいつちのゆらい,,,,,NDC 901,旧字旧仮名,なし,1997-07-07,2014-09-17,http://www.aozora.gr.jp/cards/000006/card901.html,000006,二葉亭,四迷,ふたばてい,しめい,ふたはてい,しめい,Futabatei,Shimei,著者,1864-04-04,1909-05-10,なし,二葉亭四迷全集第五卷,岩波書店,1938（昭和13）年1月15日,1938（昭和13）年1月15日,1938（昭和13）年1月15日,,,,,,,,,,,,岡島昭浩,小林繁雄,http://www.aozora.gr.jp/cards/000006/files/901_ruby_16058.zip,2004-07-11,ShiftJIS,JIS X 0208,0,http://www.aozora.gr.jp/cards/000006/files/901_16059.html,2004-07-11,ShiftJIS,JIS X 0208,0
000383,予が半生の懺悔,よがはんせいのざんげ,よかはんせいのさんけ,,,,,NDC 914,新字新仮名,なし,2000-05-04,2014-09-17,http://www.aozora.gr.jp/cards/000006/card383.html,000006,二葉亭,四迷,ふたばてい,しめい,ふたはてい,しめい,Futabatei,Shimei,著者,1864-04-04,1909-05-10,なし,平凡・私は懐疑派だ,講談社文芸文庫、講談社,1997（平成9）年12月10日,,,二葉亭四迷全集　第一、二、三、四、七巻,筑摩書房,1984（昭和59）年11月～1991（平成3）年11月,,,,,,,,,長住由生,もりみつじゅんじ,http://www.aozora.gr.jp/cards/000006/files/383_ruby_22434.zip,2006-03-29,ShiftJIS,JIS X 0208,1,http://www.aozora.gr.jp/cards/000006/files/383_22435.html,2006-03-29,ShiftJIS,JIS X 0208,0
000384,余が翻訳の標準,よがほんやくのひょうじゅん,よかほんやくのひようしゆん,,,,,NDC 801,新字新仮名,なし,2000-05-04,2014-09-17,http://www.aozora.gr.jp/cards/000006/card384.html,000006,二葉亭,四迷,ふたばてい,しめい,ふたはてい,しめい,Futabatei,Shimei,著者,1864-04-04,1909-05-10,なし,平凡・私は懐疑派だ,講談社文芸文庫、講談社,1997（平成9）年12月10日,,,二葉亭四迷全集　第一、二、三、四、七巻,筑摩書房,1984（昭和59）年11月～1991（平成3）年11月,,,,,,,,,長住由生,もりみつじゅんじ,http://www.aozora.gr.jp/cards/000006/files/384_ruby_22427.zip,2006-03-28,ShiftJIS,JIS X 0208,1,http://www.aozora.gr.jp/cards/000006/files/384_22428.html,2006-03-28,ShiftJIS,JIS X 0208,0
000382,私は懐疑派だ,わたしはかいぎはだ,わたしはかいきはた,,,,,NDC 914,新字新仮名,なし,2000-05-04,2014-09-17,http://www.aozora.gr.jp/cards/000006/card382.html,000006,二葉亭,四迷,ふたばてい,しめい,ふたはてい,しめい,Futabatei,Shimei,著者,1864-04-04,1909-05-10,なし,平凡・私は懐疑派だ,講談社文芸文庫、講談社,1997（平成9）年12月10日,,,二葉亭四迷全集　第一、二、三、四、七巻,筑摩書房,1984（昭和59）年11月～1991（平成3）年11月,,,,,,,,,長住由生,もりみつじゅんじ,http://www.aozora.gr.jp/cards/000006/files/382_ruby_22429.zip,2006-03-28,ShiftJIS,JIS X 0208,1,http://www.aozora.gr.jp/cards/000006/files/382_22430.html,2006-03-28,ShiftJIS,JIS X 0208,0
002595,あそび,あそび,あそひ,,,,「三田文學」1910（明治43）年8月,NDC 913,新字新仮名,なし,2001-06-19,2016-02-06,http://www.aozora.gr.jp/cards/000129/card2595.html,000129,森,鴎外,もり,おうがい,もり,おうかい,Mori,Ogai,著者,1862-02-17,1922-07-09,なし,普請中　青年　森鴎外全集2,ちくま文庫、筑摩書房,1995（平成7）年7月24日,1995（平成7）年7月24日第1刷,1995（平成7）年7月24日第1刷,筑摩全集類聚版森鴎外全集,筑摩書房,1971（昭和46）年4月～9月,,,,,,,,,鈴木修一,mayu,http://www.aozora.gr.jp/cards/000129/files/2595_ruby_20435.zip,2016-02-06,ShiftJIS,JIS X 0208,3,http://www.aozora.gr.jp/cards/000129/files/2595_20436.html,2016-02-06,ShiftJIS,JIS X 0208,2
000673,阿部一族,あべいちぞく,あへいちそく,,,,「中央公論」1913（大正2）年1月,NDC 913,新字新仮名,なし,2000-02-14,2014-09-17,http://www.aozora.gr.jp/cards/000129/card673.html,000129,森,鴎外,もり,おうがい,もり,おうかい,Mori,Ogai,著者,1862-02-17,1922-07-09,なし,日本の文学　3　森鴎外（二）,中央公論社,1972（昭和47）年10月20日,,,,,,,,,,,,,,真先芳秋,進恵子,http://www.aozora.gr.jp/cards/000129/files/673_ruby_23254.zip,2006-05-16,ShiftJIS,JIS X 0208,3,http://www.aozora.gr.jp/cards/000129/files/673_23255.html,2006-05-16,ShiftJIS,JIS X 0208,0
002084,伊沢蘭軒,いさわらんけん,いさわらんけん,,,,「大阪毎日新聞」「東京日日新聞」1916（大正5）年6月～1917（大正6）年9月,NDC 913,新字旧仮名,なし,2005-01-24,2014-09-18,http://www.aozora.gr.jp/cards/000129/card2084.html,000129,森,鴎外,もり,おうがい,もり,おうかい,Mori,Ogai,著者,1862-02-17,1922-07-09,なし,鴎外選集　第7巻　,岩波書店,1979（昭和54）年5月22日,1979（昭和54）年5月22日第1刷,1979（昭和54）年5月22日第1刷,,,,鴎外選集　第8巻,岩波書店,1979（昭和54）年6月22日,1979（昭和54）年6月22日第1刷,1979（昭和54）年6月22日第1刷,,,,小林繁雄、網迫,松永正敏,http://www.aozora.gr.jp/cards/000129/files/2084_ruby_17360.zip,2014-03-27,ShiftJIS,JIS X 0208,3,http://www.aozora.gr.jp/cards/000129/files/2084_17397.html,2014-03-27,ShiftJIS,JIS X 0208,3
000695,ヰタ・セクスアリス,ウィタ・セクスアリス,ういたせくすありす,,,,「昴」1909（明治42）年7月,NDC 913,新字新仮名,なし,1999-10-12,2014-09-17,http://www.aozora.gr.jp/cards/000129/card695.html,000129,森,鴎外,もり,おうがい,もり,おうかい,Mori,Ogai,著者,1862-02-17,1922-07-09,なし,ヰタ・セクスアリス,新潮文庫、新潮社,1949（昭和24）年11月30日、1967（昭和42）年11月10日27刷改版,1989（平成元）年8月20日第69刷,1979（昭和54）年12月25日第49刷,,,,,,,,,,,,真先芳秋,Juki,http://www.aozora.gr.jp/cards/000129/files/695_ruby_22805.zip,2006-04-25,ShiftJIS,JIS X 0208,3,http://www.aozora.gr.jp/cards/000129/files/695_22806.html,2006-04-25,ShiftJIS,JIS X 0208,0
000694,うたかたの記,うたかたのき,うたかたのき,,,,「柵草紙」1890（明治23）年8月,NDC 913,新字旧仮名,なし,2000-07-18,2014-09-17,http://www.aozora.gr.jp/cards/000129/card694.html,000129,森,鴎外,もり,おうがい,もり,おうかい,Mori,Ogai,著者,1862-02-17,1922-07-09,なし,舞姫・うたかたの記　他三篇,岩波文庫、岩波書店,1981（昭和56）年1月16日,1999（平成11）年7月15日第36刷,,鴎外全集　第二巻,岩波書店,1971（昭和46）年12月,,,,,,,,,よしだひとみ,松永正敏,http://www.aozora.gr.jp/cards/000129/files/694_ruby_23249.zip,2011-08-12,ShiftJIS,JIS X 0208,4,http://www.aozora.gr.jp/cards/000129/files/694_23250.html,2011-08-12,ShiftJIS,JIS X 0208,1
045270,鴎外漁史とは誰ぞ,おうがいぎょしとはだれぞ,おうかいきよしとはたれそ,,,,1900（明治33）年1月,NDC 916,新字新仮名,なし,2005-08-28,2014-09-18,http://www.aozora.gr.jp/cards/000129/card45270.html,000129,森,鴎外,もり,おうがい,もり,おうかい,Mori,Ogai,著者,1862-02-17,1922-07-09,なし,歴史其儘と歴史離れ　森鴎外全集14,ちくま文庫、筑摩書房,1996（平成8）年8月22日,1996（平成8）年8月22日第1刷,1996（平成8）年8月22日第1刷,筑摩全集類聚版森鴎外全集,筑摩書房,1971（昭和46）年4月～9月,,,,,,,,,大田一,noriko saito,http://www.aozora.gr.jp/cards/000129/files/45270_ruby_19021.zip,2005-08-19,ShiftJIS,JIS X 0208,0,http://www.aozora.gr.jp/cards/000129/files/45270_19219.html,2005-08-19,ShiftJIS,JIS X 0208,0
002298,大塩平八郎,おおしおへいはちろう,おおしおへいはちろう,,,,,NDC 913,新字旧仮名,なし,2001-12-13,2014-09-17,http://www.aozora.gr.jp/cards/000129/card2298.html,000129,森,鴎外,もり,おうがい,もり,おうかい,Mori,Ogai,著者,1862-02-17,1922-07-09,なし,鴎外歴史文学集　第二巻,岩波書店,2000（平成12）年10月10日,2000（平成12）年10月10日,,,,,,,,,,,,,kompass,小林繁雄,http://www.aozora.gr.jp/cards/000129/files/2298_ruby_6609.zip,2004-11-04,ShiftJIS,JIS X 0208,1,http://www.aozora.gr.jp/cards/000129/files/2298_16910.html,2004-11-04,ShiftJIS,JIS X 0208,0
045209,興津弥五右衛門の遺書,おきつやごえもんのいしょ,おきつやこえもんのいしよ,,,,「中央公論」1912（大正元）年10月,NDC 913,新字新仮名,なし,2008-04-30,2014-09-21,http://www.aozora.gr.jp/cards/000129/card45209.html,000129,森,鴎外,もり,おうがい,もり,おうかい,Mori,Ogai,著者,1862-02-17,1922-07-09,なし,カラー版日本文学全集7　森鴎外,河出書房新社,1969（昭和44）年3月30日,1969（昭和44）年3月30日初版,1969（昭和44）年3月30日初版,,,,,,,,,,,,土屋隆,川山隆,http://www.aozora.gr.jp/cards/000129/files/45209_ruby_29695.zip,2008-03-24,ShiftJIS,JIS X 0208,0,http://www.aozora.gr.jp/cards/000129/files/45209_30640.html,2008-03-24,ShiftJIS,JIS X 0208,0
048209,興津弥五右衛門の遺書（初稿）,おきつやごえもんのいしょ（しょこう）,おきつやこえもんのいしよしよこう,,,,「中央公論」1912（大正元）年10月,NDC 913,新字新仮名,なし,2008-04-30,2014-09-21,http://www.aozora.gr.jp/cards/000129/card48209.html,000129,森,鴎外,もり,おうがい,もり,おうかい,Mori,Ogai,著者,1862-02-17,1922-07-09,なし,カラー版日本文学全集7　森鴎外,河出書房新社,1969（昭和44）年3月30日,1969（昭和44）年3月30日初版,1969（昭和44）年3月30日初版,,,,,,,,,,,,川山隆,門田裕志,http://www.aozora.gr.jp/cards/000129/files/48209_ruby_29697.zip,2008-03-24,ShiftJIS,JIS X 0208,0,http://www.aozora.gr.jp/cards/000129/files/48209_30639.html,2008-03-24,ShiftJIS,JIS X 0208,0
000680,カズイスチカ,カズイスチカ,かすいすちか,,,,「三田文学」1911（明治44）年2月,NDC 913,新字新仮名,なし,2000-08-09,2014-09-17,http://www.aozora.gr.jp/cards/000129/card680.html,000129,森,鴎外,もり,おうがい,もり,おうかい,Mori,Ogai,著者,1862-02-17,1922-07-09,なし,山椒大夫・高瀬舟,新潮文庫、新潮社,1968（昭和43）年5月30日、1985（昭和60）年6月10日41刷改版,1990（平成2）年5月30日第53刷,,,,,,,,,,,,,砂場清隆,松永正敏,http://www.aozora.gr.jp/cards/000129/files/680_ruby_23197.zip,2006-05-11,ShiftJIS,JIS X 0208,1,http://www.aozora.gr.jp/cards/000129/files/680_23198.html,2006-05-11,ShiftJIS,JIS X 0208,0
000677,仮名遣意見,かなづかいいけん,かなつかいいけん,,,,「臨時假名遣調査委員會議事速記録」1909（明治42）年1月,NDC 811,旧字旧仮名,なし,1999-07-23,2014-09-17,http://www.aozora.gr.jp/cards/000129/card677.html,000129,森,鴎外,もり,おうがい,もり,おうかい,Mori,Ogai,著者,1862-02-17,1922-07-09,なし,筑摩全集類聚　森鴎外全集　第7巻,筑摩書房,1971（昭和46）年8月5日,,,,,,,,,,,,,,山田豊,高橋真也,http://www.aozora.gr.jp/cards/000129/files/677_ruby_22836.zip,2006-04-26,ShiftJIS,JIS X 0208,1,http://www.aozora.gr.jp/cards/000129/files/677_22837.html,2006-04-26,ShiftJIS,JIS X 0208,0
000678,かのように,かのように,かのように,,,,「中央公論」1912（明治45）年1月,NDC 913,新字新仮名,なし,1999-09-23,2014-09-17,http://www.aozora.gr.jp/cards/000129/card678.html,000129,森,鴎外,もり,おうがい,もり,おうかい,Mori,Ogai,著者,1862-02-17,1922-07-09,なし,阿部一族・舞姫,新潮文庫、新潮社,1968（昭和43）年4月20日、1985（昭和60）年5月20日36刷改版,,,,,,,,,,,,,,高橋真也,湯地光弘,http://www.aozora.gr.jp/cards/000129/files/678_ruby_22883.zip,2006-04-27,ShiftJIS,JIS X 0208,2,http://www.aozora.gr.jp/cards/000129/files/678_22884.html,2006-04-27,ShiftJIS,JIS X 0208,0
045224,雁,がん,かん,,,,壱、弐、参「スバル　第三年九号」1911（明治44）年9月、肆、伍「スバル　第三年十号」1911（明治44）年10月、陸、漆「スバル　第三年十一号」1911（明治44）年11月、捌、玖「スバル　第三年十二号」1911（明治44）年12月、拾、拾壱「スバル　第四年二号」1912（明治45）年2月、拾弐「スバル　第四年三号」1912（明治45）年3月、拾参、拾肆「スバル　第四年四号」1912（明治45）年4月、拾伍、拾陸「スバル　第四年六号」1912（明治45）年6月、拾漆、拾捌「スバル　第四年七号」1912（明治45）年7月、拾玖「スバル　第四年九号」1912（大正1）年9月、弐拾「スバル　第五年三号」1913（大正2）年3月、弐拾壱「スバル　第五年五号」1913（大正2）年5月、弐拾弐、弐拾参、弐拾肆「雁」籾山書店1915（大正4）年5月,NDC 913,新字新仮名,なし,2005-11-12,2014-09-18,http://www.aozora.gr.jp/cards/000129/card45224.html,000129,森,鴎外,もり,おうがい,もり,おうかい,Mori,Ogai,著者,1862-02-17,1922-07-09,なし,雁,新潮社、新潮文庫,1948（昭和23）年12月5日、1985（昭和60）年11月15日第76刷改版,1988（昭和63）年8月15日82刷,2003（平成15）年4月20日105刷,,,,,,,,,,,,kompass,浅原庸子,http://www.aozora.gr.jp/cards/000129/files/45224_ruby_19890.zip,2014-07-28,ShiftJIS,JIS X 0208,2,http://www.aozora.gr.jp/cards/000129/files/45224_19919.html,2014-07-28,ShiftJIS,JIS X 0208,2
000679,寒山拾得,かんざんじっとく,かんさんしつとく,,,,「新小説」1916（大正5）年1月,NDC 913,旧字旧仮名,なし,1997-10-08,2014-09-17,http://www.aozora.gr.jp/cards/000129/card679.html,000129,森,鴎外,もり,おうがい,もり,おうかい,Mori,Ogai,著者,1862-02-17,1922-07-09,なし,鴎外全集　第十六卷,岩波書店,1973（昭和48）年2月22日,1973（昭和48）年2月22日,1973（昭和48）年2月22日,,,,,,,,,,,,青空文庫,,http://www.aozora.gr.jp/cards/000129/files/679_ruby_15360.zip,2004-03-24,ShiftJIS,JIS X 0208,0,http://www.aozora.gr.jp/cards/000129/files/679_15361.html,2004-03-24,ShiftJIS,JIS X 0208,0
001071,寒山拾得,かんざんじっとく,かんさんしつとく,,,,,NDC 913,新字新仮名,なし,2000-09-12,2014-09-17,http://www.aozora.gr.jp/cards/000129/card1071.html,000129,森,鴎外,もり,おうがい,もり,おうかい,Mori,Ogai,著者,1862-02-17,1922-07-09,なし,日本の文学　3　森鴎外（二）,中央公論社,1967（昭和42）年2月4日,1967（昭和42）年2月4日初版,,,,,,,,,,,,,佐野良二,伊藤時也,http://www.aozora.gr.jp/cards/000129/files/1071_ruby_4557.zip,2004-12-04,ShiftJIS,JIS X 0208,3,http://www.aozora.gr.jp/cards/000129/files/1071_17107.html,2004-12-04,ShiftJIS,JIS X 0208,0
043039,寒山拾得縁起,かんざんじっとくえんぎ,かんさんしつとくえんき,,,,,NDC 914 916,旧字旧仮名,なし,1997-10-08,2014-09-17,http://www.aozora.gr.jp/cards/000129/card43039.html,000129,森,鴎外,もり,おうがい,もり,おうかい,Mori,Ogai,著者,1862-02-17,1922-07-09,なし,鴎外全集　第十六卷,岩波書店,1973（昭和48）年2月22日,1973（昭和48）年2月22日,1973（昭和48）年2月22日,,,,,,,,,,,,青空文庫,,http://www.aozora.gr.jp/cards/000129/files/43039_ruby_15362.zip,2004-03-24,ShiftJIS,JIS X 0208,0,http://www.aozora.gr.jp/cards/000129/files/43039_15363.html,2004-03-24,ShiftJIS,JIS X 0208,0
043732,寒山拾得縁起,かんざんじっとくえんぎ,かんさんしつとくえんき,,,,,NDC 914 916,新字新仮名,なし,2000-09-12,2014-09-17,http://www.aozora.gr.jp/cards/000129/card43732.html,000129,森,鴎外,もり,おうがい,もり,おうかい,Mori,Ogai,著者,1862-02-17,1922-07-09,なし,日本の文学　3　森鴎外（二）,中央公論社,1967（昭和42）年2月4日,1967（昭和42）年2月4日初版,,,,,,,,,,,,,佐野良二,伊藤時也,http://www.aozora.gr.jp/cards/000129/files/43732_ruby_17108.zip,2004-12-04,ShiftJIS,JIS X 0208,0,http://www.aozora.gr.jp/cards/000129/files/43732_17109.html,2004-12-04,ShiftJIS,JIS X 0208,0
003615,牛鍋,ぎゅうなべ,きゆうなへ,,,,「心の花」1910（明治43）年1月,NDC 913,新字新仮名,なし,2003-09-04,2016-02-06,http://www.aozora.gr.jp/cards/000129/card3615.html,000129,森,鴎外,もり,おうがい,もり,おうかい,Mori,Ogai,著者,1862-02-17,1922-07-09,なし,普請中　青年　森鴎外全集2,ちくま文庫、筑摩書房,1995（平成7）年7月24日,1995（平成7）年7月24日第1刷,　,筑摩全集類聚版森鴎外全集,筑摩書房,1971（昭和46）年4月～9月,,,,,,,,,鈴木修一,松永正敏,http://www.aozora.gr.jp/cards/000129/files/3615_ruby_4642.zip,2016-02-06,ShiftJIS,JIS X 0208,2,http://www.aozora.gr.jp/cards/000129/files/3615_12063.html,2016-02-06,ShiftJIS,JIS X 0208,2
002051,魚玄機,ぎょげんき,きよけんき,,,,「中央公論」1915（大正4）年7月,NDC 913,新字新仮名,なし,2001-03-06,2014-09-17,http://www.aozora.gr.jp/cards/000129/card2051.html,000129,森,鴎外,もり,おうがい,もり,おうかい,Mori,Ogai,著者,1862-02-17,1922-07-09,なし,森鴎外全集5,ちくま文庫、筑摩書房,1995（平成7）年10月24日,,1995（平成7）年10月24日第1刷,筑摩全集類聚版森鴎外全集,筑摩書房,1971（昭和46）年4月～9月,,,,,,,,,清角克由,ちはる,http://www.aozora.gr.jp/cards/000129/files/2051_ruby_22885.zip,2006-04-27,ShiftJIS,JIS X 0208,1,http://www.aozora.gr.jp/cards/000129/files/2051_22886.html,2006-04-27,ShiftJIS,JIS X 0208,0
000681,栗山大膳,くりやまだいぜん,くりやまたいせん,,,,「太陽」1914（大正3）年9月,NDC 913,旧字旧仮名,なし,1999-11-27,2014-09-17,http://www.aozora.gr.jp/cards/000129/card681.html,000129,森,鴎外,もり,おうがい,もり,おうかい,Mori,Ogai,著者,1862-02-17,1922-07-09,なし,森鴎外全集第4巻,筑摩書房,1959（昭和34）年5月30日,1964（昭和39）年8月5日第7版,,,,,,,,,,,,,山田豊,伊藤時也,http://www.aozora.gr.jp/cards/000129/files/681_ruby_22935.zip,2006-04-28,ShiftJIS,JIS X 0208,4,http://www.aozora.gr.jp/cards/000129/files/681_22936.html,2006-04-28,ShiftJIS,JIS X 0208,0
049245,「言語の起原」附記,「げんごのきげん」ふき,けんこのきけんふき,,,,「萬年艸　卷第九」1903（明治36）年10月31日,NDC 801,旧字旧仮名,なし,2009-11-26,2014-09-21,http://www.aozora.gr.jp/cards/000129/card49245.html,000129,森,鴎外,もり,おうがい,もり,おうかい,Mori,Ogai,著者,1862-02-17,1922-07-09,なし,鴎外全集　第二十六卷,岩波書店,1973（昭和48）年12月22日,1973（昭和48）年12月22日,1973（昭和48）年12月22日,萬年艸　卷第九, ,1903（明治36）年10月31日,,,,,,,,,岩澤秀紀,染川隆俊,http://www.aozora.gr.jp/cards/000129/files/49245_txt_36153.zip,2009-10-25,ShiftJIS,JIS X 0208,0,http://www.aozora.gr.jp/cards/000129/files/49245_36950.html,2009-10-25,ShiftJIS,JIS X 0208,0
001054,護持院原の敵討,ごじいんがはらのかたきうち,こしいんかはらのかたきうち,,,,「ホトトギス」1913（大正2）年10月,NDC 913,新字新仮名,なし,2000-10-17,2014-09-17,http://www.aozora.gr.jp/cards/000129/card1054.html,000129,森,鴎外,もり,おうがい,もり,おうかい,Mori,Ogai,著者,1862-02-17,1922-07-09,なし,山椒大夫・高瀬舟,新潮文庫、新潮社,1968（昭和43）年5月30日、1985（昭和60）年6月10日41刷改版,1990（平成2）年5月30日第53刷,,,,,,,,,,,,,砂場清隆,菅野朋子,http://www.aozora.gr.jp/cards/000129/files/1054_ruby_23199.zip,2006-05-11,ShiftJIS,JIS X 0208,4,http://www.aozora.gr.jp/cards/000129/files/1054_23200.html,2006-05-11,ShiftJIS,JIS X 0208,0
002597,木精,こだま,こたま,,,,,NDC 913,新字新仮名,なし,2001-07-31,2014-09-17,http://www.aozora.gr.jp/cards/000129/card2597.html,000129,森,鴎外,もり,おうがい,もり,おうかい,Mori,Ogai,著者,1862-02-17,1922-07-09,なし,森鴎外全集2,ちくま文庫、筑摩書房,1995（平成7）年7月24日,1995（平成7）年7月24日第1刷,1995（平成7）年7月24日第1刷,筑摩全集類聚版森鴎外全集,筑摩書房,1971（昭和46）年4月～9月,,,,,,,,,鈴木修一,mayu,http://www.aozora.gr.jp/cards/000129/files/2597_ruby_22937.zip,2006-04-28,ShiftJIS,JIS X 0208,1,http://www.aozora.gr.jp/cards/000129/files/2597_22938.html,2006-04-28,ShiftJIS,JIS X 0208,0
049246,混沌,こんとん,こんとん,,,,「在東京津和野小學校同窓會會報第六號」1909（明治42）年,NDC 914,旧字旧仮名,なし,2010-06-08,2014-09-21,http://www.aozora.gr.jp/cards/000129/card49246.html,000129,森,鴎外,もり,おうがい,もり,おうかい,Mori,Ogai,著者,1862-02-17,1922-07-09,なし,鴎外全集　第二十六卷,岩波書店,1973（昭和48）年12月22日,1973（昭和48）年12月22日,1973（昭和48）年12月22日,妄人妄語,至誠堂書店,1915（大正4）年2月22日,,,,,,,,,岩澤秀紀,小林繁雄,http://www.aozora.gr.jp/cards/000129/files/49246_txt_38236.zip,2011-05-16,ShiftJIS,JIS X 0208,1,http://www.aozora.gr.jp/cards/000129/files/49246_39321.html,2011-05-16,ShiftJIS,JIS X 0208,1
004459,細木香以,さいきこうい,さいきこうい,,,,,NDC 913,新字新仮名,なし,2005-04-17,2014-09-18,http://www.aozora.gr.jp/cards/000129/card4459.html,000129,森,鴎外,もり,おうがい,もり,おうかい,Mori,Ogai,著者,1862-02-17,1922-07-09,なし,森鴎外全集6,ちくま文庫、筑摩書房,1996（平成8）年1月24日,1996（平成8）年1月24日第1刷,1996（平成8）年1月24日第1刷,筑摩全集類聚版森鴎外全集,筑摩書房,1971（昭和46）年4月～9月,,,,,,,,,ジェラスガイ,小林繁雄,http://www.aozora.gr.jp/cards/000129/files/4459_ruby_17993.zip,2005-03-17,ShiftJIS,JIS X 0208,0,http://www.aozora.gr.jp/cards/000129/files/4459_18093.html,2005-03-17,ShiftJIS,JIS X 0208,0
045244,最後の一句,さいごのいっく,さいこのいつく,,,,「中央公論　第30年第11号」1915（大正4）年10月1日,NDC 913,新字新仮名,なし,2006-04-18,2014-09-18,http://www.aozora.gr.jp/cards/000129/card45244.html,000129,森,鴎外,もり,おうがい,もり,おうかい,Mori,Ogai,著者,1862-02-17,1922-07-09,なし,山椒大夫・高瀬舟他四篇,岩波文庫、岩波書店,1938（昭和13）年7月1日,1991（平成3）年12月5日第66刷,1995（平成7）年12月5日第74刷,,,,,,,,,,,,kompass,土屋隆,http://www.aozora.gr.jp/cards/000129/files/45244_ruby_21881.zip,2011-02-27,ShiftJIS,JIS X 0208,1,http://www.aozora.gr.jp/cards/000129/files/45244_22341.html,2011-02-27,ShiftJIS,JIS X 0208,1
000687,最後の一句,さいごのいっく,さいこのいつく,,,,「中央公論」1915（大正4）年10月,NDC 913,旧字旧仮名,なし,1997-10-08,2014-09-17,http://www.aozora.gr.jp/cards/000129/card687.html,000129,森,鴎外,もり,おうがい,もり,おうかい,Mori,Ogai,著者,1862-02-17,1922-07-09,なし,日本現代文學全集　7　森鴎外集,講談社,1962（昭和37）年1月19日,1980（昭和55）年5月26日増補改訂版第1刷,1980（昭和55）年5月26日増補改訂版第1刷,,,,,,,,,,,,青空文庫,,http://www.aozora.gr.jp/cards/000129/files/687_ruby_15355.zip,2004-03-23,ShiftJIS,JIS X 0208,0,http://www.aozora.gr.jp/cards/000129/files/687_15356.html,2004-03-23,ShiftJIS,JIS X 0208,0
002547,堺事件,さかいじけん,さかいしけん,,,,「新小説」1914（大正3）年2月,NDC 913,新字新仮名,なし,2001-03-12,2014-09-17,http://www.aozora.gr.jp/cards/000129/card2547.html,000129,森,鴎外,もり,おうがい,もり,おうかい,Mori,Ogai,著者,1862-02-17,1922-07-09,なし,阿部一族・舞姫,新潮文庫、新潮社,1968（昭和43）年4月20日,,1979（昭和54）年8月15日24刷,,,,,,,,,,,,j_sekikawa,小林繁雄,http://www.aozora.gr.jp/cards/000129/files/2547_ruby.zip,2001-06-30,ShiftJIS,JIS X 0208,1,http://www.aozora.gr.jp/cards/000129/files/2547.html,2001-06-30,ShiftJIS,JIS X 0208,1
000688,杯,さかずき,さかすき,,,,「中央公論」1910（明治43）年1月,NDC 913,新字新仮名,なし,2000-08-09,2014-09-17,http://www.aozora.gr.jp/cards/000129/card688.html,000129,森,鴎外,もり,おうがい,もり,おうかい,Mori,Ogai,著者,1862-02-17,1922-07-09,なし,山椒大夫・高瀬舟,新潮文庫、新潮社,1968（昭和43）年5月30日、1985（昭和60）年6月10日41刷改版,1990（平成2）年5月30日第53刷,,,,,,,,,,,,,砂場清隆,松永正敏,http://www.aozora.gr.jp/cards/000129/files/688_ruby_23233.zip,2006-05-12,ShiftJIS,JIS X 0208,1,http://www.aozora.gr.jp/cards/000129/files/688_23234.html,2006-05-12,ShiftJIS,JIS X 0208,0
002598,里芋の芽と不動の目,さといものめとふどうのめ,さといものめとふとうのめ,,,,,NDC 913,新字新仮名,なし,2001-07-31,2014-09-17,http://www.aozora.gr.jp/cards/000129/card2598.html,000129,森,鴎外,もり,おうがい,もり,おうかい,Mori,Ogai,著者,1862-02-17,1922-07-09,なし,森鴎外全集2,ちくま文庫、筑摩書房,1995（平成7）年7月24日,1995（平成7）年7月24日第1刷,1995（平成7）年7月24日第1刷,筑摩全集類聚版森鴎外全集,筑摩書房,1971（昭和46）年4月～9月,,,,,,,,,鈴木修一,mayu,http://www.aozora.gr.jp/cards/000129/files/2598_ruby_20420.zip,2005-11-16,ShiftJIS,JIS X 0208,2,http://www.aozora.gr.jp/cards/000129/files/2598_20421.html,2005-11-16,ShiftJIS,JIS X 0208,1
000686,佐橋甚五郎,さはしじんごろう,さはししんころう,,,,「中央公論」1913（大正2）年4月,NDC 913,新字新仮名,なし,1999-10-01,2014-09-17,http://www.aozora.gr.jp/cards/000129/card686.html,000129,森,鴎外,もり,おうがい,もり,おうかい,Mori,Ogai,著者,1862-02-17,1922-07-09,なし,山椒大夫・高瀬舟・阿部一族,角川文庫、角川書店,1967（昭和42）年2月28日,1993（平成5）年7月10日第52版,,,,,,,,,,,,,薦田佳子,湯地光弘,http://www.aozora.gr.jp/cards/000129/files/686_ruby_2541.zip,2006-05-15,ShiftJIS,JIS X 0208,3,http://www.aozora.gr.jp/cards/000129/files/686_23251.html,2006-05-15,ShiftJIS,JIS X 0208,0
000685,サフラン,サフラン,さふらん,,,,「番紅花」1914（大正3）年3月,NDC 914,新字新仮名,なし,1999-10-16,2014-09-17,http://www.aozora.gr.jp/cards/000129/card685.html,000129,森,鴎外,もり,おうがい,もり,おうかい,Mori,Ogai,著者,1862-02-17,1922-07-09,なし,新潮日本文学1　森鴎外集,新潮社,1971（昭和46）年8月12日,,,,,,,,,,,,,,柿澤早苗,湯地光弘,http://www.aozora.gr.jp/cards/000129/files/685_ruby_20310.zip,2005-11-08,ShiftJIS,JIS X 0208,1,http://www.aozora.gr.jp/cards/000129/files/685_20311.html,2005-11-08,ShiftJIS,JIS X 0208,0
000689,山椒大夫,さんしょうだゆう,さんしようたゆう,,,,「中央公論」1915（大正4）年1月,NDC 913,新字新仮名,なし,1998-07-21,2014-09-17,http://www.aozora.gr.jp/cards/000129/card689.html,000129,森,鴎外,もり,おうがい,もり,おうかい,Mori,Ogai,著者,1862-02-17,1922-07-09,なし,日本の文学　3　森鴎外（二）,中央公論社,1972（昭和47）年10月20日,,,,,,,,,,,,,,真先芳秋,野口英司,http://www.aozora.gr.jp/cards/000129/files/689_ruby_23256.zip,2006-05-16,ShiftJIS,JIS X 0208,2,http://www.aozora.gr.jp/cards/000129/files/689_23257.html,2006-05-16,ShiftJIS,JIS X 0208,0
000674,ぢいさんばあさん,じいさんばあさん,しいさんはあさん,,,,「新小説」1915（大正4）年9月,NDC 913,旧字旧仮名,なし,1997-10-08,2014-09-17,http://www.aozora.gr.jp/cards/000129/card674.html,000129,森,鴎外,もり,おうがい,もり,おうかい,Mori,Ogai,著者,1862-02-17,1922-07-09,なし,日本現代文學全集　7　森鴎外集,講談社,1962（昭和37）年1月19日,1980（昭和55）年5月26日増補改訂版第1刷,1980（昭和55）年5月26日増補改訂版第1刷,,,,,,,,,,,,青空文庫,,http://www.aozora.gr.jp/cards/000129/files/674_ruby_15357.zip,2011-03-24,ShiftJIS,JIS X 0208,1,http://www.aozora.gr.jp/cards/000129/files/674_15358.html,2011-03-24,ShiftJIS,JIS X 0208,1
043030,じいさんばあさん,じいさんばあさん,しいさんはあさん,,,,,NDC 913,新字新仮名,なし,2005-02-03,2014-09-18,http://www.aozora.gr.jp/cards/000129/card43030.html,000129,森,鴎外,もり,おうがい,もり,おうかい,Mori,Ogai,著者,1862-02-17,1922-07-09,なし,阿部一族・舞姫,新潮文庫、新潮社,1968（昭和43）年4月20日、1985（昭和60）年5月20日36刷改版,1994（平成6）年12月15日54刷,2004（平成16）年9月20日74刷,,,,,,,,,,,,蒋龍,noriko saito,http://www.aozora.gr.jp/cards/000129/files/43030_ruby_17344.zip,2005-01-07,ShiftJIS,JIS X 0208,0,http://www.aozora.gr.jp/cards/000129/files/43030_17421.html,2005-01-07,ShiftJIS,JIS X 0208,0
002080,柵草紙の山房論文,しがらみそうしのさんぼうろんぶん,しからみそうしのさんほうろんふん,,,,「柵草紙」1891（明治24）年9月～1892（明治25）年6月,NDC 901,旧字旧仮名,なし,2012-09-09,2014-09-16,http://www.aozora.gr.jp/cards/000129/card2080.html,000129,森,鴎外,もり,おうがい,もり,おうかい,Mori,Ogai,著者,1862-02-17,1922-07-09,なし,森鴎外全集第七卷,筑摩書房,1971（昭和46）年8月5日,1974（昭和49）年5月20日初版第4刷,1985（昭和60）年5月15日初版第13刷,,,,,,,,,,,,網迫、土屋隆,阿部哲也,http://www.aozora.gr.jp/cards/000129/files/2080_ruby_48151.zip,2012-08-07,ShiftJIS,JIS X 0208,0,http://www.aozora.gr.jp/cards/000129/files/2080_48306.html,2012-08-07,ShiftJIS,JIS X 0208,0
002058,渋江抽斎,しぶえちゅうさい,しふえちゆうさい,,,,「大阪毎日新聞」「東京日日新聞」1916（大正5）年1月13日～5月17日,NDC 913,新字新仮名,なし,2005-10-25,2016-07-31,http://www.aozora.gr.jp/cards/000129/card2058.html,000129,森,鴎外,もり,おうがい,もり,おうかい,Mori,Ogai,著者,1862-02-17,1922-07-09,なし,渋江抽斎,岩波文庫、岩波書店,1940（昭和15）年8月16日、1999（平成11）年5月17日改版,2001（平成13）年10月25日改版第2刷,2005（平成17）年5月16日改版第6刷,鴎外選集　第6巻,岩波書店,1979（昭和54）年4月23日,,,,,,,,,kompass,松永正敏,http://www.aozora.gr.jp/cards/000129/files/2058_ruby_19627.zip,2016-07-31,ShiftJIS,JIS X 0208,6,http://www.aozora.gr.jp/cards/000129/files/2058_19628.html,2016-07-31,ShiftJIS,JIS X 0208,6
042352,寿阿弥の手紙,じゅあみのてがみ,しゆあみのてかみ,,,,,NDC 289 913,旧字旧仮名,なし,2005-03-01,2014-09-18,http://www.aozora.gr.jp/cards/000129/card42352.html,000129,森,鴎外,もり,おうがい,もり,おうかい,Mori,Ogai,著者,1862-02-17,1922-07-09,なし,筑摩全集類聚森鴎外全集第四巻,筑摩書房,1971（昭和46）年11月5日,1972（昭和47）年6月20日初版第2刷,1983（昭和58）年4月25日初版第14刷,,,,,,,,,,,,篠森,小林繁雄,http://www.aozora.gr.jp/cards/000129/files/42352_ruby_17605.zip,2011-03-21,ShiftJIS,JIS X 0208,1,http://www.aozora.gr.jp/cards/000129/files/42352_17662.html,2011-03-21,ShiftJIS,JIS X 0208,1
002599,食堂,しょくどう,しよくとう,,,,,NDC 913,新字新仮名,なし,2001-07-31,2014-09-17,http://www.aozora.gr.jp/cards/000129/card2599.html,000129,森,鴎外,もり,おうがい,もり,おうかい,Mori,Ogai,著者,1862-02-17,1922-07-09,なし,森鴎外全集2,ちくま文庫、筑摩書房,1995（平成7）年7月24日,1995（平成7）年7月24日第1刷,1995（平成7）年7月24日第1刷,筑摩全集類聚版森鴎外全集,筑摩書房,1971（昭和46）年4月～9月,,,,,,,,,鈴木修一,mayu,http://www.aozora.gr.jp/cards/000129/files/2599_ruby_23032.zip,2006-04-30,ShiftJIS,JIS X 0208,1,http://www.aozora.gr.jp/cards/000129/files/2599_23033.html,2006-04-30,ShiftJIS,JIS X 0208,0
000690,心中,しんじゅう,しんしゆう,,,,「中央公論」1911（明治44）年8月,NDC 913,新字新仮名,なし,1999-10-16,2014-09-17,http://www.aozora.gr.jp/cards/000129/card690.html,000129,森,鴎外,もり,おうがい,もり,おうかい,Mori,Ogai,著者,1862-02-17,1922-07-09,なし,森鴎外集　新潮日本文学1,新潮社,1971（昭和46）年8月12日,,,,,,,,,,,,,,柿澤早苗,湯地光弘,http://www.aozora.gr.jp/cards/000129/files/690_ruby_23034.zip,2006-04-30,ShiftJIS,JIS X 0208,1,http://www.aozora.gr.jp/cards/000129/files/690_23035.html,2006-04-30,ShiftJIS,JIS X 0208,0
013201,『新訳源氏物語』初版の序,『しんやくげんじものがたり』しょはんのじょ,しんやくけんしものかたりしよはんのしよ,,,,,NDC 914,新字新仮名,なし,2005-03-17,2014-09-18,http://www.aozora.gr.jp/cards/000129/card13201.html,000129,森,鴎外,もり,おうがい,もり,おうかい,Mori,Ogai,著者,1862-02-17,1922-07-09,なし,源氏物語上巻　日本文学全集1,河出書房新社,1965（昭和40）年6月3日,1971（昭和46）年7月15日24版,,,,,,,,,,,,,めいこ,もりみつじゅんじ,http://www.aozora.gr.jp/cards/000129/files/13201_ruby_9289.zip,2005-02-19,ShiftJIS,JIS X 0208,0,http://www.aozora.gr.jp/cards/000129/files/13201_17873.html,2005-02-19,ShiftJIS,JIS X 0208,0
002081,椙原品,すぎのはらしな,すきのはらしな,,,,「東京日日新聞」「大阪毎日新聞」1916（大正5）年1月,NDC 913,新字旧仮名,なし,2001-08-31,2014-09-17,http://www.aozora.gr.jp/cards/000129/card2081.html,000129,森,鴎外,もり,おうがい,もり,おうかい,Mori,Ogai,著者,1862-02-17,1922-07-09,なし,鴎外歴史文学集　第三巻,岩波書店,1999（平成11）年11月25日,,,,,,,,,,,,,,kompass,しず,http://www.aozora.gr.jp/cards/000129/files/2081_ruby_23047.zip,2006-05-01,ShiftJIS,JIS X 0208,1,http://www.aozora.gr.jp/cards/000129/files/2081_23048.html,2006-05-01,ShiftJIS,JIS X 0208,0
002522,青年,せいねん,せいねん,,,,「昴」1910（明治43）年3月～1911（明治44）年8月,NDC 913,新字新仮名,なし,2000-12-22,2014-09-17,http://www.aozora.gr.jp/cards/000129/card2522.html,000129,森,鴎外,もり,おうがい,もり,おうかい,Mori,Ogai,著者,1862-02-17,1922-07-09,なし,青年,新潮文庫、新潮社,1948（昭和23）年12月15日、1985（昭和60）年11月15日66刷改版,1998（平成10）年2月15日第85刷,,,,,,,,,,,,,砂場清隆,藤田禎宏,http://www.aozora.gr.jp/cards/000129/files/2522_ruby_5001.zip,2014-02-02,ShiftJIS,JIS X 0208,2,http://www.aozora.gr.jp/cards/000129/files/2522_5002.html,2013-07-25,ShiftJIS,JIS X 0208,1
045678,そめちがへ,そめちがえ,そめちかえ,,,,「新小説」1897（明治30）年8月5日,NDC 913,新字旧仮名,なし,2006-04-16,2014-09-18,http://www.aozora.gr.jp/cards/000129/card45678.html,000129,森,鴎外,もり,おうがい,もり,おうかい,Mori,Ogai,著者,1862-02-17,1922-07-09,なし,舞姫・うたかたの記　他三篇,岩波文庫、岩波書店,1981（昭和56）年1月16日,1991（平成3）年5月15日第19刷,2005（平成17）年9月15日第44刷,鴎外全集　第三巻,岩波書店,1972（昭和47）年1月,,,,,,,,,土屋隆,noriko saito,http://www.aozora.gr.jp/cards/000129/files/45678_ruby_21809.zip,2006-03-25,ShiftJIS,JIS X 0208,0,http://www.aozora.gr.jp/cards/000129/files/45678_22338.html,2006-03-25,ShiftJIS,JIS X 0208,0
045245,高瀬舟,たかせぶね,たかせふね,,,,「中央公論　第31年第1号」1916（大正5）年1月1日,NDC 913,新字新仮名,なし,2006-04-20,2014-09-18,http://www.aozora.gr.jp/cards/000129/card45245.html,000129,森,鴎外,もり,おうがい,もり,おうかい,Mori,Ogai,著者,1862-02-17,1922-07-09,なし,山椒大夫・高瀬舟他四篇,岩波文庫、岩波書店,1938（昭和13）年7月1日,1967（昭和42）年6月16日第34刷改版、1991（平成3）年12月5日第66刷,1967（昭和42）年6月16日第34刷改版、1995（平成7）年12月5日第74刷,,,,,,,,,,,,kompass,土屋隆,http://www.aozora.gr.jp/cards/000129/files/45245_ruby_21882.zip,2011-04-27,ShiftJIS,JIS X 0208,1,http://www.aozora.gr.jp/cards/000129/files/45245_22007.html,2011-04-27,ShiftJIS,JIS X 0208,1
000691,高瀬舟,たかせぶね,たかせふね,,,,「中央公論　第三十一年第一號」1916（大正5）年1月,NDC 913,旧字旧仮名,なし,1997-10-16,2014-09-17,http://www.aozora.gr.jp/cards/000129/card691.html,000129,森,鴎外,もり,おうがい,もり,おうかい,Mori,Ogai,著者,1862-02-17,1922-07-09,なし,日本現代文學全集　7　森鴎外集,講談社,1962（昭和37）年1月19日,1980（昭和55）年5月26日増補改訂版第1刷,1980（昭和55）年5月26日増補改訂版第1刷,,,,,,,,,,,,青空文庫,青空文庫,http://www.aozora.gr.jp/cards/000129/files/691_ruby_15351.zip,2011-04-27,ShiftJIS,JIS X 0208,1,http://www.aozora.gr.jp/cards/000129/files/691_15352.html,2011-04-27,ShiftJIS,JIS X 0208,1
000692,高瀬舟,たかせぶね,たかせふね,,,,「中央公論　第三十一年第一號」中央公論社、1916（大正5）年1月,NDC 913,旧字旧仮名,なし,1997-07-07,2014-09-17,http://www.aozora.gr.jp/cards/000129/card692.html,000129,森,鴎外,もり,おうがい,もり,おうかい,Mori,Ogai,著者,1862-02-17,1922-07-09,なし,中央公論　第三十一年第一號,中央公論社,1916（大正5）年1月,1916（大正5）年1月,1916（大正5）年1月,,,,,,,,,,,,岡島昭浩,小林繁雄,http://www.aozora.gr.jp/cards/000129/files/692_ruby_16056.zip,2011-04-27,ShiftJIS,JIS X 0208,1,http://www.aozora.gr.jp/cards/000129/files/692_16057.html,2011-04-27,ShiftJIS,JIS X 0208,1
046234,高瀬舟縁起,たかせぶねえんぎ,たかせふねえんき,,,,「心の花　第二十巻第一号」1916（大正5）年1月1日,NDC 914,新字新仮名,なし,2006-04-20,2014-09-18,http://www.aozora.gr.jp/cards/000129/card46234.html,000129,森,鴎外,もり,おうがい,もり,おうかい,Mori,Ogai,著者,1862-02-17,1922-07-09,なし,山椒大夫・高瀬舟他四篇,岩波文庫、岩波書店,1938（昭和13）年7月1日,1967（昭和42）年6月16日第34刷改版、1991（平成3）年12月5日第66刷,1967（昭和42）年6月16日第34刷改版、1995（平成7）年12月5日第74刷,,,,,,,,,,,,kompass,土屋隆,http://www.aozora.gr.jp/cards/000129/files/46234_ruby_22009.zip,2006-03-08,ShiftJIS,JIS X 0208,0,http://www.aozora.gr.jp/cards/000129/files/46234_22010.html,2006-03-08,ShiftJIS,JIS X 0208,0
043038,高瀬舟縁起,たかせぶねえんぎ,たかせふねえんき,,,,「心の花　第二十巻第一号」1916（大正5）年1月1日発行,NDC 914,旧字旧仮名,なし,1997-10-16,2014-09-17,http://www.aozora.gr.jp/cards/000129/card43038.html,000129,森,鴎外,もり,おうがい,もり,おうかい,Mori,Ogai,著者,1862-02-17,1922-07-09,なし,日本現代文學全集　7　森鴎外集,講談社,1962（昭和37）年1月19日,1980（昭和55）年5月26日増補改訂版第1刷,1980（昭和55）年5月26日増補改訂版第1刷,,,,,,,,,,,,青空文庫,,http://www.aozora.gr.jp/cards/000129/files/43038_ruby_15353.zip,2004-03-23,ShiftJIS,JIS X 0208,0,http://www.aozora.gr.jp/cards/000129/files/43038_15354.html,2004-03-23,ShiftJIS,JIS X 0208,0
003336,沈黙の塔,ちんもくのとう,ちんもくのとう,,,,,NDC 913,新字新仮名,なし,2001-06-19,2014-09-17,http://www.aozora.gr.jp/cards/000129/card3336.html,000129,森,鴎外,もり,おうがい,もり,おうかい,Mori,Ogai,著者,1862-02-17,1922-07-09,なし,森鴎外全集2,ちくま文庫、筑摩書房,1995（平成7）年7月24日,1995（平成7）年7月24日第1刷,1995（平成7）年7月24日第1刷,筑摩全集類聚版森鴎外全集,筑摩書房,1971（昭和46）年4月～9月,,,,,,,,,鈴木修一,mayu,http://www.aozora.gr.jp/cards/000129/files/3336_ruby_23053.zip,2006-05-02,ShiftJIS,JIS X 0208,1,http://www.aozora.gr.jp/cards/000129/files/3336_23054.html,2006-05-02,ShiftJIS,JIS X 0208,0
000693,追儺,ついな,ついな,,,,「東亜之光」1909（明治42）年5月,NDC 914,新字旧仮名,なし,1998-05-11,2014-09-17,http://www.aozora.gr.jp/cards/000129/card693.html,000129,森,鴎外,もり,おうがい,もり,おうかい,Mori,Ogai,著者,1862-02-17,1922-07-09,なし,ザ・鴎外　―森鴎外全小説全一冊―,第三書館 ,1985（昭和60）年5月1日,1992（昭和67）年8月20日第2刷,,,,,,,,,,,,,村上聡,野口英司,http://www.aozora.gr.jp/cards/000129/files/693_ruby_333.zip,2005-04-30,ShiftJIS,JIS X 0208,2,http://www.aozora.gr.jp/cards/000129/files/693_18396.html,2005-04-30,ShiftJIS,JIS X 0208,0
002082,津下四郎左衛門,つげしろうざえもん,つけしろうさえもん,,,,「中央公論」1915（大正4）年4月,NDC 913,新字旧仮名,なし,2001-08-28,2014-09-17,http://www.aozora.gr.jp/cards/000129/card2082.html,000129,森,鴎外,もり,おうがい,もり,おうかい,Mori,Ogai,著者,1862-02-17,1922-07-09,なし,鴎外歴史文學集　第三巻,岩波書店,1999（平成11）年11月25日,,,,,,,,,,,,,,kompass,浅原庸子,http://www.aozora.gr.jp/cards/000129/files/2082_ruby_23122.zip,2006-05-06,ShiftJIS,JIS X 0208,2,http://www.aozora.gr.jp/cards/000129/files/2082_23123.html,2006-05-06,ShiftJIS,JIS X 0208,0
049247,鼎軒先生,ていけんせんせい,ていけんせんせい,,,,「東京經濟雜誌　第六十三卷第千五百九十一號」1911（明治44）年4月22日,NDC 914,旧字旧仮名,なし,2010-06-08,2014-09-21,http://www.aozora.gr.jp/cards/000129/card49247.html,000129,森,鴎外,もり,おうがい,もり,おうかい,Mori,Ogai,著者,1862-02-17,1922-07-09,なし,鴎外全集　第二十六卷,岩波書店,1973（昭和48）年12月22日,1973（昭和48）年12月22日,1973（昭和48）年12月22日,「東京經濟雜誌　第六十三卷第千五百九十一號」, ,1911（明治44）年4月22日,,,,,,,,,岩澤秀紀,小林繁雄,http://www.aozora.gr.jp/cards/000129/files/49247_txt_38237.zip,2011-05-16,ShiftJIS,JIS X 0208,1,http://www.aozora.gr.jp/cards/000129/files/49247_39320.html,2011-05-16,ShiftJIS,JIS X 0208,1
049248,当流比較言語学,とうりゅうひかくげんごがく,とうりゆうひかくけんこかく,,,,「東亞の光　第四卷第七號」1909（明治42）年7月1日,NDC 914,旧字旧仮名,なし,2009-11-26,2014-09-21,http://www.aozora.gr.jp/cards/000129/card49248.html,000129,森,鴎外,もり,おうがい,もり,おうかい,Mori,Ogai,著者,1862-02-17,1922-07-09,なし,鴎外全集　第二十六卷,岩波書店,1973（昭和48）年12月22日,1973（昭和48）年12月22日,1973（昭和48）年12月22日　,東亞の光　第四卷第七號, ,1909（明治42）年7月1日,,,,,,,,,岩澤秀紀,染川隆俊,http://www.aozora.gr.jp/cards/000129/files/49248_ruby_36154.zip,2009-10-15,ShiftJIS,JIS X 0208,0,http://www.aozora.gr.jp/cards/000129/files/49248_36951.html,2009-10-15,ShiftJIS,JIS X 0208,0
003614,独身,どくしん,とくしん,,,,「スバル」1910（明治43）年1月,NDC 913,新字新仮名,なし,2003-09-04,2016-02-06,http://www.aozora.gr.jp/cards/000129/card3614.html,000129,森,鴎外,もり,おうがい,もり,おうかい,Mori,Ogai,著者,1862-02-17,1922-07-09,なし,普請中　青年　森鴎外全集2,ちくま文庫、筑摩書房,1995（平成7）年7月24日,1995（平成7）年7月24日第1刷,　,筑摩全集類聚版森鴎外全集,筑摩書房,1971（昭和46）年4月～9月,,,,,,,,,鈴木修一,松永正敏,http://www.aozora.gr.jp/cards/000129/files/3614_ruby_12061.zip,2016-02-06,ShiftJIS,JIS X 0208,1,http://www.aozora.gr.jp/cards/000129/files/3614_12062.html,2016-02-06,ShiftJIS,JIS X 0208,1
002049,なかじきり,なかじきり,なかしきり,,,,「斯論」1917（大正6）年9月,NDC 914,新字新仮名,なし,2005-11-10,2014-09-18,http://www.aozora.gr.jp/cards/000129/card2049.html,000129,森,鴎外,もり,おうがい,もり,おうかい,Mori,Ogai,著者,1862-02-17,1922-07-09,なし,日本の文学　2　森鴎外（一）,中央公論社,1966（昭和41）年1月5日,1972（昭和47）年3月25日19版,1974（昭和49）年2月1日22版,,,,,,,,,,,,土屋隆,小林繁雄,http://www.aozora.gr.jp/cards/000129/files/2049_ruby_19718.zip,2005-10-08,ShiftJIS,JIS X 0208,0,http://www.aozora.gr.jp/cards/000129/files/2049_19789.html,2005-10-08,ShiftJIS,JIS X 0208,0
045271,夏目漱石論,なつめそうせきろん,なつめそうせきろん,,,,1910（明治43）年7月,NDC 910,新字新仮名,なし,2005-08-28,2014-09-18,http://www.aozora.gr.jp/cards/000129/card45271.html,000129,森,鴎外,もり,おうがい,もり,おうかい,Mori,Ogai,著者,1862-02-17,1922-07-09,なし,歴史其儘と歴史離れ　森鴎外全集14,ちくま文庫、筑摩書房,1996（平成8）年8月22日,1996（平成8）年8月22日第1刷,1996（平成8）年8月22日第1刷,筑摩全集類聚版森鴎外全集,筑摩書房,1971（昭和46）年4月～9月,,,,,,,,,大田一,noriko saito,http://www.aozora.gr.jp/cards/000129/files/45271_ruby_19022.zip,2005-08-19,ShiftJIS,JIS X 0208,0,http://www.aozora.gr.jp/cards/000129/files/45271_19218.html,2005-08-19,ShiftJIS,JIS X 0208,0
042375,鶏,にわとり,にわとり,,,,,NDC 913,新字新仮名,なし,2005-05-09,2014-09-18,http://www.aozora.gr.jp/cards/000129/card42375.html,000129,森,鴎外,もり,おうがい,もり,おうかい,Mori,Ogai,著者,1862-02-17,1922-07-09,なし,阿部一族・舞姫,新潮文庫、新潮社,1968（昭和43）年4月20日、1985（昭和60）年5月20日36刷改版,1994（平成6）年12月15日54刷,2004（平成16）年9月20日74刷,,,,,,,,,,,,蒋龍,noriko saito,http://www.aozora.gr.jp/cards/000129/files/42375_ruby_18247.zip,2005-04-01,ShiftJIS,JIS X 0208,0,http://www.aozora.gr.jp/cards/000129/files/42375_18250.html,2005-04-01,ShiftJIS,JIS X 0208,0
045618,鼠坂,ねずみざか,ねすみさか,,,,「中央公論」1912（明治45）年4月,NDC 913,新字新仮名,なし,2007-01-25,2014-09-21,http://www.aozora.gr.jp/cards/000129/card45618.html,000129,森,鴎外,もり,おうがい,もり,おうかい,Mori,Ogai,著者,1862-02-17,1922-07-09,なし,灰燼　かのように　森鴎外全集3,ちくま文庫、筑摩書房,1995（平成7）年8月24日,1995（平成7）年8月24日第1刷,1995（平成7）年8月24日第1刷,筑摩全集類聚版森鴎外全集,筑摩書房,1971（昭和46）年4月～9月,,,,,,,,,土屋隆,noriko saito,http://www.aozora.gr.jp/cards/000129/files/45618_ruby_24923.zip,2011-10-03,ShiftJIS,JIS X 0208,1,http://www.aozora.gr.jp/cards/000129/files/45618_25532.html,2011-10-03,ShiftJIS,JIS X 0208,1
046633,俳句と云ふもの,はいくというもの,はいくというもの,,,,「俳味」1912（明治45）年1月号,NDC 911 914,新字旧仮名,なし,2006-11-21,2014-09-18,http://www.aozora.gr.jp/cards/000129/card46633.html,000129,森,鴎外,もり,おうがい,もり,おうかい,Mori,Ogai,著者,1862-02-17,1922-07-09,なし,日本の名随筆　別巻25　俳句,作品社,1993（平成5年）3月25日,1993（平成5年）3月25日第1刷,1993（平成5年）3月25日第1刷,鴎外全集　第二六巻,岩波書店,1973（昭和48）年12月,,,,,,,,,斎藤由布子,noriko saito,http://www.aozora.gr.jp/cards/000129/files/46633_txt_24658.zip,2006-11-16,ShiftJIS,JIS X 0208,0,http://www.aozora.gr.jp/cards/000129/files/46633_24931.html,2006-11-16,ShiftJIS,JIS X 0208,0
049249,長谷川辰之助,はせがわたつのすけ,はせかわたつのすけ,,,,「二葉亭四迷」易風社、1909（明治42）年8月7日,NDC 914,旧字旧仮名,なし,2009-11-26,2014-09-21,http://www.aozora.gr.jp/cards/000129/card49249.html,000129,森,鴎外,もり,おうがい,もり,おうかい,Mori,Ogai,著者,1862-02-17,1922-07-09,なし,鴎外全集　第二十六卷,岩波書店,1973（昭和48）年12月22日,1973（昭和48）年12月22日,1973（昭和48）年12月22日　,妄人妄語,至誠堂書店,1915（大正4）年2月22日,,,,,,,,,岩澤秀紀,染川隆俊,http://www.aozora.gr.jp/cards/000129/files/49249_ruby_36152.zip,2009-10-15,ShiftJIS,JIS X 0208,0,http://www.aozora.gr.jp/cards/000129/files/49249_36952.html,2009-10-15,ShiftJIS,JIS X 0208,0
042226,花子,はなこ,はなこ,,,,「三田文学　第一卷第三號」1910（明治43）年7月1日,NDC 913,新字旧仮名,なし,2005-05-27,2014-09-18,http://www.aozora.gr.jp/cards/000129/card42226.html,000129,森,鴎外,もり,おうがい,もり,おうかい,Mori,Ogai,著者,1862-02-17,1922-07-09,なし,鴎外全集　第七巻,岩波書店,1972（昭和47）年5月22日,1972（昭和47）年5月22日,1972（昭和47）年5月22日,,,,,,,,,,,,ふるかわゆか,土屋隆,http://www.aozora.gr.jp/cards/000129/files/42226_txt_18327.zip,2005-10-23,ShiftJIS,JIS X 0208,1,http://www.aozora.gr.jp/cards/000129/files/42226_18459.html,2005-10-23,ShiftJIS,JIS X 0208,1
045254,花子,はなこ,はなこ,,,,「三田文学」1910（明治43）年7月,NDC 913,新字新仮名,なし,2008-05-07,2014-09-21,http://www.aozora.gr.jp/cards/000129/card45254.html,000129,森,鴎外,もり,おうがい,もり,おうかい,Mori,Ogai,著者,1862-02-17,1922-07-09,なし,カラー版日本文学全集7　森鴎外,河出書房新社,1969（昭和44）年3月30日,1969（昭和44）年3月30日初版,1969（昭和44）年3月30日初版,,,,,,,,,,,,土屋隆,川山隆,http://www.aozora.gr.jp/cards/000129/files/45254_ruby_29696.zip,2008-04-08,ShiftJIS,JIS X 0208,0,http://www.aozora.gr.jp/cards/000129/files/45254_30927.html,2008-04-08,ShiftJIS,JIS X 0208,0
053026,半日,はんにち,はんにち,,,,「昴　第三號」1909（明治42）年3月1日,NDC 913,旧字旧仮名,なし,2012-08-30,2014-09-16,http://www.aozora.gr.jp/cards/000129/card53026.html,000129,森,鴎外,もり,おうがい,もり,おうかい,Mori,Ogai,著者,1862-02-17,1922-07-09,なし,鴎外全集　第四卷,岩波書店,1972（昭和47）年2月22日,1972（昭和47）年2月22日,1972（昭和47）年2月22日,昴　第三號,　,1909（明治42）年3月1日,,,,,,,,,相川良彦,阿部哲也,http://www.aozora.gr.jp/cards/000129/files/53026_ruby_48091.zip,2012-07-03,ShiftJIS,JIS X 0208,0,http://www.aozora.gr.jp/cards/000129/files/53026_48141.html,2012-07-03,ShiftJIS,JIS X 0208,0
000676,百物語,ひゃくものがたり,ひやくものかたり,,,,「中央公論」1911（明治44）年10月,NDC 913,新字新仮名,なし,2000-08-09,2014-09-17,http://www.aozora.gr.jp/cards/000129/card676.html,000129,森,鴎外,もり,おうがい,もり,おうかい,Mori,Ogai,著者,1862-02-17,1922-07-09,なし,山椒大夫・高瀬舟,新潮文庫、新潮社,1968（昭和43）年5月30日、1985（昭和60）年6月10日41刷改版,1990（平成2）年5月30日第53刷,,,,,,,,,,,,,砂場清隆,松永正敏,http://www.aozora.gr.jp/cards/000129/files/676_ruby_23235.zip,2006-05-12,ShiftJIS,JIS X 0208,1,http://www.aozora.gr.jp/cards/000129/files/676_23236.html,2006-05-12,ShiftJIS,JIS X 0208,0
050910,不苦心談,ふくしんだん,ふくしんたん,,,,,NDC 914 943,新字新仮名,なし,2012-02-27,2014-09-16,http://www.aozora.gr.jp/cards/000129/card50910.html,000129,森,鴎外,もり,おうがい,もり,おうかい,Mori,Ogai,著者,1862-02-17,1922-07-09,なし,ファウスト　森鴎外全集11,ちくま文庫、筑摩書房,1996（平成8）年2月22日,2007（平成19）年6月25日第5刷,1996（平成8）年2月22日第1刷,,,,,,,,,,,,門田裕志,米田,http://www.aozora.gr.jp/cards/000129/files/50910_ruby_45862.zip,2012-01-07,ShiftJIS,JIS X 0208,0,http://www.aozora.gr.jp/cards/000129/files/50910_46740.html,2012-01-07,ShiftJIS,JIS X 0208,0
045255,普請中,ふしんちゅう,ふしんちゆう,,,,「三田文学」1910（明治43）年6月,NDC 913,新字新仮名,なし,2005-11-02,2014-09-18,http://www.aozora.gr.jp/cards/000129/card45255.html,000129,森,鴎外,もり,おうがい,もり,おうかい,Mori,Ogai,著者,1862-02-17,1922-07-09,なし,日本の文学　2　森鴎外（一）,中央公論社,1966（昭和41）年1月5日,1972（昭和47）年3月25日19版,1974（昭和49）年2月1日22版,,,,,,,,,,,,土屋隆,小林繁雄,http://www.aozora.gr.jp/cards/000129/files/45255_ruby_19719.zip,2005-10-08,ShiftJIS,JIS X 0208,0,http://www.aozora.gr.jp/cards/000129/files/45255_19786.html,2005-10-08,ShiftJIS,JIS X 0208,0
000675,二人の友,ふたりのとも,ふたりのとも,,,,「アルス」1915（大正4）年6月,NDC 913,新字新仮名,なし,1999-10-16,2014-09-17,http://www.aozora.gr.jp/cards/000129/card675.html,000129,森,鴎外,もり,おうがい,もり,おうかい,Mori,Ogai,著者,1862-02-17,1922-07-09,なし,新潮日本文学1　森鴎外集,新潮社,1971（昭和46）年8月12日,,,,,,,,,,,,,,柿澤早苗,湯地光弘,http://www.aozora.gr.jp/cards/000129/files/675_ruby_23191.zip,2006-05-09,ShiftJIS,JIS X 0208,2,http://www.aozora.gr.jp/cards/000129/files/675_23192.html,2006-05-09,ShiftJIS,JIS X 0208,0
045256,文づかい,ふみづかい,ふみつかい,,,,「新著百種　第12号」吉岡書籍店、1891（明治24）年1月28日,NDC 913,新字新仮名,なし,2005-11-06,2014-09-18,http://www.aozora.gr.jp/cards/000129/card45256.html,000129,森,鴎外,もり,おうがい,もり,おうかい,Mori,Ogai,著者,1862-02-17,1922-07-09,なし,日本の文学　2　森鴎外（一）,中央公論社,1966（昭和41）年1月5日,1972（昭和47）年3月25日19版,1974（昭和49）年2月1日22版,,,,,,,,,,,,土屋隆,小林繁雄,http://www.aozora.gr.jp/cards/000129/files/45256_ruby_19720.zip,2006-03-21,ShiftJIS,JIS X 0208,1,http://www.aozora.gr.jp/cards/000129/files/45256_19787.html,2006-03-21,ShiftJIS,JIS X 0208,1
045225,文づかひ,ふみづかい,ふみつかい,,,,「新著百種　第12号」吉岡書籍店、1891（明治24）年1月28日,NDC 913,新字旧仮名,なし,2006-04-18,2014-09-18,http://www.aozora.gr.jp/cards/000129/card45225.html,000129,森,鴎外,もり,おうがい,もり,おうかい,Mori,Ogai,著者,1862-02-17,1922-07-09,なし,舞姫・うたかたの記　他三篇,岩波書店、岩波文庫,1981（昭和56）年1月16日,1992（平成4）年3月5日第21刷,1991（平成3）年5月15日第19刷,鴎外全集第二巻,岩波書店,1971（昭和46）年12月,,,,,,,,,kompass,土屋隆,http://www.aozora.gr.jp/cards/000129/files/45225_ruby_21880.zip,2006-03-21,ShiftJIS,JIS X 0208,0,http://www.aozora.gr.jp/cards/000129/files/45225_22340.html,2006-03-21,ShiftJIS,JIS X 0208,0
049250,古い手帳から,ふるいてちょうから,ふるいてちようから,,,,「明星　第一卷第一號～第二卷第二號」1921（大正10）年11月1日～1922（大正11）年7月1日,NDC 914,旧字旧仮名,なし,2012-09-03,2014-09-16,http://www.aozora.gr.jp/cards/000129/card49250.html,000129,森,鴎外,もり,おうがい,もり,おうかい,Mori,Ogai,著者,1862-02-17,1922-07-09,なし,鴎外全集　第二十六卷,岩波書店,1973（昭和48）年12月22日,1973（昭和48）年12月22日,1973（昭和48）年12月22日,,,,,,,,,,,,岩澤秀紀,阿部哲也,http://www.aozora.gr.jp/cards/000129/files/49250_ruby_48092.zip,2012-08-07,ShiftJIS,JIS X 0208,0,http://www.aozora.gr.jp/cards/000129/files/49250_48303.html,2012-08-07,ShiftJIS,JIS X 0208,0
002396,文芸の主義,ぶんげいのしゅぎ,ふんけいのしゆき,,,,,NDC 701 901 914,新字新仮名,なし,2002-10-20,2014-09-17,http://www.aozora.gr.jp/cards/000129/card2396.html,000129,森,鴎外,もり,おうがい,もり,おうかい,Mori,Ogai,著者,1862-02-17,1922-07-09,なし,日本の名著42　夏目漱石　森鴎外,中央公論社,1974（昭和49）年9月20日,,,,,,,,,,,,,,関和広,柳沢成雄,http://www.aozora.gr.jp/cards/000129/files/2396_ruby_3993.zip,2003-06-22,ShiftJIS,JIS X 0208,2,http://www.aozora.gr.jp/cards/000129/files/2396_7058.html,2003-06-22,ShiftJIS,JIS X 0208,1
055722,蛇,へび,へひ,,,,「中央公論　第二十六年第一号」1911（明治44）年1月,NDC 913,新字新仮名,なし,2015-07-09,2015-06-09,http://www.aozora.gr.jp/cards/000129/card55722.html,000129,森,鴎外,もり,おうがい,もり,おうかい,Mori,Ogai,著者,1862-02-17,1922-07-09,なし,灰燼　かのように　森鴎外全集3,ちくま文庫、筑摩書房,1995（平成7）年8月24日,1995（平成7）年8月24日第1刷,1995（平成7）年8月24日第1刷,筑摩全集類聚版森鴎外全集第一巻,筑摩書房,1971（昭和46）年4月6日,,,,,,,,,田中陽介,noriko saito,http://www.aozora.gr.jp/cards/000129/files/55722_ruby_56838.zip,2015-06-09,ShiftJIS,JIS X 0208,0,http://www.aozora.gr.jp/cards/000129/files/55722_56886.html,2015-06-09,ShiftJIS,JIS X 0208,0
049251,翻訳に就いて,ほんやくについて,ほんやくについて,,,,「現代二十名家文章作法講話」東京萬卷堂、1914（大正3）年12月,NDC 914,旧字旧仮名,なし,2009-11-26,2014-09-21,http://www.aozora.gr.jp/cards/000129/card49251.html,000129,森,鴎外,もり,おうがい,もり,おうかい,Mori,Ogai,著者,1862-02-17,1922-07-09,なし,鴎外全集　第二十六卷,岩波書店,1973（昭和48）年12月22日,1973（昭和48）年12月22日,1973（昭和48）年12月22日　,現代二十名家文章作法講話,東京萬卷堂,1914（大正3）年12月,,,,,,,,,岩澤秀紀,染川隆俊,http://www.aozora.gr.jp/cards/000129/files/49251_txt_36151.zip,2009-10-15,ShiftJIS,JIS X 0208,0,http://www.aozora.gr.jp/cards/000129/files/49251_36953.html,2009-10-15,ShiftJIS,JIS X 0208,0
000682,舞姫,まいひめ,まいひめ,,,,「國民之友」1890（明治23）年1月,NDC 913,旧字旧仮名,なし,1997-10-08,2014-09-17,http://www.aozora.gr.jp/cards/000129/card682.html,000129,森,鴎外,もり,おうがい,もり,おうかい,Mori,Ogai,著者,1862-02-17,1922-07-09,なし,日本現代文學全集　7　森鴎外集,講談社,1962（昭和37）年1月19日,1980（昭和55）年5月26日増補改訂版第1刷,1980（昭和55）年5月26日増補改訂版第1刷,,,,,,,,,,,,青空文庫,,http://www.aozora.gr.jp/cards/000129/files/682_ruby_15413.zip,2014-06-09,ShiftJIS,JIS X 0208,1,http://www.aozora.gr.jp/cards/000129/files/682_15414.html,2014-06-09,ShiftJIS,JIS X 0208,1
002078,舞姫,まいひめ,まいひめ,,,,「國民之友」1890（明治23）年1月,NDC 913,新字旧仮名,なし,2004-08-03,2014-09-18,http://www.aozora.gr.jp/cards/000129/card2078.html,000129,森,鴎外,もり,おうがい,もり,おうかい,Mori,Ogai,著者,1862-02-17,1922-07-09,なし,現代日本文學大系　7,筑摩書房,1969（昭和44）年8月25日,1985（昭和60）年11月10日初版第15刷,1985（昭和60）年11月10日初版第15刷,,,,,,,,,,,,多羅尾伴内,蒋龍,http://www.aozora.gr.jp/cards/000129/files/2078_ruby_15898.zip,2004-06-29,ShiftJIS,JIS X 0208,0,http://www.aozora.gr.jp/cards/000129/files/2078_15963.html,2004-06-29,ShiftJIS,JIS X 0208,0
002083,みちの記,みちのき,みちのき,,,,「東京新報」1890（明治23）年8月～9月,NDC 914 915,新字新仮名,なし,2007-08-30,2014-09-21,http://www.aozora.gr.jp/cards/000129/card2083.html,000129,森,鴎外,もり,おうがい,もり,おうかい,Mori,Ogai,著者,1862-02-17,1922-07-09,なし,日本の名随筆15　旅,作品社,1983（昭和58）年9月25日,1995（平成7）年5月30日第24刷,1999（平成11）年8月25日第26刷,鴎外全集　第二二巻,岩波書店,1973（昭和48）年8月,,,,,,,,,土屋隆,noriko saito,http://www.aozora.gr.jp/cards/000129/files/2083_ruby_27447.zip,2007-07-26,ShiftJIS,JIS X 0208,0,http://www.aozora.gr.jp/cards/000129/files/2083_27758.html,2007-07-26,ShiftJIS,JIS X 0208,0
002050,空車,むなぐるま,むなくるま,,,,「東京日日新聞」「大阪毎日新聞」1916（大正5）年5月6日、7日,NDC 914,新字新仮名,なし,2005-11-10,2014-09-18,http://www.aozora.gr.jp/cards/000129/card2050.html,000129,森,鴎外,もり,おうがい,もり,おうかい,Mori,Ogai,著者,1862-02-17,1922-07-09,なし,日本の文学　2　森鴎外（一）,中央公論社,1966（昭和41）年1月5日,1972（昭和47）年3月25日19版,1974（昭和49）年2月1日22版,,,,,,,,,,,,土屋隆,小林繁雄,http://www.aozora.gr.jp/cards/000129/files/2050_ruby_19721.zip,2005-10-16,ShiftJIS,JIS X 0208,0,http://www.aozora.gr.jp/cards/000129/files/2050_19788.html,2005-10-16,ShiftJIS,JIS X 0208,0
000683,妄想,もうそう,もうそう,,,,「三田文学」1911（明治44）年3月、4月,NDC 913,新字旧仮名,なし,2000-05-16,2014-09-17,http://www.aozora.gr.jp/cards/000129/card683.html,000129,森,鴎外,もり,おうがい,もり,おうかい,Mori,Ogai,著者,1862-02-17,1922-07-09,なし,日本文学全集4　森鴎外集,筑摩書房,1970（昭和45）年11月1日,,,,,,,,,,,,,,伊藤弘道,伊藤時也,http://www.aozora.gr.jp/cards/000129/files/683_ruby_23193.zip,2006-05-10,ShiftJIS,JIS X 0208,4,http://www.aozora.gr.jp/cards/000129/files/683_23194.html,2006-05-10,ShiftJIS,JIS X 0208,0
050911,訳本ファウストについて,やくほんファウストについて,やくほんふあうすとについて,,,,,NDC 914 943,新字新仮名,なし,2012-02-27,2014-09-16,http://www.aozora.gr.jp/cards/000129/card50911.html,000129,森,鴎外,もり,おうがい,もり,おうかい,Mori,Ogai,著者,1862-02-17,1922-07-09,なし,ファウスト　森鴎外全集11,ちくま文庫、筑摩書房,1996（平成8）年2月22日,2007（平成19）年6月25日第5刷,1996（平成8）年2月22日第1刷,,,,,,,,,,,,門田裕志,米田,http://www.aozora.gr.jp/cards/000129/files/50911_ruby_45861.zip,2012-01-07,ShiftJIS,JIS X 0208,0,http://www.aozora.gr.jp/cards/000129/files/50911_46741.html,2012-01-07,ShiftJIS,JIS X 0208,0
000696,安井夫人,やすいふじん,やすいふしん,,,,「太陽」1914（大正3）年4月,NDC 913,新字新仮名,なし,1998-08-06,2014-09-17,http://www.aozora.gr.jp/cards/000129/card696.html,000129,森,鴎外,もり,おうがい,もり,おうかい,Mori,Ogai,著者,1862-02-17,1922-07-09,なし,日本の文学　3　森鴎外（二）,中央公論社,1972（昭和47）年10月20日,,,,,,,,,,,,,,真先芳秋,日隈美代子,http://www.aozora.gr.jp/cards/000129/files/696_ruby_23259.zip,2006-05-17,ShiftJIS,JIS X 0208,3,http://www.aozora.gr.jp/cards/000129/files/696_23260.html,2006-05-17,ShiftJIS,JIS X 0208,0
001117,遺言三種,ゆいごんさんしゅ,ゆいこんさんしゆ,,,,「鴎外全集」岩波書店（三通目については不明）1975（昭和50）年6月,NDC 916,新字旧仮名,なし,2000-08-19,2014-09-17,http://www.aozora.gr.jp/cards/000129/card1117.html,000129,森,鴎外,もり,おうがい,もり,おうかい,Mori,Ogai,著者,1862-02-17,1922-07-09,なし,日本の名随筆　別巻17　遺言,作品社,1992（平成4）年7月25日,,,,,,,,,,,,,,渡邉つよし,浦田伴俊,http://www.aozora.gr.jp/cards/000129/files/1117_txt_23195.zip,2006-05-10,ShiftJIS,JIS X 0208,1,http://www.aozora.gr.jp/cards/000129/files/1117_23196.html,2006-05-10,ShiftJIS,JIS X 0208,0
002077,夢,ゆめ,ゆめ,,,,「衛生新誌」1889（明治22）年9月,NDC 914,新字旧仮名,なし,2008-02-04,2014-09-21,http://www.aozora.gr.jp/cards/000129/card2077.html,000129,森,鴎外,もり,おうがい,もり,おうかい,Mori,Ogai,著者,1862-02-17,1922-07-09,なし,日本の名随筆14　夢,作品社,1984（昭和59）年1月25日,1985（昭和60）年3月30日第2刷,　,鴎外選集　第一一巻,岩波書店,1979（昭和54）年9月,,,,,,,,,土屋隆,門田裕志,http://www.aozora.gr.jp/cards/000129/files/2077_ruby_28788.zip,2008-01-15,ShiftJIS,JIS X 0208,0,http://www.aozora.gr.jp/cards/000129/files/2077_29424.html,2008-01-15,ShiftJIS,JIS X 0208,0
002079,余興,よきょう,よきよう,,,,「アルス」1915（大正4）年8月,NDC 913,新字新仮名,なし,2001-08-13,2014-09-17,http://www.aozora.gr.jp/cards/000129/card2079.html,000129,森,鴎外,もり,おうがい,もり,おうかい,Mori,Ogai,著者,1862-02-17,1922-07-09,なし,阿部一族・舞姫,新潮文庫、新潮社,1968（昭和43）年4月20日,1979（昭和54）年8月15日24刷　,1978（昭和53）年12月20日22刷,,,,,,,,,,,,j_sekikawa,しず,http://www.aozora.gr.jp/cards/000129/files/2079_ruby_23238.zip,2006-05-13,ShiftJIS,JIS X 0208,1,http://www.aozora.gr.jp/cards/000129/files/2079_23239.html,2006-05-13,ShiftJIS,JIS X 0208,0
046332,能久親王年譜,よしひさしんのうねんぷ,よしひさしんのうねんふ,,,,「能久親王事蹟」春陽堂、1908（明治41）年6月29日,NDC 288,新字旧仮名,なし,2008-04-27,2016-05-07,http://www.aozora.gr.jp/cards/000129/card46332.html,000129,森,鴎外,もり,おうがい,もり,おうかい,Mori,Ogai,著者,1862-02-17,1922-07-09,なし,鴎外歴史文学集　第一巻,岩波書店,2001（平成13）年1月30日,2001（平成13）年1月30日,2001（平成13）年1月30日,能久親王事蹟,春陽堂,1908（明治41）年6月29日,,,,,,,,,しだひろし,岩澤秀紀,http://www.aozora.gr.jp/cards/000129/files/46332_ruby_29648.zip,2016-05-07,ShiftJIS,JIS X 0208,1,http://www.aozora.gr.jp/cards/000129/files/46332_30636.html,2016-05-07,ShiftJIS,JIS X 0208,1
000684,歴史其儘と歴史離れ,れきしそのままとれきしばなれ,れきしそのままとれきしはなれ,,,,「心の花」1915（大正4）年1月,NDC 914,新字旧仮名,なし,1998-03-30,2014-09-17,http://www.aozora.gr.jp/cards/000129/card684.html,000129,森,鴎外,もり,おうがい,もり,おうかい,Mori,Ogai,著者,1862-02-17,1922-07-09,なし,ザ・鴎外　―森鴎外全小説全一冊―,第三書館,1985（昭和60）年5月1日,1992（昭和67）年8月20日第2刷,,,,,,,,,,,,,村上聡,野口英司,http://www.aozora.gr.jp/cards/000129/files/684_ruby_294.zip,2005-05-14,ShiftJIS,JIS X 0208,4,http://www.aozora.gr.jp/cards/000129/files/684_18395.html,2005-05-14,ShiftJIS,JIS X 0208,1
045272,Resignation の説,レジグナツィオーンのせつ,れしくなついおおんのせつ,,,,1909（明治42）年12月,NDC 914,新字新仮名,なし,2005-08-28,2014-09-18,http://www.aozora.gr.jp/cards/000129/card45272.html,000129,森,鴎外,もり,おうがい,もり,おうかい,Mori,Ogai,著者,1862-02-17,1922-07-09,なし,歴史其儘と歴史離れ　森鴎外全集14,ちくま文庫、筑摩書房,1996（平成8）年8月22日,1996（平成8）年8月22日第1刷,1996（平成8）年8月22日第1刷,筑摩全集類聚版森鴎外全集,筑摩書房,1971（昭和46）年4月～9月,,,,,,,,,大田一,noriko saito,http://www.aozora.gr.jp/cards/000129/files/45272_ruby_19023.zip,2005-08-19,ShiftJIS,JIS X 0208,0,http://www.aozora.gr.jp/cards/000129/files/45272_19217.html,2005-08-19,ShiftJIS,JIS X 0208,0
053713,ロビンソン・クルソオ,ロビンソン・クルソオ,ろひんそんくるそお,（序に代ふる会話）,じょにかうるかいわ,,「漂流物語ロビンソン・クルーソー」富田文陽堂、1911（明治44）年5月10日,NDC 933,旧字旧仮名,なし,2012-02-04,2014-09-16,http://www.aozora.gr.jp/cards/000129/card53713.html,000129,森,鴎外,もり,おうがい,もり,おうかい,Mori,Ogai,著者,1862-02-17,1922-07-09,なし,鴎外全集第八卷,岩波書店,1972（昭和47）年6月22日,1972（昭和47）年6月22日,1987（昭和62）年7月3日第2刷,漂流物語ロビンソン・クルーソー,富田文陽堂,1911（明治44）年5月10日,,,,,,,,,阿部哲也,米田,http://www.aozora.gr.jp/cards/000129/files/53713_txt_45670.zip,2012-01-04,ShiftJIS,JIS X 0208,0,http://www.aozora.gr.jp/cards/000129/files/53713_46707.html,2012-01-04,ShiftJIS,JIS X 0208,0
049252,私が十四五歳の時,わたしがじゅうしごさいのとき,わたしかしゆうしこさいのとき,,,,「少年世界　第十五卷第十二號」1909（明治42）年9月1日,NDC K914,旧字旧仮名,なし,2009-11-26,2014-09-21,http://www.aozora.gr.jp/cards/000129/card49252.html,000129,森,鴎外,もり,おうがい,もり,おうかい,Mori,Ogai,著者,1862-02-17,1922-07-09,なし,鴎外全集　第二十六卷,岩波書店,1973（昭和48）年12月22日,1973（昭和48）年12月22日,1973（昭和48）年12月22日　,妄人妄語,　,1915（大正4）年2月22日,,,,,,,,,岩澤秀紀,染川隆俊,http://www.aozora.gr.jp/cards/000129/files/49252_txt_36149.zip,2009-10-15,ShiftJIS,JIS X 0208,0,http://www.aozora.gr.jp/cards/000129/files/49252_36954.html,2009-10-15,ShiftJIS,JIS X 0208,0
056658,吸血鬼,きゅうけつき,,,,,「報知新聞夕刊」1930（昭和5）9月30日～1931（昭和6）3月12日,著者,新字新仮名,,2017-10-10,2018-12-02,https://www.aozora.gr.jp/cards/001779/card56658.html,001779,江戸川,乱歩,えどがわ,らんぽ,えとかわ,らんほ,Edogawa,Ranpo,著者,1894-10-21,1965-07-28,なし,江戸川乱歩全集 第6巻 魔術師,平凡社,1932（昭和7）年2月,2013（平成25）年2月20日2刷,2015（平成27）年6月25日3刷,江戸川乱歩全集 第十二巻,,,,,,,,,,,門田裕志,大久保ゆう,,,,,,https://www.aozora.gr.jp/cards/001779/files/56658_62864.html,,,,
056659,魔術師,まじゅつし,,,,,「講談倶楽部」大日本雄弁会講談社、1930（昭和5）年7月～1931（昭和6）年5月,,新字新仮名,,2022-06-26,2022-06-26,https://www.aozora.gr.jp/cards/001779/card56659.html,001779,江戸川,乱歩,えどがわ,らんぽ,えとかわ,らんほ,Edogawa,Ranpo,著者,1894-10-21,1965-07-28,なし,江戸川乱歩全集 第6巻 魔術師,平凡社,1931（昭和6）年5月,2013（平成25）年2月20日2刷,2015（平成27）年6月25日3刷,江戸川乱歩全集 第八巻,,,,,,,,,,,門田裕志,大久保ゆう,,,,,,https://www.aozora.gr.jp/cards/001779/files/56659_75917.html,,,,
056681,妖人ゴング,ようじんゴング,,,,,「少年」光文社、1957（昭和32）年1月号～12月号,,新字新仮名,,2017-12-10,2017-12-10,https://www.aozora.gr.jp/cards/001779/card56681.html,001779,江戸川,乱歩,えどがわ,らんぽ,えとかわ,らんほ,Edogawa,Ranpo,著者,1894-10-21,1965-07-28,なし,黄金豹／妖人ゴング,江戸川乱歩推理文庫、講談社,1988（昭和63）年4月8日,1988（昭和63）年4月8日第1刷,1988（昭和63）年4月8日第1刷,,,,,,,,,,,,sogo,大久保ゆう,,,,,,https://www.aozora.gr.jp/cards/001779/files/56681_63348.html,,,,
056682,魔法人形,まほうにんぎょう,,,,,「少女クラブ」1957（昭和32）年1月号～12月号,,新字新仮名,,2018-05-27,2018-05-27,https://www.aozora.gr.jp/cards/001779/card56682.html,001779,江戸川,乱歩,えどがわ,らんぽ,えとかわ,らんほ,Edogawa,Ranpo,著者,1894-10-21,1965-07-28,なし,魔法人形／サーカスの怪人,江戸川乱歩推理文庫、講談社,1988（昭和63）年5月6日,1988（昭和63）年5月6日第1刷,1988（昭和63）年5月6日第1刷,,,,,,,,,,,,sogo,大久保ゆう,,,,,,https://www.aozora.gr.jp/cards/001779/files/56682_64942.html,,,,
056683,奇面城の秘密,きめんじょうのひみつ,,,,,「少年クラブ」1958（昭和33）年1月号～12月号,,新字新仮名,,2017-10-25,2017-10-25,https://www.aozora.gr.jp/cards/001779/card56683.html,001779,江戸川,乱歩,えどがわ,らんぽ,えとかわ,らんほ,Edogawa,Ranpo,著者,1894-10-21,1965-07-28,なし,奇面城の秘密／夜光人間,江戸川乱歩推理文庫、講談社,1988（昭和63）年6月8日,1988（昭和63）年6月8日第1刷,1988（昭和63）年6月8日第1刷,,,,,,,,,,,,sogo,茅宮君子,,,,,,https://www.aozora.gr.jp/cards/001779/files/56683_63072.html,,,,
056684,夜光人間,やこうにんげん,,,,,「少年」1958（昭和33）年1月号～12月号,,新字新仮名,,2018-06-29,2018-06-29,https://www.aozora.gr.jp/cards/001779/card56684.html,001779,江戸川,乱歩,えどがわ,らんぽ,えとかわ,らんほ,Edogawa,Ranpo,著者,1894-10-21,1965-07-28,なし,奇面城の秘密／夜光人間,江戸川乱歩推理文庫、講談社,1988（昭和63）年6月8日,1988（昭和63）年6月8日第1刷,1988（昭和63）年6月8日第1刷,,,,,,,,,,,,sogo,大久保ゆう,,,,,,https://www.aozora.gr.jp/cards/001779/files/56684_65242.html,,,,
056686,探偵少年,たんていしょうねん,,,,,「読売新聞」1955（昭和30）年9月12日～12月26日,,新字新仮名,,2018-07-27,2018-07-27,https://www.aozora.gr.jp/cards/001779/card56686.html,001779,江戸川,乱歩,えどがわ,らんぽ,えとかわ,らんほ,Edogawa,Ranpo,著者,1894-10-21,1965-07-28,なし,おれは二十面相だ／妖星人Ｒ,江戸川乱歩推理文庫、講談社,1988（昭和63）年9月8日,1988（昭和63）年9月8日第1刷,1988（昭和63）年9月8日第1刷,,,,,,,,,,,,sogo,大久保ゆう,,,,,,https://www.aozora.gr.jp/cards/001779/files/56686_65473.html,,,,
056687,天空の魔人,てんくうのまじん,,,,,「少年クラブ 増刊」1956（昭和31）年1月15日,,新字新仮名,,2018-08-28,2018-08-28,https://www.aozora.gr.jp/cards/001779/card56687.html,001779,江戸川,乱歩,えどがわ,らんぽ,えとかわ,らんほ,Edogawa,Ranpo,著者,1894-10-21,1965-07-28,なし,おれは二十面相だ／妖星人Ｒ,江戸川乱歩推理文庫、講談社,1988（昭和63）年9月8日,1988（昭和63）年9月8日第1刷,1988（昭和63）年9月8日第1刷,,,,,,,,,,,,sogo,大久保ゆう,,,,,,https://www.aozora.gr.jp/cards/001779/files/56687_65751.html,,,,
056688,仮面の恐怖王,かめんのきょうふおう,,,,,「少年」光文社、1959（昭和34）年1月号～12月号,,新字新仮名,,2017-12-26,2017-12-26,https://www.aozora.gr.jp/cards/001779/card56688.html,001779,江戸川,乱歩,えどがわ,らんぽ,えとかわ,らんほ,Edogawa,Ranpo,著者,1894-10-21,1965-07-28,なし,仮面の恐怖王／電人Ｍ,江戸川乱歩推理文庫、講談社,1988（昭和63）年8月8日,1988（昭和63）年8月8日第1刷,1988（昭和63）年8月8日第1刷,,,,,,,,,,,,sogo,茅宮君子,,,,,,https://www.aozora.gr.jp/cards/001779/files/56688_63544.html,,,,
056689,電人Ｍ,でんじんエム,,,,,「少年」光文社、1960（昭和35）年1月号～12月号,,新字新仮名,,2018-01-27,2018-01-27,https://www.aozora.gr.jp/cards/001779/card56689.html,001779,江戸川,乱歩,えどがわ,らんぽ,えとかわ,らんほ,Edogawa,Ranpo,著者,1894-10-21,1965-07-28,なし,仮面の恐怖王／電人Ｍ,江戸川乱歩推理文庫、講談社,1988（昭和63）年8月8日,1988（昭和63）年8月8日第1刷,1988（昭和63）年8月8日第1刷,,,,,,,,,,,,sogo,茅宮君子,,,,,,https://www.aozora.gr.jp/cards/001779/files/56689_63891.html,,,,
056690,おれは二十面相だ,おれはにじゅうめんそうだ,,,,,「小学六年生」1960（昭和35）年4月～1961（昭和36）年3月,,新字新仮名,,2018-09-28,2018-09-28,https://www.aozora.gr.jp/cards/001779/card56690.html,001779,江戸川,乱歩,えどがわ,らんぽ,えとかわ,らんほ,Edogawa,Ranpo,著者,1894-10-21,1965-07-28,なし,おれは二十面相だ／妖星人Ｒ,江戸川乱歩推理文庫、講談社,1988（昭和63）年9月8日,1988（昭和63）年9月8日第1刷,1988（昭和63）年9月8日第1刷,,,,,,,,,,,,sogo,大久保ゆう,,,,,,https://www.aozora.gr.jp/cards/001779/files/56690_66103.html,,,,
056691,妖星人Ｒ,ようせいじんアール,,,,,「少年」光文社、1961（昭和36）年1月～3月、5月～12月,,新字新仮名,,2019-06-28,2019-06-28,https://www.aozora.gr.jp/cards/001779/card56691.html,001779,江戸川,乱歩,えどがわ,らんぽ,えとかわ,らんほ,Edogawa,Ranpo,著者,1894-10-21,1965-07-28,なし,おれは二十面相だ／妖星人Ｒ,江戸川乱歩推理文庫、講談社,1988（昭和63）年9月8日,1988（昭和63）年9月8日第1刷,1988（昭和63）年9月8日第1刷,,,,,,,,,,,,sogo,大久保ゆう,,,,,,https://www.aozora.gr.jp/cards/001779/files/56691_68508.html,,,,
057106,大金塊,だいきんかい,,,,,「少年倶楽部 第二十六巻第一号―第二十七巻第二号」大日本雄弁会講談社、1939（昭和14）年1月号～1940（昭和15）年2月号,,新字新仮名,,2018-03-26,2018-03-26,https://www.aozora.gr.jp/cards/001779/card57106.html,001779,江戸川,乱歩,えどがわ,らんぽ,えとかわ,らんほ,Edogawa,Ranpo,著者,1894-10-21,1965-07-28,なし,超人ニコラ／大金塊,江戸川乱歩推理文庫、講談社,1988（昭和63）年10月8日,1988（昭和63）年10月8日第1刷,1988（昭和63）年10月8日第1刷,,,,,,,,,,,,sogo,茅宮君子,,,,,,https://www.aozora.gr.jp/cards/001779/files/57106_64350.html,,,,
057107,超人ニコラ,ちょうじんニコラ,,,,,「少年」光文社、1962（昭和37）年1月～12月,,新字新仮名,,2018-02-25,2018-02-25,https://www.aozora.gr.jp/cards/001779/card57107.html,001779,江戸川,乱歩,えどがわ,らんぽ,えとかわ,らんほ,Edogawa,Ranpo,著者,1894-10-21,1965-07-28,なし,超人ニコラ／大金塊,江戸川乱歩推理文庫、講談社,1988（昭和63）年10月8日,1988（昭和63）年10月8日第1刷,1988（昭和63）年10月8日第1刷,,,,,,,,,,,,sogo,茅宮君子,,,,,,https://www.aozora.gr.jp/cards/001779/files/57107_64125.html,,,,
057184,疑惑,ぎわく,,,,,「写真報知」報知新聞社、1925（大正14）年9月15日、25日、10月15日,,新字新仮名,,2017-11-24,2017-11-24,https://www.aozora.gr.jp/cards/001779/card57184.html,001779,江戸川,乱歩,えどがわ,らんぽ,えとかわ,らんほ,Edogawa,Ranpo,著者,1894-10-21,1965-07-28,なし,江戸川乱歩全集 第1巻 屋根裏の散歩者,平凡社,1931（昭和6）年9月,2012（平成24）年8月15日7刷,2007（平成19）年1月30日5刷,江戸川乱歩全集 第十巻,,,,,,,,,,,門田裕志,江村秀之,,,,,,https://www.aozora.gr.jp/cards/001779/files/57184_63359.html,,,,
057189,盗難,とうなん,,,,,「写真報知」報知新聞社、1925（大正14）年5月15日,,新字新仮名,,2017-11-24,2017-11-24,https://www.aozora.gr.jp/cards/001779/card57189.html,001779,江戸川,乱歩,えどがわ,らんぽ,えとかわ,らんほ,Edogawa,Ranpo,著者,1894-10-21,1965-07-28,なし,江戸川乱歩全集 第1巻 屋根裏の散歩者,平凡社,1932（昭和7）年1月,2012（平成24）年8月15日7刷,2007（平成19）年1月30日5刷,江戸川乱歩全集 第三巻,,,,,,,,,,,門田裕志,江村秀之,,,,,,https://www.aozora.gr.jp/cards/001779/files/57189_63360.html,,,,
057241,黄金仮面,おうごんかめん,,,,,作者――江戸川乱歩氏曰く「キング」大日本雄弁会講談社、1930（昭和5）年8月号黄金仮面「キング」大日本雄弁会講談社、1930（昭和5）年9月～1931（昭和6）年10月,,新字新仮名,,2021-06-28,2021-06-28,https://www.aozora.gr.jp/cards/001779/card57241.html,001779,江戸川,乱歩,えどがわ,らんぽ,えとかわ,らんほ,Edogawa,Ranpo,著者,1894-10-21,1965-07-28,なし,江戸川乱歩全集 第7巻 黄金仮面,平凡社,1931（昭和6）年9月,2013（平成25）年11月15日3刷,2003（平成15）年9月20日初版1刷,江戸川乱歩全集 第十巻,,,,,,,,,,,門田裕志,nami,,,,,,https://www.aozora.gr.jp/cards/001779/files/57241_73705.html,,,,
057243,何者,なにもの,,,,,「時事新報 夕刊」時事新報社、1929（昭和4）年11月28日～12月29日,,新字新仮名,,2020-06-27,2020-06-27,https://www.aozora.gr.jp/cards/001779/card57243.html,001779,江戸川,乱歩,えどがわ,らんぽ,えとかわ,らんほ,Edogawa,Ranpo,著者,1894-10-21,1965-07-28,なし,江戸川乱歩全集 第7巻 黄金仮面,平凡社,1932（昭和7）年1月,2013（平成25）年11月15日3刷,2003（平成15）年9月20日初版1刷,江戸川乱歩全集 第三巻,,,,,,,,,,,門田裕志,入江幹夫,,,,,,https://www.aozora.gr.jp/cards/001779/files/57243_71307.html,,,,
057244,白髪鬼,はくはつき,,,,,「冨士」大日本雄弁会講談社、1931（昭和6）年4月～1932（昭和7）年4月,,新字新仮名,,2021-09-27,2021-09-27,https://www.aozora.gr.jp/cards/001779/card57244.html,001779,江戸川,乱歩,えどがわ,らんぽ,えとかわ,らんほ,Edogawa,Ranpo,著者,1894-10-21,1965-07-28,なし,江戸川乱歩全集 第7巻 黄金仮面,平凡社,1932（昭和7）年4月,2013（平成25）年11月15日3刷,2003（平成15）年9月20日初版1刷,江戸川乱歩全集 第十一巻,,,,,,,,,,,門田裕志,nami,,,,,,https://www.aozora.gr.jp/cards/001779/files/57244_74203.html,,,,
057245,蟲,むし,,,,,一～四「改造 第十一卷第六號 六月號」改造社、1929（昭和4）年6月1日五～十二「改造 第十一卷第七號 七月號」改造社、1929（昭和4）年7月1日,,新字新仮名,,2021-07-27,2021-07-27,https://www.aozora.gr.jp/cards/001779/card57245.html,001779,江戸川,乱歩,えどがわ,らんぽ,えとかわ,らんほ,Edogawa,Ranpo,著者,1894-10-21,1965-07-28,なし,江戸川乱歩全集 第5巻 押絵と旅する男,平凡社,1931（昭和6）年8月11日,2013（平成25）年5月5日3刷,2015（平成27）年6月25日4刷,江戸川亂歩全集 第四卷,,,,,,,,,,,門田裕志,きりんの手紙,,,,,,https://www.aozora.gr.jp/cards/001779/files/57245_73861.html,,,,
057316,自作解説,じさくかいせつ,,,,,「児童文学への招待」南北社、1965（昭和40）年7月,,新字新仮名,,2018-04-26,2018-04-26,https://www.aozora.gr.jp/cards/001779/card57316.html,001779,江戸川,乱歩,えどがわ,らんぽ,えとかわ,らんほ,Edogawa,Ranpo,著者,1894-10-21,1965-07-28,なし,江戸川乱歩全集 第23巻 怪人と少年探偵,南北社,1965（昭和40）年7月,2005（平成17）年7月20日初版1刷,2005（平成17）年7月20日初版1刷,児童文学への招待,,,,,,,,,,,sogo,きゅうり,,,,,,https://www.aozora.gr.jp/cards/001779/files/57316_64615.html,,,,
057503,陰獣,いんじゅう,,,,,「新青年」博文館、1928（昭和3）年8月増刊～10月,,新字新仮名,,2021-09-27,2021-09-27,https://www.aozora.gr.jp/cards/001779/card57503.html,001779,江戸川,乱歩,えどがわ,らんぽ,えとかわ,らんほ,Edogawa,Ranpo,著者,1894-10-21,1965-07-28,なし,江戸川乱歩全集 第3巻 陰獣,博文館,1928（昭和3）年11月,2005（平成17）年11月20日初版1刷,2005（平成17）年11月20日初版1刷,陰獣,,,,,,,,,,,金城学院大学 電子書籍制作,まつもこ,,,,,,https://www.aozora.gr.jp/cards/001779/files/57503_74223.html,,,,
057509,毒草,どくぐさ,,,,,「探偵文藝」奎運社、1926（大正15）年1月,,新字新仮名,,2018-03-26,2018-03-26,https://www.aozora.gr.jp/cards/001779/card57509.html,001779,江戸川,乱歩,えどがわ,らんぽ,えとかわ,らんほ,Edogawa,Ranpo,著者,1894-10-21,1965-07-28,なし,江戸川乱歩全集 第3巻 陰獣,春陽堂,1926（大正15）年1月,2005（平成17）年11月20日初版1刷,2009（平成21）年7月20日2刷,創作探偵小説集第二巻 屋根裏の散歩者,,,,,,,,,,,金城学院大学 電子書籍制作,門田裕志,,,,,,https://www.aozora.gr.jp/cards/001779/files/57509_64373.html,,,,
057510,灰神楽,はいかぐら,,,,,「大衆文藝」1926（大正15）年3月,,新字新仮名,,2018-03-26,2018-03-26,https://www.aozora.gr.jp/cards/001779/card57510.html,001779,江戸川,乱歩,えどがわ,らんぽ,えとかわ,らんほ,Edogawa,Ranpo,著者,1894-10-21,1965-07-28,なし,江戸川乱歩全集 第3巻 陰獣,春陽堂,1926（大正15）年9月,2005（平成17）年11月20日初版1刷,2009（平成21）年7月20日2刷,創作探偵小説集第四巻 湖畔亭事件,,,,,,,,,,,金城学院大学 電子書籍制作,門田裕志,,,,,,https://www.aozora.gr.jp/cards/001779/files/57510_64374.html,,,,
057511,人でなしの恋,ひとでなしのこい,,,,,「サンデー毎日」大阪毎日新聞社、1926（大正15）年10月1日,,新字新仮名,,2018-06-27,2018-06-27,https://www.aozora.gr.jp/cards/001779/card57511.html,001779,江戸川,乱歩,えどがわ,らんぽ,えとかわ,らんほ,Edogawa,Ranpo,著者,1894-10-21,1965-07-28,なし,江戸川乱歩全集 第3巻 陰獣,春陽堂,1926（大正15）年9月26日,2005（平成17）年11月20日初版1刷,2005（平成17）年11月20日初版1刷,創作探偵小説集第四巻,,,,,,,,,,,金城学院大学 電子書籍制作,まつもこ,,,,,,https://www.aozora.gr.jp/cards/001779/files/57511_65228.html,,,,
057512,覆面の舞踏者,ふくめんのぶとうしゃ,,,,,「婦人の国」新潮社、1926（大正15）年1～2月,,新字新仮名,,2018-07-27,2018-09-22,https://www.aozora.gr.jp/cards/001779/card57512.html,001779,江戸川,乱歩,えどがわ,らんぽ,えとかわ,らんほ,Edogawa,Ranpo,著者,1894-10-21,1965-07-28,なし,江戸川乱歩全集 第3巻 陰獣,春陽堂,1926（大正15）年9月26日,2005（平成17）年11月20日初版1刷,2005（平成17）年11月20日初版1刷,創作探偵小説集第四卷,,,,,,,,,,,金城学院大学 電子書籍制作,まつもこ,,,,,,https://www.aozora.gr.jp/cards/001779/files/57512_65498.html,,,,
057513,木馬は廻る,もくばはまわる,,,,,「探偵趣味」探偵趣味の会、1926（大正15）年10月号,,新字新仮名,,2018-07-27,2018-09-22,https://www.aozora.gr.jp/cards/001779/card57513.html,001779,江戸川,乱歩,えどがわ,らんぽ,えとかわ,らんほ,Edogawa,Ranpo,著者,1894-10-21,1965-07-28,なし,江戸川乱歩全集 第3巻 陰獣,春陽堂,1926（大正15）年9月26日,2005（平成17）年11月20日初版1刷,2005（平成17）年11月20日初版1刷,創作探偵小説集第四卷,,,,,,,,,,,金城学院大学 電子書籍制作,まつもこ,,,,,,https://www.aozora.gr.jp/cards/001779/files/57513_65499.html,,,,
057514,モノグラム,モノグラム,,,,,「新小説」春陽堂、1926（大正15）年6月,,新字新仮名,,2017-09-24,2017-09-24,https://www.aozora.gr.jp/cards/001779/card57514.html,001779,江戸川,乱歩,えどがわ,らんぽ,えとかわ,らんほ,Edogawa,Ranpo,著者,1894-10-21,1965-07-28,なし,江戸川乱歩全集 第3巻 陰獣,春陽堂,1926（大正15）年9月,2005（平成17）年11月20日初版1刷,2009（平成21）年7月20日2刷,創作探偵小説集第四巻 湖畔亭事件,,,,,,,,,,,金城学院大学 電子書籍制作,門田裕志,,,,,,https://www.aozora.gr.jp/cards/001779/files/57514_62876.html,,,,
057515,悪霊,あくりょう,,,,,「新青年」博文館、1933（昭和8）年11月～1934（昭和9）年1月,,新字新仮名,,2019-09-27,2019-09-27,https://www.aozora.gr.jp/cards/001779/card57515.html,001779,江戸川,乱歩,えどがわ,らんぽ,えとかわ,らんほ,Edogawa,Ranpo,著者,1894-10-21,1965-07-28,なし,江戸川乱歩全集 第8巻 目羅博士の不思議な犯罪,博文館,1933（昭和8）年11月～1934（昭和9）年1月,2004（平成16）年6月20日初版1刷,2004（平成16）年6月20日初版1刷,新青年,,,,,,,,,,,金城学院大学 電子書籍制作,まつもこ,,,,,,https://www.aozora.gr.jp/cards/001779/files/57515_69340.html,,,,
057516,鬼,おに,,,,,「キング」大日本雄弁会講談社、1931（昭和6）年11月、1932（昭和7）年1月～2月,,新字新仮名,,2020-09-28,2020-09-28,https://www.aozora.gr.jp/cards/001779/card57516.html,001779,江戸川,乱歩,えどがわ,らんぽ,えとかわ,らんほ,Edogawa,Ranpo,著者,1894-10-21,1965-07-28,なし,江戸川乱歩全集 第8巻 目羅博士の不思議な犯罪,平凡社,1932（昭和7）年3月,2004（平成16）年6月20日初版1刷,2004（平成16）年6月20日初版1刷,江戸川乱歩全集 第九巻,,,,,,,,,,,金城学院大学 電子書籍制作,入江幹夫,,,,,,https://www.aozora.gr.jp/cards/001779/files/57516_71931.html,,,,
057517,恐怖王,きょうふおう,,,,,「講談倶楽部」大日本雄弁会講談社、1931（昭和6）年6月～7月、9月～10月、1932（昭和7）年1月～5月,,新字新仮名,,2020-06-27,2020-06-27,https://www.aozora.gr.jp/cards/001779/card57517.html,001779,江戸川,乱歩,えどがわ,らんぽ,えとかわ,らんほ,Edogawa,Ranpo,著者,1894-10-21,1965-07-28,なし,江戸川乱歩全集 第8巻 目羅博士の不思議な犯罪,平凡社,1932（昭和7）年5月,2004（平成16）年6月20日初版1刷,2004（平成16）年6月20日初版１刷,江戸川乱歩全集 第十三巻,,,,,,,,,,,金城学院大学 電子書籍制作,入江幹夫,,,,,,https://www.aozora.gr.jp/cards/001779/files/57517_71306.html,,,,
057518,殺人迷路,さつじんめいろ,,,,,「探偵クラブ」1932（昭和7）年10月,,新字新仮名,,2018-09-28,2018-09-28,https://www.aozora.gr.jp/cards/001779/card57518.html,001779,江戸川,乱歩,えどがわ,らんぽ,えとかわ,らんほ,Edogawa,Ranpo,著者,1894-10-21,1965-07-28,なし,江戸川乱歩全集 第8巻 目羅博士の不思議な犯罪,光文社文庫、光文社,1932（昭和7）年10月,2004（平成16）年6月20日初版1刷,2004（平成16）年6月20日初版1刷,探偵クラブ,,,,,,,,,,,金城学院大学 電子書籍制作,noriko saito,,,,,,https://www.aozora.gr.jp/cards/001779/files/57518_66083.html,,,,
057519,地獄風景,じごくふうけい,,,,,「江戸川乱歩全集付録冊子 探偵趣味」平凡社、1931（昭和6）年5月10日～7月10日、9月10日～1932（昭和7）年1月8日、3月10日メリー・ゴー・ラウンド以下「江戸川乱歩全集 第十一巻」平凡社、1932（昭和7）年4月10日,,新字新仮名,,2021-07-27,2021-07-27,https://www.aozora.gr.jp/cards/001779/card57519.html,001779,江戸川,乱歩,えどがわ,らんぽ,えとかわ,らんほ,Edogawa,Ranpo,著者,1894-10-21,1965-07-28,なし,江戸川乱歩全集 第8巻 目羅博士の不思議な犯罪,平凡社,1932（昭和7）年4月10日,2004（平成16）年6月20日初版1刷,2004（平成16）年6月20日初版１刷,江戸川乱歩全集 第十一巻,,,,,,,,,,,金城学院大学 電子書籍制作,入江幹夫,,,,,,https://www.aozora.gr.jp/cards/001779/files/57519_73889.html,,,,
057520,火繩銃,ひなわじゅう,,,,,「江戸川乱歩全集 第十一巻」平凡社、1932（昭和7）年4月,,新字新仮名,,2019-02-22,2019-02-22,https://www.aozora.gr.jp/cards/001779/card57520.html,001779,江戸川,乱歩,えどがわ,らんぽ,えとかわ,らんほ,Edogawa,Ranpo,著者,1894-10-21,1965-07-28,なし,江戸川乱歩全集 第8巻 目羅博士の不思議な犯罪,光文社文庫、光文社,2004（平成16）年6月20日,2004（平成16）年6月20日初版1刷,2004（平成16）年6月20日初版1刷,,,,,,,,,,,,金城学院大学 電子書籍制作,A.K.,,,,,,https://www.aozora.gr.jp/cards/001779/files/57520_67338.html,,,,
057521,目羅博士の不思議な犯罪,めらはかせのふしぎなはんざい,,,,,「文藝倶楽部 探偵小説と滑稽小説号」博文館、1931（昭和6）年4月増刊,,新字新仮名,,2019-10-28,2019-10-28,https://www.aozora.gr.jp/cards/001779/card57521.html,001779,江戸川,乱歩,えどがわ,らんぽ,えとかわ,らんほ,Edogawa,Ranpo,著者,1894-10-21,1965-07-28,なし,江戸川乱歩全集 第8巻 目羅博士の不思議な犯罪,平凡社,1931（昭和6）年7月,2004（平成16）年6月20日初版1刷,2004（平成16）年6月20日初版1刷,江戸川乱歩全集 第五巻,,,,,,,,,,,金城学院大学 電子書籍制作,まつもこ,,,,,,https://www.aozora.gr.jp/cards/001779/files/57521_69565.html,,,,
057522,妖虫,ようちゅう,,,,,「キング」大日本雄弁会講談社、1933（昭和8）年12月～1934（昭和9）年10月,,新字新仮名,,2021-09-27,2021-09-27,https://www.aozora.gr.jp/cards/001779/card57522.html,001779,江戸川,乱歩,えどがわ,らんぽ,えとかわ,らんほ,Edogawa,Ranpo,著者,1894-10-21,1965-07-28,なし,江戸川乱歩全集 第8巻 目羅博士の不思議な犯罪,新潮社,1934（昭和9）年12月24日,2004（平成16）年6月20日初版1刷,2004（平成16）年6月20日初版１刷,黒蜥蜴・妖虫,,,,,,,,,,,金城学院大学 電子書籍制作,入江幹夫,,,,,,https://www.aozora.gr.jp/cards/001779/files/57522_74224.html,,,,
057531,偉大なる夢,いだいなるゆめ,,,,,「日の出」新潮社、1943（昭和18）年11月～1944（昭和19）年12月,,新字新仮名,,2021-09-27,2021-09-27,https://www.aozora.gr.jp/cards/001779/card57531.html,001779,江戸川,乱歩,えどがわ,らんぽ,えとかわ,らんほ,Edogawa,Ranpo,著者,1894-10-21,1965-07-28,なし,江戸川乱歩全集 第14巻 新宝島,新潮社,1943（昭和18）年11月～1944（昭和19）年12月,2004（平成16）年1月20日初版1刷,2004（平成16）年1月20日初版1刷,日の出,,,,,,,,,,,金城学院大学 電子書籍制作,入江幹夫,,,,,,https://www.aozora.gr.jp/cards/001779/files/57531_74232.html,,,,
057532,新宝島,しんたからじま,,,,,「少年倶楽部」大日本雄弁会講談社、1940（昭和15）年4月～1941（昭和16）年3月,,新字新仮名,,2021-08-28,2021-08-28,https://www.aozora.gr.jp/cards/001779/card57532.html,001779,江戸川,乱歩,えどがわ,らんぽ,えとかわ,らんほ,Edogawa,Ranpo,著者,1894-10-21,1965-07-28,なし,江戸川乱歩全集 第14巻 新宝島,大元社,1942（昭和17）年7月25日,2004（平成16）年1月20日初版1刷,2004（平成16）年1月20日初版1刷,新宝島,,,,,,,,,,,金城学院大学 電子書籍制作,入江幹夫,,,,,,https://www.aozora.gr.jp/cards/001779/files/57532_74052.html,,,,
057533,智恵の一太郎,ちえのいちたろう,,,,,象の鼻「少年倶楽部」大日本雄弁会講談社、1942（昭和17）年1月消えた足跡「少年倶楽部」大日本雄弁会講談社、1942（昭和17）年2月智恵の火「少年倶楽部」大日本雄弁会講談社、1942（昭和17）年3月名探偵「少年倶楽部」大日本雄弁会講談社、1942（昭和17）年4月空中曲芸師「少年倶楽部」大日本雄弁会講談社、1942（昭和17）年5月針の穴「少年倶楽部」大日本雄弁会講談社、1942（昭和17）年6月お雛様の花びん「少年倶楽部」大日本雄弁会講談社、1942（昭和17）年7月幼虫の曲芸「少年倶楽部」大日本雄弁会講談社、1942（昭和17）年8月冷たい火「少年倶楽部」大日本雄弁会講談社、1942（昭和17）年9月魔法眼鏡「少年倶楽部」大日本雄弁会講談社、1942（昭和17）年10月月とゴム風船「少年倶楽部」大日本雄弁会講談社、1942（昭和17）年11月兎とカタツムリ「少年倶楽部」大日本雄弁会講談社、1942（昭和17）年12月白と黒「少年倶楽部」大日本雄弁会講談社、1943（昭和18）年1月風のふしぎ「少年倶楽部」大日本雄弁会講談社、1943（昭和18）年4月飛行機を生み出すたのもしい力「少年倶楽部」大日本雄弁会講談社、1943（昭和18）年7月,,新字新仮名,,2021-08-28,2021-08-28,https://www.aozora.gr.jp/cards/001779/card57533.html,001779,江戸川,乱歩,えどがわ,らんぽ,えとかわ,らんほ,Edogawa,Ranpo,著者,1894-10-21,1965-07-28,なし,江戸川乱歩全集 第14巻 新宝島,京橋書房,1947（昭和22）年12月5日,2004（平成16）年1月20日初版1刷,2004（平成16）年1月20日初版1刷,魔法の眼鏡,,,,,,,,,,,金城学院大学 電子書籍制作,入江幹夫,,,,,,https://www.aozora.gr.jp/cards/001779/files/57533_74073.html,,,,
057849,孤島の鬼,ことうのおに,,,,,「朝日」博文館、1929（昭和4）年1月号～1930（昭和5）年2月号,,新字新仮名,,2020-09-28,2020-09-28,https://www.aozora.gr.jp/cards/001779/card57849.html,001779,江戸川,乱歩,えどがわ,らんぽ,えとかわ,らんほ,Edogawa,Ranpo,著者,1894-10-21,1965-07-28,なし,孤島の鬼 江戸川乱歩ベストセレクション⑦,光文社文庫、光文社,2003（平成15）年8月20日,2011（平成23）年6月5日4版,2010（平成22）年2月20日再版,江戸川乱歩全集 第4巻 孤島の鬼,,,,,,,,,,,岡村和彦,きりんの手紙,,,,,,https://www.aozora.gr.jp/cards/001779/files/57849_71930.html,,,,
058053,一寸法師,いっすんぼうし,,,,,「東京朝日新聞」朝日新聞社、1926（大正15）年12月8日～1927（昭和2）年2月20日「大阪朝日新聞」朝日新聞社、1926（大正15）年12月8日～1927（昭和2）年2月21日,,新字新仮名,,2017-09-24,2017-09-24,https://www.aozora.gr.jp/cards/001779/card58053.html,001779,江戸川,乱歩,えどがわ,らんぽ,えとかわ,らんほ,Edogawa,Ranpo,著者,1894-10-21,1965-07-28,なし,江戸川乱歩全集 第2巻 パノラマ島綺譚,春陽堂,1927（昭和2）年3月20日,2004（平成16）年8月20日初版1刷,2015（平成27）年8月15日6刷,創作探偵小説集第七巻,,,,,,,,,,,nami,まつもこ,,,,,,https://www.aozora.gr.jp/cards/001779/files/58053_62875.html,,,,
058170,人間豹,にんげんひょう,,,,,「講談倶楽部」大日本雄辯會講談社、1934（昭和9）年1～2月、5月～1935（昭和10）年5月,,新字新仮名,,2019-09-27,2019-09-27,https://www.aozora.gr.jp/cards/001779/card58170.html,001779,江戸川,乱歩,えどがわ,らんぽ,えとかわ,らんほ,Edogawa,Ranpo,著者,1894-10-21,1965-07-28,なし,屋根裏の散歩者,角川ホラー文庫、角川書店,1994（平成6）年4月10日,2003（平成15）年8月25日改訂17版,1994（平成6）年6月30日再版,,,,,,,,,,,,入江幹夫,nami,,,,,,https://www.aozora.gr.jp/cards/001779/files/58170_69341.html,,,,
058333,暗黒星,あんこくせい,,,,,「講談倶楽部」1939（昭和14）年1月号～12月号,,新字新仮名,,2022-09-26,2022-09-26,https://www.aozora.gr.jp/cards/001779/card58333.html,001779,江戸川,乱歩,えどがわ,らんぽ,えとかわ,らんほ,Edogawa,Ranpo,著者,1894-10-21,1965-07-28,なし,暗黒星,角川文庫、角川書店,1975（昭和50）年11月,1994（平成6）年4月10日改訂初版,1999（平成11）年2月10日9版,暗黒星,,,,,,,,,,,入江幹夫,大久保ゆう,,,,,,https://www.aozora.gr.jp/cards/001779/files/58333_76414.html,,,,
058462,断崖,だんがい,,,,,「報知新聞」報知新聞社、1950（昭和25）年3月1日～12日,,新字新仮名,,2019-02-22,2019-02-22,https://www.aozora.gr.jp/cards/001779/card58462.html,001779,江戸川,乱歩,えどがわ,らんぽ,えとかわ,らんほ,Edogawa,Ranpo,著者,1894-10-21,1965-07-28,なし,江戸川乱歩全集 第15巻 三角館の恐怖,河出書房,1951（昭和26）年5月,2004（平成16）年2月20日初版1刷,2004（平成16）年2月20日初版1刷,心理試験,,,,,,,,,,,nami,A.K.,,,,,,https://www.aozora.gr.jp/cards/001779/files/58462_67337.html,,,,
058463,月と手袋,つきとてぶくろ,,,,,「オール讀物」文藝春秋新社、1955（昭和30）年4月,,新字新仮名,,2019-10-28,2019-10-28,https://www.aozora.gr.jp/cards/001779/card58463.html,001779,江戸川,乱歩,えどがわ,らんぽ,えとかわ,らんほ,Edogawa,Ranpo,著者,1894-10-21,1965-07-28,なし,江戸川乱歩全集 第18巻 月と手袋,春陽堂,1955（昭和30）年11月,2004（平成16）年10月20日初版1刷,2004（平成16）年10月20日初版1刷,江戸川乱歩全集 第十五巻,,,,,,,,,,,nami,ニオブ,,,,,,https://www.aozora.gr.jp/cards/001779/files/58463_69566.html,,,,
058464,妻に失恋した男,つまにしつれんしたおとこ,,,,,「産業経済新聞」1957（昭和32）年10月6日、13日、20日、27日、11月3日,,新字新仮名,,2018-05-27,2018-05-27,https://www.aozora.gr.jp/cards/001779/card58464.html,001779,江戸川,乱歩,えどがわ,らんぽ,えとかわ,らんほ,Edogawa,Ranpo,著者,1894-10-21,1965-07-28,なし,江戸川乱歩全集 第21巻 ふしぎな人,桃源社,1963（昭和38）年6月,2005（平成17）年3月20日初版1刷,2005（平成17）年3月20日初版1刷,江戸川乱歩全集 第十八巻,,,,,,,,,,,nami,きゅうり,,,,,,https://www.aozora.gr.jp/cards/001779/files/58464_64920.html,,,,
058465,指,ゆび,,,,,「ヒッチコック マガジン」宝石社、1960（昭和35）年1月,,新字新仮名,,2018-05-27,2018-05-27,https://www.aozora.gr.jp/cards/001779/card58465.html,001779,江戸川,乱歩,えどがわ,らんぽ,えとかわ,らんほ,Edogawa,Ranpo,著者,1894-10-21,1965-07-28,なし,江戸川乱歩全集 第22巻 ぺてん師と空気男,桃源社,1961（昭和36）年11月,2005（平成17）年9月20日初版1刷,2005（平成17）年9月20日初版1刷,江戸川乱歩全集 第三巻,,,,,,,,,,,nami,きゅうり,,,,,,https://www.aozora.gr.jp/cards/001779/files/58465_64921.html,,,,
058467,猟奇の果,りょうきのはて,,,,,前篇 猟奇の果、後篇 白蝙蝠「文藝倶楽部」博文館、1930（昭和5）年1月～12月「猟奇の果」もうひとつの結末「猟奇の果」日正書房、1946（昭和21）年12月,,新字新仮名,,2021-06-28,2021-06-28,https://www.aozora.gr.jp/cards/001779/card58467.html,001779,江戸川,乱歩,えどがわ,らんぽ,えとかわ,らんほ,Edogawa,Ranpo,著者,1894-10-21,1965-07-28,なし,江戸川乱歩全集 第4巻 孤島の鬼,日正書房,1946（昭和21）年12月,2003（平成15）年8月20日初版1刷,2004（平成16）年7月10日2刷,猟奇の果,,,,,,,,,,,nami,入江幹夫,,,,,,https://www.aozora.gr.jp/cards/001779/files/58467_73706.html,,,,
058486,影男,かげおとこ,,,,,「面白倶楽部」1955（昭和30）年1月号～12月号,,新字新仮名,,2019-07-09,2019-07-09,https://www.aozora.gr.jp/cards/001779/card58486.html,001779,江戸川,乱歩,えどがわ,らんぽ,えとかわ,らんほ,Edogawa,Ranpo,著者,1894-10-21,1965-07-28,なし,影男,江戸川乱歩文庫、春陽堂書店,1988（昭和63）年3月10日,1993（平成5）年11月20日新装第3刷,1994（平成6）年8月20日新装第6刷,,,,,,,,,,,,入江幹夫,高橋直樹,,,,,,https://www.aozora.gr.jp/cards/001779/files/58486_68507.html,,,,
058487,畸形の天女,きけいのてんにょ,,,,,「宝石 第八巻第十一号」1953（昭和28）年10月,,新字新仮名,,2026-07-27,2026-07-30,https://www.aozora.gr.jp/cards/001779/card58487.html,001779,江戸川,乱歩,えどがわ,らんぽ,えとかわ,らんほ,Edogawa,Ranpo,著者,1894-10-21,1965-07-28,なし,江戸川乱歩全集11 化人幻戯,講談社,1970（昭和45）年2月10日,1970（昭和45）年2月10日第1刷,,,,,,,,,,,,,入江幹夫,山田順子,,,,,,https://www.aozora.gr.jp/cards/001779/files/58487_78797.html,,,,
058590,江川蘭子,えがわらんこ,,,,,「新青年」博文館、1930（昭和5）年9月,,新字新仮名,,2019-06-28,2019-06-28,https://www.aozora.gr.jp/cards/001779/card58590.html,001779,江戸川,乱歩,えどがわ,らんぽ,えとかわ,らんほ,Edogawa,Ranpo,著者,1894-10-21,1965-07-28,なし,江戸川乱歩全集 第7巻 黄金仮面,平凡社,1931（昭和6）年8月,2003（平成15）年9月20日初版1刷,2003（平成15）年9月20日初版1刷,江戸川乱歩全集 第四巻,,,,,,,,,,,入江幹夫,A.K.,,,,,,https://www.aozora.gr.jp/cards/001779/files/58590_68472.html,,,,
058699,悪霊物語,あくりょうものがたり,,,,,「講談倶楽部」講談社、1954（昭和29）年9月増刊,,新字新仮名,,2019-06-28,2019-06-28,https://www.aozora.gr.jp/cards/001779/card58699.html,001779,江戸川,乱歩,えどがわ,らんぽ,えとかわ,らんほ,Edogawa,Ranpo,著者,1894-10-21,1965-07-28,なし,江戸川乱歩全集 第17巻 化人幻戯,春陽堂,1955（昭和30）年12月,2005（平成17）年4月20日初版1刷,2005（平成17）年4月20日初版1刷,江戸川乱歩全集 第十六巻,,,,,,,,,,,入江幹夫,植松健伍,,,,,,https://www.aozora.gr.jp/cards/001779/files/58699_68471.html,,,,
059305,女妖,じょよう,,,,,「探偵実話」世文社、1954（昭和29）年1月,,新字新仮名,,2022-02-25,2022-02-25,https://www.aozora.gr.jp/cards/001779/card59305.html,001779,江戸川,乱歩,えどがわ,らんぽ,えとかわ,らんほ,Edogawa,Ranpo,著者,1894-10-21,1965-07-28,なし,江戸川乱歩全集 第16巻 透明怪人,春陽堂,1955（昭和30）年12月,2004（平成16）年4月20日初版1刷,2004（平成16）年4月20日初版1刷,江戸川乱歩全集第十六巻,,,,,,,,,,,きゅうり,入江幹夫,,,,,,https://www.aozora.gr.jp/cards/001779/files/59305_75186.html,,,,
059399,「悪霊物語」自作解説,「あくりょうものがたり」じさくかいせつ,,,,,「講談倶楽部」講談社、1954（昭和29）年9月増刊,,新字新仮名,,2019-07-01,2019-07-01,https://www.aozora.gr.jp/cards/001779/card59399.html,001779,江戸川,乱歩,えどがわ,らんぽ,えとかわ,らんほ,Edogawa,Ranpo,著者,1894-10-21,1965-07-28,なし,江戸川乱歩全集 第17巻 化人幻戯,光文社文庫、光文社,2005（平成17）年4月20日,2005（平成17）年4月20日初版1刷,2005（平成17）年4月20日初版1刷,,,,,,,,,,,,植松健伍,Juki,,,,,,https://www.aozora.gr.jp/cards/001779/files/59399_68517.html,,,,
059526,妻のこと,つまのこと,,,,,「わが夢と真実」東京創元社、1957（昭和32）年8月25日,,新字新仮名,,2023-09-19,2023-09-19,https://www.aozora.gr.jp/cards/001779/card59526.html,001779,江戸川,乱歩,えどがわ,らんぽ,えとかわ,らんほ,Edogawa,Ranpo,著者,1894-10-21,1965-07-28,なし,日本の名随筆 別巻18 質屋,講談社,1979（昭和54）年11月20日,1992（平成4）年8月25日第1刷,1992（平成4）年8月25日第1刷,江戸川乱歩全集 第二二巻,,,,,,,,,,,浦山敦子,noriko saito,,,,,,https://www.aozora.gr.jp/cards/001779/files/59526_77619.html,,,,
060174,薔薇夫人,ばらふじん,,,,,,,新字新仮名,,2022-06-26,2022-06-26,https://www.aozora.gr.jp/cards/001779/card60174.html,001779,江戸川,乱歩,えどがわ,らんぽ,えとかわ,らんほ,Edogawa,Ranpo,著者,1894-10-21,1965-07-28,なし,江戸川乱歩と13の宝石,光文社文庫、光文社,2007（平成19）年5月20日,2007（平成19）年5月20日初版1刷,2007（平成19）年5月20日初版1刷,,,,,,,,,,,,宇間比利央,持田和踏,,,,,,https://www.aozora.gr.jp/cards/001779/files/60174_75916.html,,,,
